mtllib name.mtl

v  -1019.215766 43.191477 0.000000
v  -1019.215766 43.191477 0.000000
v  -1019.215766 43.191477 0.000000
v  -1028.999358 15.512685 0.000000
v  -1028.999358 15.512685 0.000000
v  -1032.644913 -17.560303 0.000000
v  -1032.644913 -17.560303 0.000000
v  -1032.644913 -17.560303 0.000000
v  -1031.490996 -36.660626 0.000000
v  -1031.490996 -36.660626 0.000000
v  -1028.243519 -53.126241 0.000000
v  -1028.243519 -53.126241 0.000000
v  -1016.474746 -80.663228 0.000000
v  -1016.474746 -80.663228 0.000000
v  -1016.474746 -80.663228 0.000000
v  -1004.883808 -95.502247 0.000000
v  -1004.883808 -95.502247 0.000000
v  -992.596979 -104.888835 0.000000
v  -992.596979 -104.888835 0.000000
v  -962.320874 -112.538795 0.000000
v  -962.320874 -112.538795 0.000000
v  -962.320874 -112.538795 0.000000
v  -925.230107 -103.157686 0.000000
v  -925.230107 -103.157686 0.000000
v  -908.840561 -90.858967 0.000000
v  -908.840561 -90.858967 0.000000
v  -892.400236 -70.558783 0.000000
v  -892.400236 -70.558783 0.000000
v  -892.400236 -70.558783 0.000000
v  -881.897368 -51.418781 0.000000
v  -881.897368 -51.418781 0.000000
v  -874.593825 -31.863932 0.000000
v  -874.593825 -31.863932 0.000000
v  -868.719719 10.404335 0.000000
v  -868.719719 10.404335 0.000000
v  -868.719719 10.404335 0.000000
v  -870.155025 30.273234 0.000000
v  -870.155025 30.273234 0.000000
v  -873.760248 46.044198 0.000000
v  -873.760248 46.044198 0.000000
v  -885.700258 69.695176 0.000000
v  -885.700258 69.695176 0.000000
v  -885.700258 69.695176 0.000000
v  -908.025622 88.558867 0.000000
v  -908.025622 88.558867 0.000000
v  -922.199675 93.573847 0.000000
v  -922.199675 93.573847 0.000000
v  -940.142018 95.578524 0.000000
v  -940.142018 95.578524 0.000000
v  -940.142018 95.578524 0.000000
v  -959.078930 93.629820 0.000000
v  -959.078930 93.629820 0.000000
v  -976.355811 87.653183 0.000000
v  -976.355811 87.653183 0.000000
v  -976.355811 87.653183 0.000000
v  -1000.051996 70.786844 0.000000
v  -1000.051996 70.786844 0.000000
v  -1010.110859 58.724963 0.000000
v  -1010.110859 58.724963 0.000000
v  -1012.190015 -17.422825 0.000000
v  -1012.190015 -17.422825 0.000000
v  -1012.190015 -17.422825 0.000000
v  -1010.814438 4.427747 0.000000
v  -1010.814438 4.427747 0.000000
v  -1006.672108 23.392649 0.000000
v  -1006.672108 23.392649 0.000000
v  -1006.672108 23.392649 0.000000
v  -1000.590207 38.150735 0.000000
v  -1000.590207 38.150735 0.000000
v  -991.350395 52.088155 0.000000
v  -991.350395 52.088155 0.000000
v  -991.350395 52.088155 0.000000
v  -979.676244 63.866077 0.000000
v  -979.676244 63.866077 0.000000
v  -967.751513 71.456991 0.000000
v  -967.751513 71.456991 0.000000
v  -940.694706 77.420530 0.000000
v  -940.694706 77.420530 0.000000
v  -940.694706 77.420530 0.000000
v  -927.356466 75.883414 0.000000
v  -927.356466 75.883414 0.000000
v  -916.824923 71.926338 0.000000
v  -916.824923 71.926338 0.000000
v  -900.410096 56.776233 0.000000
v  -900.410096 56.776233 0.000000
v  -900.410096 56.776233 0.000000
v  -892.447433 39.067059 0.000000
v  -892.447433 39.067059 0.000000
v  -890.023673 27.028645 0.000000
v  -890.023673 27.028645 0.000000
v  -889.108314 11.507222 0.000000
v  -889.108314 11.507222 0.000000
v  -889.108314 11.507222 0.000000
v  -891.039915 -11.499041 0.000000
v  -891.039915 -11.499041 0.000000
v  -896.654982 -33.938607 0.000000
v  -896.654982 -33.938607 0.000000
v  -896.654982 -33.938607 0.000000
v  -904.150691 -51.844577 0.000000
v  -904.150691 -51.844577 0.000000
v  -913.399739 -67.028212 0.000000
v  -913.399739 -67.028212 0.000000
v  -913.399739 -67.028212 0.000000
v  -923.445536 -78.565561 0.000000
v  -923.445536 -78.565561 0.000000
v  -934.493495 -87.129275 0.000000
v  -934.493495 -87.129275 0.000000
v  -934.493495 -87.129275 0.000000
v  -947.043090 -92.792927 0.000000
v  -947.043090 -92.792927 0.000000
v  -960.938617 -94.782684 0.000000
v  -960.938617 -94.782684 0.000000
v  -960.938617 -94.782684 0.000000
v  -971.967231 -93.523296 0.000000
v  -971.967231 -93.523296 0.000000
v  -981.311032 -89.823796 0.000000
v  -981.311032 -89.823796 0.000000
v  -981.311032 -89.823796 0.000000
v  -994.581635 -78.656774 0.000000
v  -994.581635 -78.656774 0.000000
v  -1000.524170 -69.990494 0.000000
v  -1000.524170 -69.990494 0.000000
v  -1006.077119 -57.956709 0.000000
v  -1006.077119 -57.956709 0.000000
v  -1006.077119 -57.956709 0.000000
v  -1010.659073 -40.385729 0.000000
v  -1010.659073 -40.385729 0.000000
v  -844.949647 -87.818078 0.000000
v  -844.949647 -87.818078 0.000000
v  -844.949647 -87.818078 0.000000
v  -848.806915 -108.482045 0.000000
v  -848.806915 -108.482045 0.000000
v  -848.806915 -108.482045 0.000000
v  -826.076559 -108.482045 0.000000
v  -826.076559 -108.482045 0.000000
v  -826.076559 -108.482045 0.000000
v  -824.974472 -89.608954 0.000000
v  -824.974472 -89.608954 0.000000
v  -824.974472 -89.608954 0.000000
v  -823.746113 -76.555524 0.000000
v  -823.746113 -76.555524 0.000000
v  -821.530483 -59.715080 0.000000
v  -821.530483 -59.715080 0.000000
v  -821.530483 -59.715080 0.000000
v  -817.122158 -30.372246 0.000000
v  -817.122158 -30.372246 0.000000
v  -817.122158 -30.372246 0.000000
v  -815.637929 -21.918786 0.000000
v  -815.637929 -21.918786 0.000000
v  -813.503697 -12.301476 0.000000
v  -813.503697 -12.301476 0.000000
v  -813.503697 -12.301476 0.000000
v  -809.303948 -0.006477 0.000000
v  -809.303948 -0.006477 0.000000
v  -804.419691 8.193857 0.000000
v  -804.419691 8.193857 0.000000
v  -793.044808 17.630609 0.000000
v  -793.044808 17.630609 0.000000
v  -793.044808 17.630609 0.000000
v  -786.952283 19.732923 0.000000
v  -786.952283 19.732923 0.000000
v  -780.203206 20.411814 0.000000
v  -780.203206 20.411814 0.000000
v  -780.203206 20.411814 0.000000
v  -773.889327 19.739027 0.000000
v  -773.889327 19.739027 0.000000
v  -768.490367 18.011702 0.000000
v  -768.490367 18.011702 0.000000
v  -759.355395 11.423088 0.000000
v  -759.355395 11.423088 0.000000
v  -759.355395 11.423088 0.000000
v  -754.645450 3.480139 0.000000
v  -754.645450 3.480139 0.000000
v  -753.131664 -2.402911 0.000000
v  -753.131664 -2.402911 0.000000
v  -752.512830 -10.395109 0.000000
v  -752.512830 -10.395109 0.000000
v  -752.512830 -10.395109 0.000000
v  -752.762242 -19.224610 0.000000
v  -752.762242 -19.224610 0.000000
v  -753.339390 -24.724095 0.000000
v  -753.339390 -24.724095 0.000000
v  -753.339390 -24.724095 0.000000
v  -756.370099 -45.250301 0.000000
v  -756.370099 -45.250301 0.000000
v  -756.370099 -45.250301 0.000000
v  -762.018238 -83.272004 0.000000
v  -762.018238 -83.272004 0.000000
v  -762.018238 -83.272004 0.000000
v  -765.186723 -108.482045 0.000000
v  -765.186723 -108.482045 0.000000
v  -765.186723 -108.482045 0.000000
v  -744.522765 -108.482045 0.000000
v  -744.522765 -108.482045 0.000000
v  -744.522765 -108.482045 0.000000
v  -744.109486 -96.910223 0.000000
v  -744.109486 -96.910223 0.000000
v  -744.109486 -96.910223 0.000000
v  -741.342468 -63.131825 0.000000
v  -741.342468 -63.131825 0.000000
v  -735.795590 -24.572078 0.000000
v  -735.795590 -24.572078 0.000000
v  -735.795590 -24.572078 0.000000
v  -734.078768 -15.630616 0.000000
v  -734.078768 -15.630616 0.000000
v  -732.009625 -7.497416 0.000000
v  -732.009625 -7.497416 0.000000
v  -732.009625 -7.497416 0.000000
v  -725.989868 6.143213 0.000000
v  -725.989868 6.143213 0.000000
v  -718.950368 13.983640 0.000000
v  -718.950368 13.983640 0.000000
v  -699.337091 20.384303 0.000000
v  -699.337091 20.384303 0.000000
v  -699.337091 20.384303 0.000000
v  -690.513669 19.090282 0.000000
v  -690.513669 19.090282 0.000000
v  -682.405025 14.934350 0.000000
v  -682.405025 14.934350 0.000000
v  -682.405025 14.934350 0.000000
v  -674.970776 5.780283 0.000000
v  -674.970776 5.780283 0.000000
v  -672.659788 -1.354222 0.000000
v  -672.659788 -1.354222 0.000000
v  -671.741041 -11.635482 0.000000
v  -671.741041 -11.635482 0.000000
v  -671.741041 -11.635482 0.000000
v  -672.147672 -21.541954 0.000000
v  -672.147672 -21.541954 0.000000
v  -673.163187 -30.647768 0.000000
v  -673.163187 -30.647768 0.000000
v  -673.163187 -30.647768 0.000000
v  -679.637909 -74.455377 0.000000
v  -679.637909 -74.455377 0.000000
v  -679.637909 -74.455377 0.000000
v  -684.046209 -108.482045 0.000000
v  -684.046209 -108.482045 0.000000
v  -684.046209 -108.482045 0.000000
v  -663.106723 -108.482045 0.000000
v  -663.106723 -108.482045 0.000000
v  -663.106723 -108.482045 0.000000
v  -661.591356 -89.333435 0.000000
v  -661.591356 -89.333435 0.000000
v  -661.591356 -89.333435 0.000000
v  -660.059615 -73.717848 0.000000
v  -660.059615 -73.717848 0.000000
v  -658.147367 -59.164042 0.000000
v  -658.147367 -59.164042 0.000000
v  -658.147367 -59.164042 0.000000
v  -654.152347 -31.198805 0.000000
v  -654.152347 -31.198805 0.000000
v  -654.152347 -31.198805 0.000000
v  -652.873529 -18.530308 0.000000
v  -652.873529 -18.530308 0.000000
v  -652.547562 -7.919915 0.000000
v  -652.547562 -7.919915 0.000000
v  -652.547562 -7.919915 0.000000
v  -653.510911 2.946780 0.000000
v  -653.510911 2.946780 0.000000
v  -655.857231 11.448598 0.000000
v  -655.857231 11.448598 0.000000
v  -663.848276 24.268332 0.000000
v  -663.848276 24.268332 0.000000
v  -663.848276 24.268332 0.000000
v  -678.094674 34.442252 0.000000
v  -678.094674 34.442252 0.000000
v  -686.052037 36.928578 0.000000
v  -686.052037 36.928578 0.000000
v  -695.204760 37.818841 0.000000
v  -695.204760 37.818841 0.000000
v  -695.204760 37.818841 0.000000
v  -707.690306 36.399574 0.000000
v  -707.690306 36.399574 0.000000
v  -718.233688 32.487339 0.000000
v  -718.233688 32.487339 0.000000
v  -735.981644 16.603839 0.000000
v  -735.981644 16.603839 0.000000
v  -735.981644 16.603839 0.000000
v  -739.287882 11.920012 0.000000
v  -739.287882 11.920012 0.000000
v  -739.287882 11.920012 0.000000
v  -741.629808 16.603839 0.000000
v  -741.629808 16.603839 0.000000
v  -741.629808 16.603839 0.000000
v  -748.414943 26.286533 0.000000
v  -748.414943 26.286533 0.000000
v  -756.085615 32.528087 0.000000
v  -756.085615 32.528087 0.000000
v  -776.757983 37.743470 0.000000
v  -776.757983 37.743470 0.000000
v  -776.757983 37.743470 0.000000
v  -787.221482 36.659147 0.000000
v  -787.221482 36.659147 0.000000
v  -795.786878 33.850818 0.000000
v  -795.786878 33.850818 0.000000
v  -809.545373 23.354066 0.000000
v  -809.545373 23.354066 0.000000
v  -809.545373 23.354066 0.000000
v  -815.744568 16.052796 0.000000
v  -815.744568 16.052796 0.000000
v  -815.744568 16.052796 0.000000
v  -817.673190 28.588937 0.000000
v  -817.673190 28.588937 0.000000
v  -817.673190 28.588937 0.000000
v  -819.050805 35.890207 0.000000
v  -819.050805 35.890207 0.000000
v  -819.050805 35.890207 0.000000
v  -836.270774 33.686057 0.000000
v  -836.270774 33.686057 0.000000
v  -836.270774 33.686057 0.000000
v  -834.755407 25.833743 0.000000
v  -834.755407 25.833743 0.000000
v  -834.755407 25.833743 0.000000
v  -833.239273 13.933122 0.000000
v  -833.239273 13.933122 0.000000
v  -832.878575 4.894797 0.000000
v  -832.878575 4.894797 0.000000
v  -832.878575 4.894797 0.000000
v  -834.321950 -17.788683 0.000000
v  -834.321950 -17.788683 0.000000
v  -839.163732 -53.102614 0.000000
v  -839.163732 -53.102614 0.000000
v  -839.163732 -53.102614 0.000000
v  -599.186178 35.063648 0.000000
v  -599.186178 35.063648 0.000000
v  -599.186178 35.063648 0.000000
v  -602.354664 17.705914 0.000000
v  -602.354664 17.705914 0.000000
v  -602.354664 17.705914 0.000000
v  -596.293245 18.670238 0.000000
v  -596.293245 18.670238 0.000000
v  -596.293245 18.670238 0.000000
v  -582.941058 20.086396 0.000000
v  -582.941058 20.086396 0.000000
v  -573.150198 20.398072 0.000000
v  -573.150198 20.398072 0.000000
v  -573.150198 20.398072 0.000000
v  -568.407364 20.247049 0.000000
v  -568.407364 20.247049 0.000000
v  -564.301061 19.912584 0.000000
v  -564.301061 19.912584 0.000000
v  -560.727802 19.434403 0.000000
v  -560.727802 19.434403 0.000000
v  -557.602865 18.842889 0.000000
v  -557.602865 18.842889 0.000000
v  -554.856631 18.161090 0.000000
v  -554.856631 18.161090 0.000000
v  -552.431686 17.406259 0.000000
v  -552.431686 17.406259 0.000000
v  -550.280554 16.591039 0.000000
v  -550.280554 16.591039 0.000000
v  -548.363877 15.724370 0.000000
v  -548.363877 15.724370 0.000000
v  -546.117370 14.498667 0.000000
v  -546.117370 14.498667 0.000000
v  -544.167720 13.199138 0.000000
v  -544.167720 13.199138 0.000000
v  -542.466337 11.826841 0.000000
v  -542.466337 11.826841 0.000000
v  -540.975843 10.377528 0.000000
v  -540.975843 10.377528 0.000000
v  -539.668164 8.842202 0.000000
v  -539.668164 8.842202 0.000000
v  -538.523215 7.207319 0.000000
v  -538.523215 7.207319 0.000000
v  -537.528110 5.454656 0.000000
v  -537.528110 5.454656 0.000000
v  -536.676840 3.560863 0.000000
v  -536.676840 3.560863 0.000000
v  -535.970407 1.496686 0.000000
v  -535.970407 1.496686 0.000000
v  -535.417447 -0.774175 0.000000
v  -535.417447 -0.774175 0.000000
v  -535.035398 -3.296663 0.000000
v  -535.035398 -3.296663 0.000000
v  -534.852354 -6.126529 0.000000
v  -534.852354 -6.126529 0.000000
v  -534.852354 -6.126529 0.000000
v  -535.816665 -15.218669 0.000000
v  -535.816665 -15.218669 0.000000
v  -535.816665 -15.218669 0.000000
v  -539.260654 -14.805389 0.000000
v  -539.260654 -14.805389 0.000000
v  -539.260654 -14.805389 0.000000
v  -550.072947 -13.852835 0.000000
v  -550.072947 -13.852835 0.000000
v  -559.511381 -13.565550 0.000000
v  -559.511381 -13.565550 0.000000
v  -559.511381 -13.565550 0.000000
v  -570.307208 -14.042873 0.000000
v  -570.307208 -14.042873 0.000000
v  -580.575215 -15.429136 0.000000
v  -580.575215 -15.429136 0.000000
v  -580.575215 -15.429136 0.000000
v  -591.895146 -18.381910 0.000000
v  -591.895146 -18.381910 0.000000
v  -601.182018 -22.489042 0.000000
v  -601.182018 -22.489042 0.000000
v  -615.713780 -33.957221 0.000000
v  -615.713780 -33.957221 0.000000
v  -615.713780 -33.957221 0.000000
v  -622.408739 -42.833585 0.000000
v  -622.408739 -42.833585 0.000000
v  -626.821422 -51.682130 0.000000
v  -626.821422 -51.682130 0.000000
v  -630.247727 -70.735272 0.000000
v  -630.247727 -70.735272 0.000000
v  -630.247727 -70.735272 0.000000
v  -629.326524 -80.430219 0.000000
v  -629.326524 -80.430219 0.000000
v  -626.982306 -88.275470 0.000000
v  -626.982306 -88.275470 0.000000
v  -618.300444 -101.007598 0.000000
v  -618.300444 -101.007598 0.000000
v  -618.300444 -101.007598 0.000000
v  -605.207858 -109.548551 0.000000
v  -605.207858 -109.548551 0.000000
v  -597.415339 -111.766312 0.000000
v  -597.415339 -111.766312 0.000000
v  -588.165941 -112.548232 0.000000
v  -588.165941 -112.548232 0.000000
v  -588.165941 -112.548232 0.000000
v  -578.359395 -111.611210 0.000000
v  -578.359395 -111.611210 0.000000
v  -569.304229 -109.004081 0.000000
v  -569.304229 -109.004081 0.000000
v  -552.485602 -98.425581 0.000000
v  -552.485602 -98.425581 0.000000
v  -552.485602 -98.425581 0.000000
v  -545.046569 -91.675351 0.000000
v  -545.046569 -91.675351 0.000000
v  -545.046569 -91.675351 0.000000
v  -545.322121 -101.869575 0.000000
v  -545.322121 -101.869575 0.000000
v  -545.322121 -101.869575 0.000000
v  -544.908817 -108.482045 0.000000
v  -544.908817 -108.482045 0.000000
v  -544.908817 -108.482045 0.000000
v  -528.377631 -108.482045 0.000000
v  -528.377631 -108.482045 0.000000
v  -528.377631 -108.482045 0.000000
v  -528.102128 -92.226390 0.000000
v  -528.102128 -92.226390 0.000000
v  -528.102128 -92.226390 0.000000
v  -526.147068 -68.541611 0.000000
v  -526.147068 -68.541611 0.000000
v  -522.316212 -41.117511 0.000000
v  -522.316212 -41.117511 0.000000
v  -522.316212 -41.117511 0.000000
v  -519.009975 -20.178025 0.000000
v  -519.009975 -20.178025 0.000000
v  -519.009975 -20.178025 0.000000
v  -518.305001 -12.043048 0.000000
v  -518.305001 -12.043048 0.000000
v  -518.068497 -5.301383 0.000000
v  -518.068497 -5.301383 0.000000
v  -518.068497 -5.301383 0.000000
v  -522.114675 14.684994 0.000000
v  -522.114675 14.684994 0.000000
v  -532.081080 27.105853 0.000000
v  -532.081080 27.105853 0.000000
v  -550.987778 35.536336 0.000000
v  -550.987778 35.536336 0.000000
v  -550.987778 35.536336 0.000000
v  -560.993238 37.263673 0.000000
v  -560.993238 37.263673 0.000000
v  -570.532155 37.818841 0.000000
v  -570.532155 37.818841 0.000000
v  -570.532155 37.818841 0.000000
v  -582.133719 37.345968 0.000000
v  -582.133719 37.345968 0.000000
v  -594.089071 35.890207 0.000000
v  -594.089071 35.890207 0.000000
v  -594.089071 35.890207 0.000000
v  -538.158591 -32.576402 0.000000
v  -538.158591 -32.576402 0.000000
v  -538.158591 -32.576402 0.000000
v  -539.260654 -42.081828 0.000000
v  -539.260654 -42.081828 0.000000
v  -539.260654 -42.081828 0.000000
v  -540.705884 -50.670553 0.000000
v  -540.705884 -50.670553 0.000000
v  -542.794135 -59.414602 0.000000
v  -542.794135 -59.414602 0.000000
v  -542.794135 -59.414602 0.000000
v  -548.671955 -73.612078 0.000000
v  -548.671955 -73.612078 0.000000
v  -557.059995 -84.344818 0.000000
v  -557.059995 -84.344818 0.000000
v  -557.059995 -84.344818 0.000000
v  -563.179087 -89.302300 0.000000
v  -563.179087 -89.302300 0.000000
v  -569.389584 -92.619089 0.000000
v  -569.389584 -92.619089 0.000000
v  -583.067405 -95.331675 0.000000
v  -583.067405 -95.331675 0.000000
v  -583.067405 -95.331675 0.000000
v  -589.709167 -94.790628 0.000000
v  -589.709167 -94.790628 0.000000
v  -595.005757 -93.289440 0.000000
v  -595.005757 -93.289440 0.000000
v  -603.216012 -87.852631 0.000000
v  -603.216012 -87.852631 0.000000
v  -603.216012 -87.852631 0.000000
v  -608.618073 -79.566146 0.000000
v  -608.618073 -79.566146 0.000000
v  -610.193440 -74.128422 0.000000
v  -610.193440 -74.128422 0.000000
v  -610.867147 -67.155933 0.000000
v  -610.867147 -67.155933 0.000000
v  -610.867147 -67.155933 0.000000
v  -606.537718 -50.205209 0.000000
v  -606.537718 -50.205209 0.000000
v  -601.094654 -43.718532 0.000000
v  -601.094654 -43.718532 0.000000
v  -592.302419 -37.802950 0.000000
v  -592.302419 -37.802950 0.000000
v  -592.302419 -37.802950 0.000000
v  -578.538024 -33.054774 0.000000
v  -578.538024 -33.054774 0.000000
v  -556.482240 -31.023293 0.000000
v  -556.482240 -31.023293 0.000000
v  -556.482240 -31.023293 0.000000
v  -548.228834 -31.198752 0.000000
v  -548.228834 -31.198752 0.000000
v  -542.842443 -31.749843 0.000000
v  -542.842443 -31.749843 0.000000
v  -542.842443 -31.749843 0.000000
v  -489.253889 -82.996484 0.000000
v  -489.253889 -82.996484 0.000000
v  -489.253889 -82.996484 0.000000
v  -494.213245 -108.482045 0.000000
v  -494.213245 -108.482045 0.000000
v  -494.213245 -108.482045 0.000000
v  -471.896144 -108.482045 0.000000
v  -471.896144 -108.482045 0.000000
v  -471.896144 -108.482045 0.000000
v  -470.656329 -91.675351 0.000000
v  -470.656329 -91.675351 0.000000
v  -470.656329 -91.675351 0.000000
v  -468.727659 -70.322584 0.000000
v  -468.727659 -70.322584 0.000000
v  -468.727659 -70.322584 0.000000
v  -464.732614 -33.540719 0.000000
v  -464.732614 -33.540719 0.000000
v  -464.732614 -33.540719 0.000000
v  -462.252936 -15.907471 0.000000
v  -462.252936 -15.907471 0.000000
v  -462.252936 -15.907471 0.000000
v  -461.310836 -9.983788 0.000000
v  -461.310836 -9.983788 0.000000
v  -459.405821 -2.491838 0.000000
v  -459.405821 -2.491838 0.000000
v  -459.405821 -2.491838 0.000000
v  -452.662552 9.809436 0.000000
v  -452.662552 9.809436 0.000000
v  -441.315043 17.460796 0.000000
v  -441.315043 17.460796 0.000000
v  -421.200524 20.461108 0.000000
v  -421.200524 20.461108 0.000000
v  -421.200524 20.461108 0.000000
v  -411.281861 20.185592 0.000000
v  -411.281861 20.185592 0.000000
v  -411.281861 20.185592 0.000000
v  -409.904246 37.543325 0.000000
v  -409.904246 37.543325 0.000000
v  -409.904246 37.543325 0.000000
v  -414.450297 37.818841 0.000000
v  -414.450297 37.818841 0.000000
v  -414.450297 37.818841 0.000000
v  -428.947938 36.329066 0.000000
v  -428.947938 36.329066 0.000000
v  -440.397084 32.853814 0.000000
v  -440.397084 32.853814 0.000000
v  -458.120188 20.736636 0.000000
v  -458.120188 20.736636 0.000000
v  -458.120188 20.736636 0.000000
v  -461.839681 16.879355 0.000000
v  -461.839681 16.879355 0.000000
v  -461.839681 16.879355 0.000000
v  -462.941744 27.624626 0.000000
v  -462.941744 27.624626 0.000000
v  -462.941744 27.624626 0.000000
v  -464.319359 35.890207 0.000000
v  -464.319359 35.890207 0.000000
v  -464.319359 35.890207 0.000000
v  -482.228111 33.686057 0.000000
v  -482.228111 33.686057 0.000000
v  -482.228111 33.686057 0.000000
v  -480.712793 25.007184 0.000000
v  -480.712793 25.007184 0.000000
v  -480.712793 25.007184 0.000000
v  -479.472242 13.791282 0.000000
v  -479.472242 13.791282 0.000000
v  -479.135291 2.553536 0.000000
v  -479.135291 2.553536 0.000000
v  -479.135291 2.553536 0.000000
v  -479.373209 -7.618507 0.000000
v  -479.373209 -7.618507 0.000000
v  -480.299489 -19.213702 0.000000
v  -480.299489 -19.213702 0.000000
v  -480.299489 -19.213702 0.000000
v  -482.916918 -40.979753 0.000000
v  -482.916918 -40.979753 0.000000
v  -482.916918 -40.979753 0.000000
v  -485.145081 -57.150645 0.000000
v  -485.145081 -57.150645 0.000000
v  -487.204376 -71.149348 0.000000
v  -487.204376 -71.149348 0.000000
v  -313.334608 -84.236323 0.000000
v  -313.334608 -84.236323 0.000000
v  -313.334608 -84.236323 0.000000
v  -318.707268 -108.482045 0.000000
v  -318.707268 -108.482045 0.000000
v  -318.707268 -108.482045 0.000000
v  -222.275432 -108.482045 0.000000
v  -222.275432 -108.482045 0.000000
v  -222.275432 -108.482045 0.000000
v  -218.418187 -90.297754 0.000000
v  -218.418187 -90.297754 0.000000
v  -218.418187 -90.297754 0.000000
v  -235.362580 -91.675351 0.000000
v  -235.362580 -91.675351 0.000000
v  -235.362580 -91.675351 0.000000
v  -245.553742 -92.220745 0.000000
v  -245.553742 -92.220745 0.000000
v  -258.643992 -92.364151 0.000000
v  -258.643992 -92.364151 0.000000
v  -258.643992 -92.364151 0.000000
v  -294.323793 -92.364151 0.000000
v  -294.323793 -92.364151 0.000000
v  -294.323793 -92.364151 0.000000
v  -291.981867 -77.623853 0.000000
v  -291.981867 -77.623853 0.000000
v  -291.981867 -77.623853 0.000000
v  -284.680585 -23.484256 0.000000
v  -284.680585 -23.484256 0.000000
v  -284.680585 -23.484256 0.000000
v  -282.338659 -7.228604 0.000000
v  -282.338659 -7.228604 0.000000
v  -282.338659 -7.228604 0.000000
v  -256.715370 -7.641884 0.000000
v  -256.715370 -7.641884 0.000000
v  -256.715370 -7.641884 0.000000
v  -231.092032 -8.055163 0.000000
v  -231.092032 -8.055163 0.000000
v  -231.092032 -8.055163 0.000000
v  -213.045479 -9.295002 0.000000
v  -213.045479 -9.295002 0.000000
v  -213.045479 -9.295002 0.000000
v  -209.188235 10.955688 0.000000
v  -209.188235 10.955688 0.000000
v  -209.188235 10.955688 0.000000
v  -217.729331 9.440334 0.000000
v  -217.729331 9.440334 0.000000
v  -217.729331 9.440334 0.000000
v  -226.743056 8.738772 0.000000
v  -226.743056 8.738772 0.000000
v  -239.770928 8.613774 0.000000
v  -239.770928 8.613774 0.000000
v  -239.770928 8.613774 0.000000
v  -280.134534 8.889290 0.000000
v  -280.134534 8.889290 0.000000
v  -280.134534 8.889290 0.000000
v  -278.343663 23.354066 0.000000
v  -278.343663 23.354066 0.000000
v  -278.343663 23.354066 0.000000
v  -273.246556 62.753372 0.000000
v  -273.246556 62.753372 0.000000
v  -273.246556 62.753372 0.000000
v  -271.593437 75.427265 0.000000
v  -271.593437 75.427265 0.000000
v  -271.593437 75.427265 0.000000
v  -227.923546 75.151749 0.000000
v  -227.923546 75.151749 0.000000
v  -227.923546 75.151749 0.000000
v  -211.805713 74.600705 0.000000
v  -211.805713 74.600705 0.000000
v  -211.805713 74.600705 0.000000
v  -199.545027 73.360866 0.000000
v  -199.545027 73.360866 0.000000
v  -199.545027 73.360866 0.000000
v  -198.443012 91.545159 0.000000
v  -198.443012 91.545159 0.000000
v  -198.443012 91.545159 0.000000
v  -293.772738 91.545159 0.000000
v  -293.772738 91.545159 0.000000
v  -293.772738 91.545159 0.000000
v  -293.497234 70.192393 0.000000
v  -293.497234 70.192393 0.000000
v  -293.497234 70.192393 0.000000
v  -294.045386 60.636654 0.000000
v  -294.045386 60.636654 0.000000
v  -295.182656 48.115865 0.000000
v  -295.182656 48.115865 0.000000
v  -296.899181 32.630714 0.000000
v  -296.899181 32.630714 0.000000
v  -299.186126 14.182085 0.000000
v  -299.186126 14.182085 0.000000
v  -302.035031 -7.229055 0.000000
v  -302.035031 -7.229055 0.000000
v  -302.035031 -7.229055 0.000000
v  -302.807620 -12.891202 0.000000
v  -302.807620 -12.891202 0.000000
v  -303.551815 -18.354428 0.000000
v  -303.551815 -18.354428 0.000000
v  -304.268391 -23.618619 0.000000
v  -304.268391 -23.618619 0.000000
v  -304.958126 -28.683665 0.000000
v  -304.958126 -28.683665 0.000000
v  -305.621797 -33.549462 0.000000
v  -305.621797 -33.549462 0.000000
v  -306.260181 -38.215910 0.000000
v  -306.260181 -38.215910 0.000000
v  -306.874058 -42.682912 0.000000
v  -306.874058 -42.682912 0.000000
v  -307.464207 -46.950378 0.000000
v  -307.464207 -46.950378 0.000000
v  -308.031409 -51.018221 0.000000
v  -308.031409 -51.018221 0.000000
v  -308.576446 -54.886360 0.000000
v  -308.576446 -54.886360 0.000000
v  -309.100098 -58.554716 0.000000
v  -309.100098 -58.554716 0.000000
v  -309.603152 -62.023216 0.000000
v  -309.603152 -62.023216 0.000000
v  -310.086391 -65.291792 0.000000
v  -310.086391 -65.291792 0.000000
v  -310.550604 -68.360381 0.000000
v  -310.550604 -68.360381 0.000000
v  -310.996582 -71.228921 0.000000
v  -310.996582 -71.228921 0.000000
v  -311.425119 -73.897357 0.000000
v  -311.425119 -73.897357 0.000000
v  -311.837015 -76.365639 0.000000
v  -311.837015 -76.365639 0.000000
v  -312.233080 -78.633719 0.000000
v  -312.233080 -78.633719 0.000000
v  -312.614134 -80.701553 0.000000
v  -312.614134 -80.701553 0.000000
v  -312.981019 -82.569100 0.000000
v  -312.981019 -82.569100 0.000000
v  -189.764067 -87.129278 0.000000
v  -189.764067 -87.129278 0.000000
v  -189.764067 -87.129278 0.000000
v  -192.106042 -105.038050 0.000000
v  -192.106042 -105.038050 0.000000
v  -192.106042 -105.038050 0.000000
v  -180.809715 -108.206525 0.000000
v  -180.809715 -108.206525 0.000000
v  -180.809715 -108.206525 0.000000
v  -162.894077 -111.536525 0.000000
v  -162.894077 -111.536525 0.000000
v  -145.543521 -112.562418 0.000000
v  -145.543521 -112.562418 0.000000
v  -145.543521 -112.562418 0.000000
v  -129.372452 -111.357841 0.000000
v  -129.372452 -111.357841 0.000000
v  -117.244158 -108.495570 0.000000
v  -117.244158 -108.495570 0.000000
v  -100.058781 -99.419784 0.000000
v  -100.058781 -99.419784 0.000000
v  -100.058781 -99.419784 0.000000
v  -90.535839 -90.062260 0.000000
v  -90.535839 -90.062260 0.000000
v  -84.322391 -80.313593 0.000000
v  -84.322391 -80.313593 0.000000
v  -79.384451 -57.512540 0.000000
v  -79.384451 -57.512540 0.000000
v  -79.384451 -57.512540 0.000000
v  -80.106449 -49.064228 0.000000
v  -80.106449 -49.064228 0.000000
v  -81.903077 -42.134664 0.000000
v  -81.903077 -42.134664 0.000000
v  -81.903077 -42.134664 0.000000
v  -86.229527 -32.626831 0.000000
v  -86.229527 -32.626831 0.000000
v  -92.839388 -22.703698 0.000000
v  -92.839388 -22.703698 0.000000
v  -92.839388 -22.703698 0.000000
v  -98.378468 -15.930614 0.000000
v  -98.378468 -15.930614 0.000000
v  -102.837638 -11.223637 0.000000
v  -102.837638 -11.223637 0.000000
v  -102.837638 -11.223637 0.000000
v  -132.180517 16.328324 0.000000
v  -132.180517 16.328324 0.000000
v  -132.180517 16.328324 0.000000
v  -138.730113 22.903279 0.000000
v  -138.730113 22.903279 0.000000
v  -144.453800 30.271144 0.000000
v  -144.453800 30.271144 0.000000
v  -144.453800 30.271144 0.000000
v  -147.083382 35.030884 0.000000
v  -147.083382 35.030884 0.000000
v  -148.987206 40.849563 0.000000
v  -148.987206 40.849563 0.000000
v  -148.987206 40.849563 0.000000
v  -149.982141 44.802996 0.000000
v  -149.982141 44.802996 0.000000
v  -150.364821 49.665144 0.000000
v  -150.364821 49.665144 0.000000
v  -150.364821 49.665144 0.000000
v  -147.509405 61.748097 0.000000
v  -147.509405 61.748097 0.000000
v  -144.016267 66.645373 0.000000
v  -144.016267 66.645373 0.000000
v  -138.532571 71.316677 0.000000
v  -138.532571 71.316677 0.000000
v  -138.532571 71.316677 0.000000
v  -129.187174 75.578407 0.000000
v  -129.187174 75.578407 0.000000
v  -113.858234 77.570200 0.000000
v  -113.858234 77.570200 0.000000
v  -113.858234 77.570200 0.000000
v  -100.157815 76.825035 0.000000
v  -100.157815 76.825035 0.000000
v  -88.510675 74.600705 0.000000
v  -88.510675 74.600705 0.000000
v  -88.510675 74.600705 0.000000
v  -78.591963 71.983276 0.000000
v  -78.591963 71.983276 0.000000
v  -78.591963 71.983276 0.000000
v  -75.561230 90.443084 0.000000
v  -75.561230 90.443084 0.000000
v  -75.561230 90.443084 0.000000
v  -80.245082 91.682923 0.000000
v  -80.245082 91.682923 0.000000
v  -80.245082 91.682923 0.000000
v  -96.832715 94.728627 0.000000
v  -96.832715 94.728627 0.000000
v  -112.343094 95.677955 0.000000
v  -112.343094 95.677955 0.000000
v  -112.343094 95.677955 0.000000
v  -118.921199 95.461045 0.000000
v  -118.921199 95.461045 0.000000
v  -124.044912 94.935154 0.000000
v  -124.044912 94.935154 0.000000
v  -124.044912 94.935154 0.000000
v  -142.748817 89.676226 0.000000
v  -142.748817 89.676226 0.000000
v  -156.676520 80.771170 0.000000
v  -156.676520 80.771170 0.000000
v  -156.676520 80.771170 0.000000
v  -167.175372 66.848618 0.000000
v  -167.175372 66.848618 0.000000
v  -169.793319 58.763461 0.000000
v  -169.793319 58.763461 0.000000
v  -170.753252 49.116187 0.000000
v  -170.753252 49.116187 0.000000
v  -170.753252 49.116187 0.000000
v  -168.807431 36.442632 0.000000
v  -168.807431 36.442632 0.000000
v  -161.766132 21.635243 0.000000
v  -161.766132 21.635243 0.000000
v  -161.766132 21.635243 0.000000
v  -156.534169 14.086302 0.000000
v  -156.534169 14.086302 0.000000
v  -151.201699 7.523435 0.000000
v  -151.201699 7.523435 0.000000
v  -151.201699 7.523435 0.000000
v  -146.143735 2.083346 0.000000
v  -146.143735 2.083346 0.000000
v  -138.517488 -5.299970 0.000000
v  -138.517488 -5.299970 0.000000
v  -138.517488 -5.299970 0.000000
v  -121.159694 -21.417864 0.000000
v  -121.159694 -21.417864 0.000000
v  -121.159694 -21.417864 0.000000
v  -114.476895 -28.288929 0.000000
v  -114.476895 -28.288929 0.000000
v  -108.001325 -36.207229 0.000000
v  -108.001325 -36.207229 0.000000
v  -108.001325 -36.207229 0.000000
v  -104.061132 -42.522628 0.000000
v  -104.061132 -42.522628 0.000000
v  -101.126256 -49.682520 0.000000
v  -101.126256 -49.682520 0.000000
v  -101.126256 -49.682520 0.000000
v  -100.165174 -53.825961 0.000000
v  -100.165174 -53.825961 0.000000
v  -99.778709 -58.751251 0.000000
v  -99.778709 -58.751251 0.000000
v  -99.778709 -58.751251 0.000000
v  -103.488518 -74.836008 0.000000
v  -103.488518 -74.836008 0.000000
v  -108.051903 -81.171893 0.000000
v  -108.051903 -81.171893 0.000000
v  -115.084937 -87.012008 0.000000
v  -115.084937 -87.012008 0.000000
v  -115.084937 -87.012008 0.000000
v  -127.283044 -92.350018 0.000000
v  -127.283044 -92.350018 0.000000
v  -147.058738 -94.611962 0.000000
v  -147.058738 -94.611962 0.000000
v  -147.058738 -94.611962 0.000000
v  -157.570247 -94.094520 0.000000
v  -157.570247 -94.094520 0.000000
v  -164.003026 -93.052949 0.000000
v  -164.003026 -93.052949 0.000000
v  -164.003026 -93.052949 0.000000
v  -182.187330 -88.920156 0.000000
v  -182.187330 -88.920156 0.000000
v  -182.187330 -88.920156 0.000000
v  -59.167795 -87.129278 0.000000
v  -59.167795 -87.129278 0.000000
v  -59.167795 -87.129278 0.000000
v  -61.509770 -105.038050 0.000000
v  -61.509770 -105.038050 0.000000
v  -61.509770 -105.038050 0.000000
v  -50.213444 -108.206525 0.000000
v  -50.213444 -108.206525 0.000000
v  -50.213444 -108.206525 0.000000
v  -32.297806 -111.536525 0.000000
v  -32.297806 -111.536525 0.000000
v  -14.947249 -112.562418 0.000000
v  -14.947249 -112.562418 0.000000
v  -14.947249 -112.562418 0.000000
v  1.223819 -111.357841 0.000000
v  1.223819 -111.357841 0.000000
v  13.352114 -108.495570 0.000000
v  13.352114 -108.495570 0.000000
v  30.537490 -99.419784 0.000000
v  30.537490 -99.419784 0.000000
v  30.537490 -99.419784 0.000000
v  40.060432 -90.062260 0.000000
v  40.060432 -90.062260 0.000000
v  46.273880 -80.313593 0.000000
v  46.273880 -80.313593 0.000000
v  51.211820 -57.512540 0.000000
v  51.211820 -57.512540 0.000000
v  51.211820 -57.512540 0.000000
v  50.489823 -49.064228 0.000000
v  50.489823 -49.064228 0.000000
v  48.693194 -42.134664 0.000000
v  48.693194 -42.134664 0.000000
v  48.693194 -42.134664 0.000000
v  44.366744 -32.626831 0.000000
v  44.366744 -32.626831 0.000000
v  37.756883 -22.703698 0.000000
v  37.756883 -22.703698 0.000000
v  37.756883 -22.703698 0.000000
v  32.217803 -15.930614 0.000000
v  32.217803 -15.930614 0.000000
v  27.758634 -11.223637 0.000000
v  27.758634 -11.223637 0.000000
v  27.758634 -11.223637 0.000000
v  -1.584246 16.328324 0.000000
v  -1.584246 16.328324 0.000000
v  -1.584246 16.328324 0.000000
v  -8.133841 22.903279 0.000000
v  -8.133841 22.903279 0.000000
v  -13.857529 30.271144 0.000000
v  -13.857529 30.271144 0.000000
v  -13.857529 30.271144 0.000000
v  -16.487111 35.030884 0.000000
v  -16.487111 35.030884 0.000000
v  -18.390935 40.849563 0.000000
v  -18.390935 40.849563 0.000000
v  -18.390935 40.849563 0.000000
v  -19.385869 44.802996 0.000000
v  -19.385869 44.802996 0.000000
v  -19.768550 49.665144 0.000000
v  -19.768550 49.665144 0.000000
v  -19.768550 49.665144 0.000000
v  -16.913134 61.748097 0.000000
v  -16.913134 61.748097 0.000000
v  -13.419995 66.645373 0.000000
v  -13.419995 66.645373 0.000000
v  -7.936299 71.316677 0.000000
v  -7.936299 71.316677 0.000000
v  -7.936299 71.316677 0.000000
v  1.409097 75.578407 0.000000
v  1.409097 75.578407 0.000000
v  16.738037 77.570200 0.000000
v  16.738037 77.570200 0.000000
v  16.738037 77.570200 0.000000
v  30.438456 76.825035 0.000000
v  30.438456 76.825035 0.000000
v  42.085597 74.600705 0.000000
v  42.085597 74.600705 0.000000
v  42.085597 74.600705 0.000000
v  52.004308 71.983276 0.000000
v  52.004308 71.983276 0.000000
v  52.004308 71.983276 0.000000
v  55.035042 90.443084 0.000000
v  55.035042 90.443084 0.000000
v  55.035042 90.443084 0.000000
v  50.351190 91.682923 0.000000
v  50.351190 91.682923 0.000000
v  50.351190 91.682923 0.000000
v  33.763556 94.728627 0.000000
v  33.763556 94.728627 0.000000
v  18.253177 95.677955 0.000000
v  18.253177 95.677955 0.000000
v  18.253177 95.677955 0.000000
v  11.675073 95.461045 0.000000
v  11.675073 95.461045 0.000000
v  6.551359 94.935154 0.000000
v  6.551359 94.935154 0.000000
v  6.551359 94.935154 0.000000
v  -12.152396 89.676271 0.000000
v  -12.152396 89.676271 0.000000
v  -26.080227 80.771145 0.000000
v  -26.080227 80.771145 0.000000
v  -26.080227 80.771145 0.000000
v  -36.579090 66.848632 0.000000
v  -36.579090 66.848632 0.000000
v  -39.197044 58.763476 0.000000
v  -39.197044 58.763476 0.000000
v  -40.156980 49.116187 0.000000
v  -40.156980 49.116187 0.000000
v  -40.156980 49.116187 0.000000
v  -38.211160 36.442632 0.000000
v  -38.211160 36.442632 0.000000
v  -31.169861 21.635243 0.000000
v  -31.169861 21.635243 0.000000
v  -31.169861 21.635243 0.000000
v  -25.937898 14.086302 0.000000
v  -25.937898 14.086302 0.000000
v  -20.605428 7.523435 0.000000
v  -20.605428 7.523435 0.000000
v  -20.605428 7.523435 0.000000
v  -15.547464 2.083346 0.000000
v  -15.547464 2.083346 0.000000
v  -7.921216 -5.299970 0.000000
v  -7.921216 -5.299970 0.000000
v  -7.921216 -5.299970 0.000000
v  9.436577 -21.417864 0.000000
v  9.436577 -21.417864 0.000000
v  9.436577 -21.417864 0.000000
v  16.119376 -28.288929 0.000000
v  16.119376 -28.288929 0.000000
v  22.594946 -36.207229 0.000000
v  22.594946 -36.207229 0.000000
v  22.594946 -36.207229 0.000000
v  26.535139 -42.522628 0.000000
v  26.535139 -42.522628 0.000000
v  29.470016 -49.682520 0.000000
v  29.470016 -49.682520 0.000000
v  29.470016 -49.682520 0.000000
v  30.431097 -53.825961 0.000000
v  30.431097 -53.825961 0.000000
v  30.817563 -58.751251 0.000000
v  30.817563 -58.751251 0.000000
v  30.817563 -58.751251 0.000000
v  27.107754 -74.836008 0.000000
v  27.107754 -74.836008 0.000000
v  22.544369 -81.171893 0.000000
v  22.544369 -81.171893 0.000000
v  15.511334 -87.012008 0.000000
v  15.511334 -87.012008 0.000000
v  15.511334 -87.012008 0.000000
v  3.313227 -92.350018 0.000000
v  3.313227 -92.350018 0.000000
v  -16.462467 -94.611962 0.000000
v  -16.462467 -94.611962 0.000000
v  -16.462467 -94.611962 0.000000
v  -26.973976 -94.094520 0.000000
v  -26.973976 -94.094520 0.000000
v  -33.406754 -93.052949 0.000000
v  -33.406754 -93.052949 0.000000
v  -33.406754 -93.052949 0.000000
v  -51.591059 -88.920156 0.000000
v  -51.591059 -88.920156 0.000000
v  -51.591059 -88.920156 0.000000
v  73.770353 -79.139211 0.000000
v  73.770353 -79.139211 0.000000
v  73.770353 -79.139211 0.000000
v  59.305541 -108.482045 0.000000
v  59.305541 -108.482045 0.000000
v  59.305541 -108.482045 0.000000
v  85.204432 -108.482045 0.000000
v  85.204432 -108.482045 0.000000
v  85.204432 -108.482045 0.000000
v  89.612780 -94.843825 0.000000
v  89.612780 -94.843825 0.000000
v  89.612780 -94.843825 0.000000
v  93.040956 -85.370407 0.000000
v  93.040956 -85.370407 0.000000
v  97.465021 -74.317619 0.000000
v  97.465021 -74.317619 0.000000
v  97.465021 -74.317619 0.000000
v  112.067585 -39.877672 0.000000
v  112.067585 -39.877672 0.000000
v  112.067585 -39.877672 0.000000
v  180.534206 -39.877672 0.000000
v  180.534206 -39.877672 0.000000
v  180.534206 -39.877672 0.000000
v  186.457824 -71.424662 0.000000
v  186.457824 -71.424662 0.000000
v  186.457824 -71.424662 0.000000
v  192.794795 -108.482045 0.000000
v  192.794795 -108.482045 0.000000
v  192.794795 -108.482045 0.000000
v  215.800703 -108.482045 0.000000
v  215.800703 -108.482045 0.000000
v  215.800703 -108.482045 0.000000
v  208.223869 -76.384014 0.000000
v  208.223869 -76.384014 0.000000
v  208.223869 -76.384014 0.000000
v  200.647132 -40.566473 0.000000
v  200.647132 -40.566473 0.000000
v  200.647132 -40.566473 0.000000
v  195.785230 -15.147898 0.000000
v  195.785230 -15.147898 0.000000
v  190.402510 15.745235 0.000000
v  190.402510 15.745235 0.000000
v  190.402510 15.745235 0.000000
v  187.556958 33.015707 0.000000
v  187.556958 33.015707 0.000000
v  185.130091 48.567683 0.000000
v  185.130091 48.567683 0.000000
v  183.193551 62.428079 0.000000
v  183.193551 62.428079 0.000000
v  181.819625 74.628825 0.000000
v  181.819625 74.628825 0.000000
v  181.085213 85.208212 0.000000
v  181.085213 85.208212 0.000000
v  181.085213 85.208212 0.000000
v  180.671957 95.677955 0.000000
v  180.671957 95.677955 0.000000
v  180.671957 95.677955 0.000000
v  146.645323 86.723567 0.000000
v  146.645323 86.723567 0.000000
v  146.645323 86.723567 0.000000
v  144.165597 77.906943 0.000000
v  144.165597 77.906943 0.000000
v  144.165597 77.906943 0.000000
v  140.706822 67.284627 0.000000
v  140.706822 67.284627 0.000000
v  136.175507 56.140897 0.000000
v  136.175507 56.140897 0.000000
v  136.175507 56.140897 0.000000
v  109.174603 -2.407012 0.000000
v  109.174603 -2.407012 0.000000
v  109.174603 -2.407012 0.000000
v  118.680059 -23.759778 0.000000
v  118.680059 -23.759778 0.000000
v  118.680059 -23.759778 0.000000
v  127.083404 -6.264281 0.000000
v  127.083404 -6.264281 0.000000
v  127.083404 -6.264281 0.000000
v  133.078694 6.756964 0.000000
v  133.078694 6.756964 0.000000
v  140.337019 23.009291 0.000000
v  140.337019 23.009291 0.000000
v  148.849449 42.502681 0.000000
v  148.849449 42.502681 0.000000
v  148.849449 42.502681 0.000000
v  163.452013 76.253824 0.000000
v  163.452013 76.253824 0.000000
v  163.452013 76.253824 0.000000
v  167.171505 50.768262 0.000000
v  167.171505 50.768262 0.000000
v  167.171505 50.768262 0.000000
v  172.957372 11.644484 0.000000
v  172.957372 11.644484 0.000000
v  172.957372 11.644484 0.000000
v  178.467832 -23.759778 0.000000
v  178.467832 -23.759778 0.000000
v  178.467832 -23.759778 0.000000
v  248.311971 -92.915190 0.000000
v  248.311971 -92.915190 0.000000
v  248.311971 -92.915190 0.000000
v  245.005733 -108.482045 0.000000
v  245.005733 -108.482045 0.000000
v  245.005733 -108.482045 0.000000
v  344.468352 -108.482045 0.000000
v  344.468352 -108.482045 0.000000
v  344.468352 -108.482045 0.000000
v  348.601100 -90.297754 0.000000
v  348.601100 -90.297754 0.000000
v  348.601100 -90.297754 0.000000
v  338.406885 -90.986552 0.000000
v  338.406885 -90.986552 0.000000
v  338.406885 -90.986552 0.000000
v  318.763046 -92.151699 0.000000
v  318.763046 -92.151699 0.000000
v  298.594287 -92.501910 0.000000
v  298.594287 -92.501910 0.000000
v  298.594287 -92.501910 0.000000
v  268.838250 -92.364151 0.000000
v  268.838250 -92.364151 0.000000
v  268.838250 -92.364151 0.000000
v  276.966091 -35.469360 0.000000
v  276.966091 -35.469360 0.000000
v  276.966091 -35.469360 0.000000
v  286.333698 33.823809 0.000000
v  286.333698 33.823809 0.000000
v  286.333698 33.823809 0.000000
v  288.790629 50.796017 0.000000
v  288.790629 50.796017 0.000000
v  292.257414 69.090318 0.000000
v  292.257414 69.090318 0.000000
v  292.257414 69.090318 0.000000
v  296.941169 91.545159 0.000000
v  296.941169 91.545159 0.000000
v  296.941169 91.545159 0.000000
v  270.215768 91.545159 0.000000
v  270.215768 91.545159 0.000000
v  270.215768 91.545159 0.000000
v  270.904624 79.284545 0.000000
v  270.904624 79.284545 0.000000
v  270.904624 79.284545 0.000000
v  270.629120 64.406490 0.000000
v  270.629120 64.406490 0.000000
v  270.629120 64.406490 0.000000
v  269.713885 55.192236 0.000000
v  269.713885 55.192236 0.000000
v  268.555183 44.711160 0.000000
v  268.555183 44.711160 0.000000
v  267.047379 32.997249 0.000000
v  267.047379 32.997249 0.000000
v  267.047379 32.997249 0.000000
v  254.511190 -56.959883 0.000000
v  254.511190 -56.959883 0.000000
v  254.511190 -56.959883 0.000000
v  251.794146 -74.458137 0.000000
v  251.794146 -74.458137 0.000000
v  378.494987 -84.374082 0.000000
v  378.494987 -84.374082 0.000000
v  378.494987 -84.374082 0.000000
v  373.260127 -108.482045 0.000000
v  373.260127 -108.482045 0.000000
v  373.260127 -108.482045 0.000000
v  395.163924 -108.482045 0.000000
v  395.163924 -108.482045 0.000000
v  395.163924 -108.482045 0.000000
v  397.368050 -83.409764 0.000000
v  397.368050 -83.409764 0.000000
v  397.368050 -83.409764 0.000000
v  399.159018 -67.567390 0.000000
v  399.159018 -67.567390 0.000000
v  399.159018 -67.567390 0.000000
v  401.500895 -50.485173 0.000000
v  401.500895 -50.485173 0.000000
v  401.500895 -50.485173 0.000000
v  410.179743 4.205462 0.000000
v  410.179743 4.205462 0.000000
v  410.179743 4.205462 0.000000
v  421.338318 76.116060 0.000000
v  421.338318 76.116060 0.000000
v  421.338318 76.116060 0.000000
v  444.481978 -31.198805 0.000000
v  444.481978 -31.198805 0.000000
v  444.481978 -31.198805 0.000000
v  452.609722 -70.322584 0.000000
v  452.609722 -70.322584 0.000000
v  452.609722 -70.322584 0.000000
v  455.778208 -87.542557 0.000000
v  455.778208 -87.542557 0.000000
v  455.778208 -87.542557 0.000000
v  457.431326 -99.114379 0.000000
v  457.431326 -99.114379 0.000000
v  457.431326 -99.114379 0.000000
v  458.671190 -112.477078 0.000000
v  458.671190 -112.477078 0.000000
v  458.671190 -112.477078 0.000000
v  485.809846 -108.482045 0.000000
v  485.809846 -108.482045 0.000000
v  485.809846 -108.482045 0.000000
v  498.346036 -79.139211 0.000000
v  498.346036 -79.139211 0.000000
v  498.346036 -79.139211 0.000000
v  513.018956 -45.626674 0.000000
v  513.018956 -45.626674 0.000000
v  525.346940 -19.075944 0.000000
v  525.346940 -19.075944 0.000000
v  525.346940 -19.075944 0.000000
v  545.459867 22.940786 0.000000
v  545.459867 22.940786 0.000000
v  545.459867 22.940786 0.000000
v  553.753960 40.240891 0.000000
v  553.753960 40.240891 0.000000
v  560.493486 53.606873 0.000000
v  560.493486 53.606873 0.000000
v  565.710545 63.028887 0.000000
v  565.710545 63.028887 0.000000
v  565.710545 63.028887 0.000000
v  573.562883 76.116060 0.000000
v  573.562883 76.116060 0.000000
v  573.562883 76.116060 0.000000
v  566.123801 14.537441 0.000000
v  566.123801 14.537441 0.000000
v  566.123801 14.537441 0.000000
v  555.378578 -71.562423 0.000000
v  555.378578 -71.562423 0.000000
v  555.378578 -71.562423 0.000000
v  549.868216 -108.482045 0.000000
v  549.868216 -108.482045 0.000000
v  549.868216 -108.482045 0.000000
v  572.323020 -108.482045 0.000000
v  572.323020 -108.482045 0.000000
v  572.323020 -108.482045 0.000000
v  572.736275 -91.675351 0.000000
v  572.736275 -91.675351 0.000000
v  572.736275 -91.675351 0.000000
v  573.808078 -75.745162 0.000000
v  573.808078 -75.745162 0.000000
v  576.042512 -53.653652 0.000000
v  576.042512 -53.653652 0.000000
v  576.042512 -53.653652 0.000000
v  581.277372 -5.575485 0.000000
v  581.277372 -5.575485 0.000000
v  581.277372 -5.575485 0.000000
v  582.769220 8.155907 0.000000
v  582.769220 8.155907 0.000000
v  584.182142 20.814002 0.000000
v  584.182142 20.814002 0.000000
v  585.520931 32.398289 0.000000
v  585.520931 32.398289 0.000000
v  586.790403 42.908291 0.000000
v  586.790403 42.908291 0.000000
v  587.995409 52.343558 0.000000
v  587.995409 52.343558 0.000000
v  589.140852 60.703672 0.000000
v  589.140852 60.703672 0.000000
v  590.231723 67.988243 0.000000
v  590.231723 67.988243 0.000000
v  590.231723 67.988243 0.000000
v  593.951313 91.545159 0.000000
v  593.951313 91.545159 0.000000
v  593.951313 91.545159 0.000000
v  561.439948 91.545159 0.000000
v  561.439948 91.545159 0.000000
v  561.439948 91.545159 0.000000
v  538.709641 46.222198 0.000000
v  538.709641 46.222198 0.000000
v  538.709641 46.222198 0.000000
v  534.106739 36.815151 0.000000
v  534.106739 36.815151 0.000000
v  529.297353 26.968482 0.000000
v  529.297353 26.968482 0.000000
v  524.300962 16.671410 0.000000
v  524.300962 16.671410 0.000000
v  519.138240 5.914470 0.000000
v  519.138240 5.914470 0.000000
v  513.831065 -5.310365 0.000000
v  513.831065 -5.310365 0.000000
v  508.402499 -17.009546 0.000000
v  508.402499 -17.009546 0.000000
v  508.402499 -17.009546 0.000000
v  492.146817 -52.413813 0.000000
v  492.146817 -52.413813 0.000000
v  492.146817 -52.413813 0.000000
v  480.161731 -80.241289 0.000000
v  480.161731 -80.241289 0.000000
v  480.161731 -80.241289 0.000000
v  474.100264 -94.981586 0.000000
v  474.100264 -94.981586 0.000000
v  474.100264 -94.981586 0.000000
v  471.482883 -78.312652 0.000000
v  471.482883 -78.312652 0.000000
v  471.482883 -78.312652 0.000000
v  467.170583 -53.448779 0.000000
v  467.170583 -53.448779 0.000000
v  464.457153 -40.015430 0.000000
v  464.457153 -40.015430 0.000000
v  464.457153 -40.015430 0.000000
v  451.783212 17.154883 0.000000
v  451.783212 17.154883 0.000000
v  451.783212 17.154883 0.000000
v  446.157793 42.368278 0.000000
v  446.157793 42.368278 0.000000
v  441.588997 65.370801 0.000000
v  441.588997 65.370801 0.000000
v  441.588997 65.370801 0.000000
v  436.629641 91.545159 0.000000
v  436.629641 91.545159 0.000000
v  436.629641 91.545159 0.000000
v  404.807132 91.545159 0.000000
v  404.807132 91.545159 0.000000
v  404.807132 91.545159 0.000000
v  404.531629 82.590771 0.000000
v  404.531629 82.590771 0.000000
v  404.531629 82.590771 0.000000
v  403.821819 71.959955 0.000000
v  403.821819 71.959955 0.000000
v  402.734593 62.892012 0.000000
v  402.734593 62.892012 0.000000
v  402.734593 62.892012 0.000000
v  400.497882 48.068663 0.000000
v  400.497882 48.068663 0.000000
v  397.334959 28.281566 0.000000
v  397.334959 28.281566 0.000000
v  393.235302 3.516655 0.000000
v  393.235302 3.516655 0.000000
v  393.235302 3.516655 0.000000
v  611.997866 -79.139211 0.000000
v  611.997866 -79.139211 0.000000
v  611.997866 -79.139211 0.000000
v  597.533054 -108.482045 0.000000
v  597.533054 -108.482045 0.000000
v  597.533054 -108.482045 0.000000
v  623.431944 -108.482045 0.000000
v  623.431944 -108.482045 0.000000
v  623.431944 -108.482045 0.000000
v  627.840196 -94.843825 0.000000
v  627.840196 -94.843825 0.000000
v  627.840196 -94.843825 0.000000
v  631.268475 -85.370382 0.000000
v  631.268475 -85.370382 0.000000
v  635.692533 -74.317619 0.000000
v  635.692533 -74.317619 0.000000
v  635.692533 -74.317619 0.000000
v  650.295000 -39.877672 0.000000
v  650.295000 -39.877672 0.000000
v  650.295000 -39.877672 0.000000
v  718.761621 -39.877672 0.000000
v  718.761621 -39.877672 0.000000
v  718.761621 -39.877672 0.000000
v  724.685434 -71.424662 0.000000
v  724.685434 -71.424662 0.000000
v  724.685434 -71.424662 0.000000
v  731.022210 -108.482045 0.000000
v  731.022210 -108.482045 0.000000
v  731.022210 -108.482045 0.000000
v  754.028216 -108.482045 0.000000
v  754.028216 -108.482045 0.000000
v  754.028216 -108.482045 0.000000
v  746.451382 -76.384014 0.000000
v  746.451382 -76.384014 0.000000
v  746.451382 -76.384014 0.000000
v  738.874547 -40.566473 0.000000
v  738.874547 -40.566473 0.000000
v  738.874547 -40.566473 0.000000
v  734.012684 -15.147868 0.000000
v  734.012684 -15.147868 0.000000
v  728.629982 15.745228 0.000000
v  728.629982 15.745228 0.000000
v  728.629982 15.745228 0.000000
v  725.784388 33.015699 0.000000
v  725.784388 33.015699 0.000000
v  723.357477 48.567667 0.000000
v  723.357477 48.567667 0.000000
v  721.420907 62.428056 0.000000
v  721.420907 62.428056 0.000000
v  720.046984 74.628803 0.000000
v  720.046984 74.628803 0.000000
v  719.312628 85.208212 0.000000
v  719.312628 85.208212 0.000000
v  719.312628 85.208212 0.000000
v  718.899470 95.677955 0.000000
v  718.899470 95.677955 0.000000
v  718.899470 95.677955 0.000000
v  684.872738 86.723567 0.000000
v  684.872738 86.723567 0.000000
v  684.872738 86.723567 0.000000
v  682.393012 77.906943 0.000000
v  682.393012 77.906943 0.000000
v  682.393012 77.906943 0.000000
v  678.934310 67.284585 0.000000
v  678.934310 67.284585 0.000000
v  674.403020 56.140897 0.000000
v  674.403020 56.140897 0.000000
v  674.403020 56.140897 0.000000
v  647.402115 -2.407012 0.000000
v  647.402115 -2.407012 0.000000
v  647.402115 -2.407012 0.000000
v  656.907474 -23.759778 0.000000
v  656.907474 -23.759778 0.000000
v  656.907474 -23.759778 0.000000
v  665.310819 -6.264281 0.000000
v  665.310819 -6.264281 0.000000
v  665.310819 -6.264281 0.000000
v  671.306150 6.756967 0.000000
v  671.306150 6.756967 0.000000
v  678.564532 23.009287 0.000000
v  678.564532 23.009287 0.000000
v  687.076961 42.502681 0.000000
v  687.076961 42.502681 0.000000
v  687.076961 42.502681 0.000000
v  701.679428 76.253824 0.000000
v  701.679428 76.253824 0.000000
v  701.679428 76.253824 0.000000
v  705.399018 50.768262 0.000000
v  705.399018 50.768262 0.000000
v  705.399018 50.768262 0.000000
v  711.184787 11.644484 0.000000
v  711.184787 11.644484 0.000000
v  711.184787 11.644484 0.000000
v  716.695247 -23.759778 0.000000
v  716.695247 -23.759778 0.000000
v  716.695247 -23.759778 0.000000
v  788.743609 -87.542557 0.000000
v  788.743609 -87.542557 0.000000
v  788.743609 -87.542557 0.000000
v  783.646501 -108.482045 0.000000
v  783.646501 -108.482045 0.000000
v  783.646501 -108.482045 0.000000
v  808.030025 -108.482045 0.000000
v  808.030025 -108.482045 0.000000
v  808.030025 -108.482045 0.000000
v  808.718881 -92.915190 0.000000
v  808.718881 -92.915190 0.000000
v  808.718881 -92.915190 0.000000
v  809.853524 -79.368749 0.000000
v  809.853524 -79.368749 0.000000
v  811.887269 -62.332519 0.000000
v  811.887269 -62.332519 0.000000
v  811.887269 -62.332519 0.000000
v  817.673233 -17.422825 0.000000
v  817.673233 -17.422825 0.000000
v  817.673233 -17.422825 0.000000
v  828.831808 74.049674 0.000000
v  828.831808 74.049674 0.000000
v  828.831808 74.049674 0.000000
v  857.210230 8.889290 0.000000
v  857.210230 8.889290 0.000000
v  857.210230 8.889290 0.000000
v  861.787589 -1.913570 0.000000
v  861.787589 -1.913570 0.000000
v  866.170299 -12.261619 0.000000
v  866.170299 -12.261619 0.000000
v  870.342784 -22.161365 0.000000
v  870.342784 -22.161365 0.000000
v  874.289661 -31.620158 0.000000
v  874.289661 -31.620158 0.000000
v  877.995704 -40.646233 0.000000
v  877.995704 -40.646233 0.000000
v  881.445789 -49.248777 0.000000
v  881.445789 -49.248777 0.000000
v  884.624787 -57.438032 0.000000
v  884.624787 -57.438032 0.000000
v  887.517372 -65.225473 0.000000
v  887.517372 -65.225473 0.000000
v  887.517372 -65.225473 0.000000
v  904.599565 -112.477078 0.000000
v  904.599565 -112.477078 0.000000
v  904.599565 -112.477078 0.000000
v  932.427174 -108.482045 0.000000
v  932.427174 -108.482045 0.000000
v  932.427174 -108.482045 0.000000
v  934.218045 -90.435513 0.000000
v  934.218045 -90.435513 0.000000
v  934.218045 -90.435513 0.000000
v  935.595562 -78.863692 0.000000
v  935.595562 -78.863692 0.000000
v  935.595562 -78.863692 0.000000
v  943.723404 -19.213702 0.000000
v  943.723404 -19.213702 0.000000
v  943.723404 -19.213702 0.000000
v  952.126748 41.400606 0.000000
v  952.126748 41.400606 0.000000
v  952.126748 41.400606 0.000000
v  954.742023 59.910866 0.000000
v  954.742023 59.910866 0.000000
v  957.361705 75.151749 0.000000
v  957.361705 75.151749 0.000000
v  957.361705 75.151749 0.000000
v  960.530093 91.545159 0.000000
v  960.530093 91.545159 0.000000
v  960.530093 91.545159 0.000000
v  938.488447 91.545159 0.000000
v  938.488447 91.545159 0.000000
v  938.488447 91.545159 0.000000
v  938.075289 83.555094 0.000000
v  938.075289 83.555094 0.000000
v  938.075289 83.555094 0.000000
v  936.709222 66.299967 0.000000
v  936.709222 66.299967 0.000000
v  934.906706 50.492746 0.000000
v  934.906706 50.492746 0.000000
v  934.906706 50.492746 0.000000
v  926.916714 -6.815324 0.000000
v  926.916714 -6.815324 0.000000
v  926.916714 -6.815324 0.000000
v  919.890887 -62.332519 0.000000
v  919.890887 -62.332519 0.000000
v  919.890887 -62.332519 0.000000
v  916.171492 -93.741747 0.000000
v  916.171492 -93.741747 0.000000
v  916.171492 -93.741747 0.000000
v  908.456809 -71.700183 0.000000
v  908.456809 -71.700183 0.000000
v  908.456809 -71.700183 0.000000
v  904.528815 -60.684238 0.000000
v  904.528815 -60.684238 0.000000
v  900.946708 -50.733458 0.000000
v  900.946708 -50.733458 0.000000
v  897.699484 -41.846572 0.000000
v  897.699484 -41.846572 0.000000
v  894.776304 -34.022241 0.000000
v  894.776304 -34.022241 0.000000
v  892.166453 -27.259066 0.000000
v  892.166453 -27.259066 0.000000
v  889.859249 -21.555622 0.000000
v  889.859249 -21.555622 0.000000
v  889.859249 -21.555622 0.000000
v  869.333164 27.624626 0.000000
v  869.333164 27.624626 0.000000
v  869.333164 27.624626 0.000000
v  865.949806 35.646084 0.000000
v  865.949806 35.646084 0.000000
v  862.771896 43.175035 0.000000
v  862.771896 43.175035 0.000000
v  859.787210 50.206986 0.000000
v  859.787210 50.206986 0.000000
v  856.983362 56.737893 0.000000
v  856.983362 56.737893 0.000000
v  854.347785 62.764149 0.000000
v  854.347785 62.764149 0.000000
v  851.867668 68.282564 0.000000
v  851.867668 68.282564 0.000000
v  849.529846 73.290328 0.000000
v  849.529846 73.290328 0.000000
v  847.320582 77.784961 0.000000
v  847.320582 77.784961 0.000000
v  845.225144 81.764211 0.000000
v  845.225144 81.764211 0.000000
v  845.225144 81.764211 0.000000
v  839.852533 91.545159 0.000000
v  839.852533 91.545159 0.000000
v  839.852533 91.545159 0.000000
v  811.749615 91.545159 0.000000
v  811.749615 91.545159 0.000000
v  811.749615 91.545159 0.000000
v  811.060758 78.733502 0.000000
v  811.060758 78.733502 0.000000
v  811.060758 78.733502 0.000000
v  809.219504 57.759127 0.000000
v  809.219504 57.759127 0.000000
v  806.101305 32.721734 0.000000
v  806.101305 32.721734 0.000000
v  806.101305 32.721734 0.000000
v  794.254069 -52.551571 0.000000
v  794.254069 -52.551571 0.000000
v  794.254069 -52.551571 0.000000
v  793.371378 -58.749016 0.000000
v  793.371378 -58.749016 0.000000
v  792.561998 -64.428889 0.000000
v  792.561998 -64.428889 0.000000
v  791.817170 -69.589203 0.000000
v  791.817170 -69.589203 0.000000
v  791.128005 -74.228178 0.000000
v  791.128005 -74.228178 0.000000
v  790.485468 -78.344245 0.000000
v  790.485468 -78.344245 0.000000
v  789.880332 -81.936051 0.000000
v  789.880332 -81.936051 0.000000
v  789.303074 -85.002461 0.000000
v  789.303074 -85.002461 0.000000
v  989.735221 -71.424662 0.000000
v  989.735221 -71.424662 0.000000
v  989.735221 -71.424662 0.000000
v  983.398250 -108.482045 0.000000
v  983.398250 -108.482045 0.000000
v  983.398250 -108.482045 0.000000
v  1006.266407 -108.482045 0.000000
v  1006.266407 -108.482045 0.000000
v  1006.266407 -108.482045 0.000000
v  1009.021442 -78.863692 0.000000
v  1009.021442 -78.863692 0.000000
v  1009.021442 -78.863692 0.000000
v  1013.843046 -40.704231 0.000000
v  1013.843046 -40.704231 0.000000
v  1013.843046 -40.704231 0.000000
v  1026.379333 52.972424 0.000000
v  1026.379333 52.972424 0.000000
v  1026.379333 52.972424 0.000000
v  1030.649735 80.111105 0.000000
v  1030.649735 80.111105 0.000000
v  1030.649735 80.111105 0.000000
v  1032.716304 91.545159 0.000000
v  1032.716304 91.545159 0.000000
v  1032.716304 91.545159 0.000000
v  1008.057277 91.545159 0.000000
v  1008.057277 91.545159 0.000000
v  1008.057277 91.545159 0.000000
v  1007.781773 69.090318 0.000000
v  1007.781773 69.090318 0.000000
v  1007.781773 69.090318 0.000000
v  1006.988211 57.016005 0.000000
v  1006.988211 57.016005 0.000000
v  1005.853054 45.671154 0.000000
v  1005.853054 45.671154 0.000000
v  1005.853054 45.671154 0.000000
v  997.863062 -12.876755 0.000000
v  997.863062 -12.876755 0.000000
v  997.863062 -12.876755 0.000000
v  -1019.215766 43.191477 30.000000
v  -1019.215766 43.191477 30.000000
v  -1019.215766 43.191477 30.000000
v  -1010.110859 58.724963 30.000000
v  -1010.110859 58.724963 30.000000
v  -1000.051996 70.786844 30.000000
v  -1000.051996 70.786844 30.000000
v  -976.355811 87.653183 30.000000
v  -976.355811 87.653183 30.000000
v  -976.355811 87.653183 30.000000
v  -959.078930 93.629820 30.000000
v  -959.078930 93.629820 30.000000
v  -940.142018 95.578524 30.000000
v  -940.142018 95.578524 30.000000
v  -940.142018 95.578524 30.000000
v  -922.199675 93.573847 30.000000
v  -922.199675 93.573847 30.000000
v  -908.025622 88.558867 30.000000
v  -908.025622 88.558867 30.000000
v  -885.700258 69.695176 30.000000
v  -885.700258 69.695176 30.000000
v  -885.700258 69.695176 30.000000
v  -873.760248 46.044198 30.000000
v  -873.760248 46.044198 30.000000
v  -870.155025 30.273234 30.000000
v  -870.155025 30.273234 30.000000
v  -868.719719 10.404335 30.000000
v  -868.719719 10.404335 30.000000
v  -868.719719 10.404335 30.000000
v  -874.593825 -31.863932 30.000000
v  -874.593825 -31.863932 30.000000
v  -881.897368 -51.418781 30.000000
v  -881.897368 -51.418781 30.000000
v  -892.400236 -70.558783 30.000000
v  -892.400236 -70.558783 30.000000
v  -892.400236 -70.558783 30.000000
v  -908.840561 -90.858967 30.000000
v  -908.840561 -90.858967 30.000000
v  -925.230107 -103.157686 30.000000
v  -925.230107 -103.157686 30.000000
v  -962.320874 -112.538795 30.000000
v  -962.320874 -112.538795 30.000000
v  -962.320874 -112.538795 30.000000
v  -992.596979 -104.888835 30.000000
v  -992.596979 -104.888835 30.000000
v  -1004.883808 -95.502247 30.000000
v  -1004.883808 -95.502247 30.000000
v  -1016.474746 -80.663228 30.000000
v  -1016.474746 -80.663228 30.000000
v  -1016.474746 -80.663228 30.000000
v  -1028.243519 -53.126241 30.000000
v  -1028.243519 -53.126241 30.000000
v  -1031.490996 -36.660626 30.000000
v  -1031.490996 -36.660626 30.000000
v  -1032.644913 -17.560303 30.000000
v  -1032.644913 -17.560303 30.000000
v  -1032.644913 -17.560303 30.000000
v  -1028.999358 15.512685 30.000000
v  -1028.999358 15.512685 30.000000
v  -1012.190015 -17.422825 30.000000
v  -1012.190015 -17.422825 30.000000
v  -1012.190015 -17.422825 30.000000
v  -1010.659073 -40.385729 30.000000
v  -1010.659073 -40.385729 30.000000
v  -1006.077119 -57.956709 30.000000
v  -1006.077119 -57.956709 30.000000
v  -1006.077119 -57.956709 30.000000
v  -1000.524170 -69.990494 30.000000
v  -1000.524170 -69.990494 30.000000
v  -994.581635 -78.656774 30.000000
v  -994.581635 -78.656774 30.000000
v  -981.311032 -89.823796 30.000000
v  -981.311032 -89.823796 30.000000
v  -981.311032 -89.823796 30.000000
v  -971.967231 -93.523296 30.000000
v  -971.967231 -93.523296 30.000000
v  -960.938617 -94.782684 30.000000
v  -960.938617 -94.782684 30.000000
v  -960.938617 -94.782684 30.000000
v  -947.043090 -92.792927 30.000000
v  -947.043090 -92.792927 30.000000
v  -934.493495 -87.129275 30.000000
v  -934.493495 -87.129275 30.000000
v  -934.493495 -87.129275 30.000000
v  -923.445536 -78.565561 30.000000
v  -923.445536 -78.565561 30.000000
v  -913.399739 -67.028212 30.000000
v  -913.399739 -67.028212 30.000000
v  -913.399739 -67.028212 30.000000
v  -904.150691 -51.844577 30.000000
v  -904.150691 -51.844577 30.000000
v  -896.654982 -33.938607 30.000000
v  -896.654982 -33.938607 30.000000
v  -896.654982 -33.938607 30.000000
v  -891.039915 -11.499041 30.000000
v  -891.039915 -11.499041 30.000000
v  -889.108314 11.507222 30.000000
v  -889.108314 11.507222 30.000000
v  -889.108314 11.507222 30.000000
v  -890.023673 27.028645 30.000000
v  -890.023673 27.028645 30.000000
v  -892.447433 39.067059 30.000000
v  -892.447433 39.067059 30.000000
v  -900.410096 56.776233 30.000000
v  -900.410096 56.776233 30.000000
v  -900.410096 56.776233 30.000000
v  -916.824923 71.926338 30.000000
v  -916.824923 71.926338 30.000000
v  -927.356466 75.883414 30.000000
v  -927.356466 75.883414 30.000000
v  -940.694706 77.420530 30.000000
v  -940.694706 77.420530 30.000000
v  -940.694706 77.420530 30.000000
v  -967.751513 71.456991 30.000000
v  -967.751513 71.456991 30.000000
v  -979.676244 63.866077 30.000000
v  -979.676244 63.866077 30.000000
v  -991.350395 52.088155 30.000000
v  -991.350395 52.088155 30.000000
v  -991.350395 52.088155 30.000000
v  -1000.590207 38.150735 30.000000
v  -1000.590207 38.150735 30.000000
v  -1006.672108 23.392649 30.000000
v  -1006.672108 23.392649 30.000000
v  -1006.672108 23.392649 30.000000
v  -1010.814438 4.427747 30.000000
v  -1010.814438 4.427747 30.000000
v  -844.949647 -87.818078 30.000000
v  -844.949647 -87.818078 30.000000
v  -844.949647 -87.818078 30.000000
v  -839.163732 -53.102614 30.000000
v  -839.163732 -53.102614 30.000000
v  -839.163732 -53.102614 30.000000
v  -834.321950 -17.788683 30.000000
v  -834.321950 -17.788683 30.000000
v  -832.878575 4.894797 30.000000
v  -832.878575 4.894797 30.000000
v  -832.878575 4.894797 30.000000
v  -833.239273 13.933122 30.000000
v  -833.239273 13.933122 30.000000
v  -834.755407 25.833743 30.000000
v  -834.755407 25.833743 30.000000
v  -834.755407 25.833743 30.000000
v  -836.270774 33.686057 30.000000
v  -836.270774 33.686057 30.000000
v  -836.270774 33.686057 30.000000
v  -819.050805 35.890207 30.000000
v  -819.050805 35.890207 30.000000
v  -819.050805 35.890207 30.000000
v  -817.673190 28.588937 30.000000
v  -817.673190 28.588937 30.000000
v  -817.673190 28.588937 30.000000
v  -815.744568 16.052796 30.000000
v  -815.744568 16.052796 30.000000
v  -815.744568 16.052796 30.000000
v  -809.545373 23.354066 30.000000
v  -809.545373 23.354066 30.000000
v  -809.545373 23.354066 30.000000
v  -795.786878 33.850818 30.000000
v  -795.786878 33.850818 30.000000
v  -787.221482 36.659147 30.000000
v  -787.221482 36.659147 30.000000
v  -776.757983 37.743470 30.000000
v  -776.757983 37.743470 30.000000
v  -776.757983 37.743470 30.000000
v  -756.085615 32.528087 30.000000
v  -756.085615 32.528087 30.000000
v  -748.414943 26.286533 30.000000
v  -748.414943 26.286533 30.000000
v  -741.629808 16.603839 30.000000
v  -741.629808 16.603839 30.000000
v  -741.629808 16.603839 30.000000
v  -739.287882 11.920012 30.000000
v  -739.287882 11.920012 30.000000
v  -739.287882 11.920012 30.000000
v  -735.981644 16.603839 30.000000
v  -735.981644 16.603839 30.000000
v  -735.981644 16.603839 30.000000
v  -718.233688 32.487339 30.000000
v  -718.233688 32.487339 30.000000
v  -707.690306 36.399574 30.000000
v  -707.690306 36.399574 30.000000
v  -695.204760 37.818841 30.000000
v  -695.204760 37.818841 30.000000
v  -695.204760 37.818841 30.000000
v  -686.052037 36.928578 30.000000
v  -686.052037 36.928578 30.000000
v  -678.094674 34.442252 30.000000
v  -678.094674 34.442252 30.000000
v  -663.848276 24.268332 30.000000
v  -663.848276 24.268332 30.000000
v  -663.848276 24.268332 30.000000
v  -655.857231 11.448598 30.000000
v  -655.857231 11.448598 30.000000
v  -653.510911 2.946780 30.000000
v  -653.510911 2.946780 30.000000
v  -652.547562 -7.919915 30.000000
v  -652.547562 -7.919915 30.000000
v  -652.547562 -7.919915 30.000000
v  -652.873529 -18.530308 30.000000
v  -652.873529 -18.530308 30.000000
v  -654.152347 -31.198805 30.000000
v  -654.152347 -31.198805 30.000000
v  -654.152347 -31.198805 30.000000
v  -658.147367 -59.164042 30.000000
v  -658.147367 -59.164042 30.000000
v  -658.147367 -59.164042 30.000000
v  -660.059615 -73.717848 30.000000
v  -660.059615 -73.717848 30.000000
v  -661.591356 -89.333435 30.000000
v  -661.591356 -89.333435 30.000000
v  -661.591356 -89.333435 30.000000
v  -663.106723 -108.482045 30.000000
v  -663.106723 -108.482045 30.000000
v  -663.106723 -108.482045 30.000000
v  -684.046209 -108.482045 30.000000
v  -684.046209 -108.482045 30.000000
v  -684.046209 -108.482045 30.000000
v  -679.637909 -74.455377 30.000000
v  -679.637909 -74.455377 30.000000
v  -679.637909 -74.455377 30.000000
v  -673.163187 -30.647768 30.000000
v  -673.163187 -30.647768 30.000000
v  -673.163187 -30.647768 30.000000
v  -672.147672 -21.541954 30.000000
v  -672.147672 -21.541954 30.000000
v  -671.741041 -11.635482 30.000000
v  -671.741041 -11.635482 30.000000
v  -671.741041 -11.635482 30.000000
v  -672.659788 -1.354222 30.000000
v  -672.659788 -1.354222 30.000000
v  -674.970776 5.780283 30.000000
v  -674.970776 5.780283 30.000000
v  -682.405025 14.934350 30.000000
v  -682.405025 14.934350 30.000000
v  -682.405025 14.934350 30.000000
v  -690.513669 19.090282 30.000000
v  -690.513669 19.090282 30.000000
v  -699.337091 20.384303 30.000000
v  -699.337091 20.384303 30.000000
v  -699.337091 20.384303 30.000000
v  -718.950368 13.983640 30.000000
v  -718.950368 13.983640 30.000000
v  -725.989868 6.143213 30.000000
v  -725.989868 6.143213 30.000000
v  -732.009625 -7.497416 30.000000
v  -732.009625 -7.497416 30.000000
v  -732.009625 -7.497416 30.000000
v  -734.078768 -15.630616 30.000000
v  -734.078768 -15.630616 30.000000
v  -735.795590 -24.572078 30.000000
v  -735.795590 -24.572078 30.000000
v  -735.795590 -24.572078 30.000000
v  -741.342468 -63.131825 30.000000
v  -741.342468 -63.131825 30.000000
v  -744.109486 -96.910223 30.000000
v  -744.109486 -96.910223 30.000000
v  -744.109486 -96.910223 30.000000
v  -744.522765 -108.482045 30.000000
v  -744.522765 -108.482045 30.000000
v  -744.522765 -108.482045 30.000000
v  -765.186723 -108.482045 30.000000
v  -765.186723 -108.482045 30.000000
v  -765.186723 -108.482045 30.000000
v  -762.018238 -83.272004 30.000000
v  -762.018238 -83.272004 30.000000
v  -762.018238 -83.272004 30.000000
v  -756.370099 -45.250301 30.000000
v  -756.370099 -45.250301 30.000000
v  -756.370099 -45.250301 30.000000
v  -753.339390 -24.724095 30.000000
v  -753.339390 -24.724095 30.000000
v  -753.339390 -24.724095 30.000000
v  -752.762242 -19.224610 30.000000
v  -752.762242 -19.224610 30.000000
v  -752.512830 -10.395109 30.000000
v  -752.512830 -10.395109 30.000000
v  -752.512830 -10.395109 30.000000
v  -753.131664 -2.402911 30.000000
v  -753.131664 -2.402911 30.000000
v  -754.645450 3.480139 30.000000
v  -754.645450 3.480139 30.000000
v  -759.355395 11.423088 30.000000
v  -759.355395 11.423088 30.000000
v  -759.355395 11.423088 30.000000
v  -768.490367 18.011702 30.000000
v  -768.490367 18.011702 30.000000
v  -773.889327 19.739027 30.000000
v  -773.889327 19.739027 30.000000
v  -780.203206 20.411814 30.000000
v  -780.203206 20.411814 30.000000
v  -780.203206 20.411814 30.000000
v  -786.952283 19.732923 30.000000
v  -786.952283 19.732923 30.000000
v  -793.044808 17.630609 30.000000
v  -793.044808 17.630609 30.000000
v  -793.044808 17.630609 30.000000
v  -804.419691 8.193857 30.000000
v  -804.419691 8.193857 30.000000
v  -809.303948 -0.006477 30.000000
v  -809.303948 -0.006477 30.000000
v  -813.503697 -12.301476 30.000000
v  -813.503697 -12.301476 30.000000
v  -813.503697 -12.301476 30.000000
v  -815.637929 -21.918786 30.000000
v  -815.637929 -21.918786 30.000000
v  -817.122158 -30.372246 30.000000
v  -817.122158 -30.372246 30.000000
v  -817.122158 -30.372246 30.000000
v  -821.530483 -59.715080 30.000000
v  -821.530483 -59.715080 30.000000
v  -821.530483 -59.715080 30.000000
v  -823.746113 -76.555524 30.000000
v  -823.746113 -76.555524 30.000000
v  -824.974472 -89.608954 30.000000
v  -824.974472 -89.608954 30.000000
v  -824.974472 -89.608954 30.000000
v  -826.076559 -108.482045 30.000000
v  -826.076559 -108.482045 30.000000
v  -826.076559 -108.482045 30.000000
v  -848.806915 -108.482045 30.000000
v  -848.806915 -108.482045 30.000000
v  -848.806915 -108.482045 30.000000
v  -599.186178 35.063648 30.000000
v  -599.186178 35.063648 30.000000
v  -599.186178 35.063648 30.000000
v  -594.089071 35.890207 30.000000
v  -594.089071 35.890207 30.000000
v  -594.089071 35.890207 30.000000
v  -582.133719 37.345968 30.000000
v  -582.133719 37.345968 30.000000
v  -570.532155 37.818841 30.000000
v  -570.532155 37.818841 30.000000
v  -570.532155 37.818841 30.000000
v  -560.993238 37.263673 30.000000
v  -560.993238 37.263673 30.000000
v  -550.987778 35.536336 30.000000
v  -550.987778 35.536336 30.000000
v  -550.987778 35.536336 30.000000
v  -532.081080 27.105853 30.000000
v  -532.081080 27.105853 30.000000
v  -522.114675 14.684994 30.000000
v  -522.114675 14.684994 30.000000
v  -518.068497 -5.301383 30.000000
v  -518.068497 -5.301383 30.000000
v  -518.068497 -5.301383 30.000000
v  -518.305001 -12.043048 30.000000
v  -518.305001 -12.043048 30.000000
v  -519.009975 -20.178025 30.000000
v  -519.009975 -20.178025 30.000000
v  -519.009975 -20.178025 30.000000
v  -522.316212 -41.117511 30.000000
v  -522.316212 -41.117511 30.000000
v  -522.316212 -41.117511 30.000000
v  -526.147068 -68.541611 30.000000
v  -526.147068 -68.541611 30.000000
v  -528.102128 -92.226390 30.000000
v  -528.102128 -92.226390 30.000000
v  -528.102128 -92.226390 30.000000
v  -528.377631 -108.482045 30.000000
v  -528.377631 -108.482045 30.000000
v  -528.377631 -108.482045 30.000000
v  -544.908817 -108.482045 30.000000
v  -544.908817 -108.482045 30.000000
v  -544.908817 -108.482045 30.000000
v  -545.322121 -101.869575 30.000000
v  -545.322121 -101.869575 30.000000
v  -545.322121 -101.869575 30.000000
v  -545.046569 -91.675351 30.000000
v  -545.046569 -91.675351 30.000000
v  -545.046569 -91.675351 30.000000
v  -552.485602 -98.425581 30.000000
v  -552.485602 -98.425581 30.000000
v  -552.485602 -98.425581 30.000000
v  -569.304229 -109.004081 30.000000
v  -569.304229 -109.004081 30.000000
v  -578.359395 -111.611210 30.000000
v  -578.359395 -111.611210 30.000000
v  -588.165941 -112.548232 30.000000
v  -588.165941 -112.548232 30.000000
v  -588.165941 -112.548232 30.000000
v  -597.415339 -111.766312 30.000000
v  -597.415339 -111.766312 30.000000
v  -605.207858 -109.548551 30.000000
v  -605.207858 -109.548551 30.000000
v  -618.300444 -101.007598 30.000000
v  -618.300444 -101.007598 30.000000
v  -618.300444 -101.007598 30.000000
v  -626.982306 -88.275470 30.000000
v  -626.982306 -88.275470 30.000000
v  -629.326524 -80.430219 30.000000
v  -629.326524 -80.430219 30.000000
v  -630.247727 -70.735272 30.000000
v  -630.247727 -70.735272 30.000000
v  -630.247727 -70.735272 30.000000
v  -626.821422 -51.682130 30.000000
v  -626.821422 -51.682130 30.000000
v  -622.408739 -42.833585 30.000000
v  -622.408739 -42.833585 30.000000
v  -615.713780 -33.957221 30.000000
v  -615.713780 -33.957221 30.000000
v  -615.713780 -33.957221 30.000000
v  -601.182018 -22.489042 30.000000
v  -601.182018 -22.489042 30.000000
v  -591.895146 -18.381910 30.000000
v  -591.895146 -18.381910 30.000000
v  -580.575215 -15.429136 30.000000
v  -580.575215 -15.429136 30.000000
v  -580.575215 -15.429136 30.000000
v  -570.307208 -14.042873 30.000000
v  -570.307208 -14.042873 30.000000
v  -559.511381 -13.565550 30.000000
v  -559.511381 -13.565550 30.000000
v  -559.511381 -13.565550 30.000000
v  -550.072947 -13.852835 30.000000
v  -550.072947 -13.852835 30.000000
v  -539.260654 -14.805389 30.000000
v  -539.260654 -14.805389 30.000000
v  -539.260654 -14.805389 30.000000
v  -535.816665 -15.218669 30.000000
v  -535.816665 -15.218669 30.000000
v  -535.816665 -15.218669 30.000000
v  -534.852354 -6.126529 30.000000
v  -534.852354 -6.126529 30.000000
v  -534.852354 -6.126529 30.000000
v  -535.035398 -3.296663 30.000000
v  -535.035398 -3.296663 30.000000
v  -535.417447 -0.774175 30.000000
v  -535.417447 -0.774175 30.000000
v  -535.970407 1.496686 30.000000
v  -535.970407 1.496686 30.000000
v  -536.676840 3.560863 30.000000
v  -536.676840 3.560863 30.000000
v  -537.528110 5.454656 30.000000
v  -537.528110 5.454656 30.000000
v  -538.523215 7.207319 30.000000
v  -538.523215 7.207319 30.000000
v  -539.668164 8.842202 30.000000
v  -539.668164 8.842202 30.000000
v  -540.975843 10.377528 30.000000
v  -540.975843 10.377528 30.000000
v  -542.466337 11.826841 30.000000
v  -542.466337 11.826841 30.000000
v  -544.167720 13.199138 30.000000
v  -544.167720 13.199138 30.000000
v  -546.117370 14.498667 30.000000
v  -546.117370 14.498667 30.000000
v  -548.363877 15.724370 30.000000
v  -548.363877 15.724370 30.000000
v  -550.280554 16.591039 30.000000
v  -550.280554 16.591039 30.000000
v  -552.431686 17.406259 30.000000
v  -552.431686 17.406259 30.000000
v  -554.856631 18.161090 30.000000
v  -554.856631 18.161090 30.000000
v  -557.602865 18.842889 30.000000
v  -557.602865 18.842889 30.000000
v  -560.727802 19.434403 30.000000
v  -560.727802 19.434403 30.000000
v  -564.301061 19.912584 30.000000
v  -564.301061 19.912584 30.000000
v  -568.407364 20.247049 30.000000
v  -568.407364 20.247049 30.000000
v  -573.150198 20.398072 30.000000
v  -573.150198 20.398072 30.000000
v  -573.150198 20.398072 30.000000
v  -582.941058 20.086396 30.000000
v  -582.941058 20.086396 30.000000
v  -596.293245 18.670238 30.000000
v  -596.293245 18.670238 30.000000
v  -596.293245 18.670238 30.000000
v  -602.354664 17.705914 30.000000
v  -602.354664 17.705914 30.000000
v  -602.354664 17.705914 30.000000
v  -538.158591 -32.576402 30.000000
v  -538.158591 -32.576402 30.000000
v  -538.158591 -32.576402 30.000000
v  -542.842443 -31.749843 30.000000
v  -542.842443 -31.749843 30.000000
v  -542.842443 -31.749843 30.000000
v  -548.228834 -31.198752 30.000000
v  -548.228834 -31.198752 30.000000
v  -556.482240 -31.023293 30.000000
v  -556.482240 -31.023293 30.000000
v  -556.482240 -31.023293 30.000000
v  -578.538024 -33.054774 30.000000
v  -578.538024 -33.054774 30.000000
v  -592.302419 -37.802950 30.000000
v  -592.302419 -37.802950 30.000000
v  -592.302419 -37.802950 30.000000
v  -601.094654 -43.718532 30.000000
v  -601.094654 -43.718532 30.000000
v  -606.537718 -50.205209 30.000000
v  -606.537718 -50.205209 30.000000
v  -610.867147 -67.155933 30.000000
v  -610.867147 -67.155933 30.000000
v  -610.867147 -67.155933 30.000000
v  -610.193440 -74.128422 30.000000
v  -610.193440 -74.128422 30.000000
v  -608.618073 -79.566146 30.000000
v  -608.618073 -79.566146 30.000000
v  -603.216012 -87.852631 30.000000
v  -603.216012 -87.852631 30.000000
v  -603.216012 -87.852631 30.000000
v  -595.005757 -93.289440 30.000000
v  -595.005757 -93.289440 30.000000
v  -589.709167 -94.790628 30.000000
v  -589.709167 -94.790628 30.000000
v  -583.067405 -95.331675 30.000000
v  -583.067405 -95.331675 30.000000
v  -583.067405 -95.331675 30.000000
v  -569.389584 -92.619089 30.000000
v  -569.389584 -92.619089 30.000000
v  -563.179087 -89.302300 30.000000
v  -563.179087 -89.302300 30.000000
v  -557.059995 -84.344818 30.000000
v  -557.059995 -84.344818 30.000000
v  -557.059995 -84.344818 30.000000
v  -548.671955 -73.612078 30.000000
v  -548.671955 -73.612078 30.000000
v  -542.794135 -59.414602 30.000000
v  -542.794135 -59.414602 30.000000
v  -542.794135 -59.414602 30.000000
v  -540.705884 -50.670553 30.000000
v  -540.705884 -50.670553 30.000000
v  -539.260654 -42.081828 30.000000
v  -539.260654 -42.081828 30.000000
v  -539.260654 -42.081828 30.000000
v  -489.253889 -82.996484 30.000000
v  -489.253889 -82.996484 30.000000
v  -489.253889 -82.996484 30.000000
v  -487.204376 -71.149348 30.000000
v  -487.204376 -71.149348 30.000000
v  -485.145081 -57.150645 30.000000
v  -485.145081 -57.150645 30.000000
v  -482.916918 -40.979753 30.000000
v  -482.916918 -40.979753 30.000000
v  -482.916918 -40.979753 30.000000
v  -480.299489 -19.213702 30.000000
v  -480.299489 -19.213702 30.000000
v  -480.299489 -19.213702 30.000000
v  -479.373209 -7.618507 30.000000
v  -479.373209 -7.618507 30.000000
v  -479.135291 2.553536 30.000000
v  -479.135291 2.553536 30.000000
v  -479.135291 2.553536 30.000000
v  -479.472242 13.791282 30.000000
v  -479.472242 13.791282 30.000000
v  -480.712793 25.007184 30.000000
v  -480.712793 25.007184 30.000000
v  -480.712793 25.007184 30.000000
v  -482.228111 33.686057 30.000000
v  -482.228111 33.686057 30.000000
v  -482.228111 33.686057 30.000000
v  -464.319359 35.890207 30.000000
v  -464.319359 35.890207 30.000000
v  -464.319359 35.890207 30.000000
v  -462.941744 27.624626 30.000000
v  -462.941744 27.624626 30.000000
v  -462.941744 27.624626 30.000000
v  -461.839681 16.879355 30.000000
v  -461.839681 16.879355 30.000000
v  -461.839681 16.879355 30.000000
v  -458.120188 20.736636 30.000000
v  -458.120188 20.736636 30.000000
v  -458.120188 20.736636 30.000000
v  -440.397084 32.853814 30.000000
v  -440.397084 32.853814 30.000000
v  -428.947938 36.329066 30.000000
v  -428.947938 36.329066 30.000000
v  -414.450297 37.818841 30.000000
v  -414.450297 37.818841 30.000000
v  -414.450297 37.818841 30.000000
v  -409.904246 37.543325 30.000000
v  -409.904246 37.543325 30.000000
v  -409.904246 37.543325 30.000000
v  -411.281861 20.185592 30.000000
v  -411.281861 20.185592 30.000000
v  -411.281861 20.185592 30.000000
v  -421.200524 20.461108 30.000000
v  -421.200524 20.461108 30.000000
v  -421.200524 20.461108 30.000000
v  -441.315043 17.460796 30.000000
v  -441.315043 17.460796 30.000000
v  -452.662552 9.809436 30.000000
v  -452.662552 9.809436 30.000000
v  -459.405821 -2.491838 30.000000
v  -459.405821 -2.491838 30.000000
v  -459.405821 -2.491838 30.000000
v  -461.310836 -9.983788 30.000000
v  -461.310836 -9.983788 30.000000
v  -462.252936 -15.907471 30.000000
v  -462.252936 -15.907471 30.000000
v  -462.252936 -15.907471 30.000000
v  -464.732614 -33.540719 30.000000
v  -464.732614 -33.540719 30.000000
v  -464.732614 -33.540719 30.000000
v  -468.727659 -70.322584 30.000000
v  -468.727659 -70.322584 30.000000
v  -468.727659 -70.322584 30.000000
v  -470.656329 -91.675351 30.000000
v  -470.656329 -91.675351 30.000000
v  -470.656329 -91.675351 30.000000
v  -471.896144 -108.482045 30.000000
v  -471.896144 -108.482045 30.000000
v  -471.896144 -108.482045 30.000000
v  -494.213245 -108.482045 30.000000
v  -494.213245 -108.482045 30.000000
v  -494.213245 -108.482045 30.000000
v  -313.334608 -84.236323 30.000000
v  -313.334608 -84.236323 30.000000
v  -313.334608 -84.236323 30.000000
v  -312.981019 -82.569100 30.000000
v  -312.981019 -82.569100 30.000000
v  -312.614134 -80.701553 30.000000
v  -312.614134 -80.701553 30.000000
v  -312.233080 -78.633719 30.000000
v  -312.233080 -78.633719 30.000000
v  -311.837015 -76.365639 30.000000
v  -311.837015 -76.365639 30.000000
v  -311.425119 -73.897357 30.000000
v  -311.425119 -73.897357 30.000000
v  -310.996582 -71.228921 30.000000
v  -310.996582 -71.228921 30.000000
v  -310.550604 -68.360381 30.000000
v  -310.550604 -68.360381 30.000000
v  -310.086391 -65.291792 30.000000
v  -310.086391 -65.291792 30.000000
v  -309.603152 -62.023216 30.000000
v  -309.603152 -62.023216 30.000000
v  -309.100098 -58.554716 30.000000
v  -309.100098 -58.554716 30.000000
v  -308.576446 -54.886360 30.000000
v  -308.576446 -54.886360 30.000000
v  -308.031409 -51.018221 30.000000
v  -308.031409 -51.018221 30.000000
v  -307.464207 -46.950378 30.000000
v  -307.464207 -46.950378 30.000000
v  -306.874058 -42.682912 30.000000
v  -306.874058 -42.682912 30.000000
v  -306.260181 -38.215910 30.000000
v  -306.260181 -38.215910 30.000000
v  -305.621797 -33.549462 30.000000
v  -305.621797 -33.549462 30.000000
v  -304.958126 -28.683665 30.000000
v  -304.958126 -28.683665 30.000000
v  -304.268391 -23.618619 30.000000
v  -304.268391 -23.618619 30.000000
v  -303.551815 -18.354428 30.000000
v  -303.551815 -18.354428 30.000000
v  -302.807620 -12.891202 30.000000
v  -302.807620 -12.891202 30.000000
v  -302.035031 -7.229055 30.000000
v  -302.035031 -7.229055 30.000000
v  -302.035031 -7.229055 30.000000
v  -299.186126 14.182085 30.000000
v  -299.186126 14.182085 30.000000
v  -296.899181 32.630714 30.000000
v  -296.899181 32.630714 30.000000
v  -295.182656 48.115865 30.000000
v  -295.182656 48.115865 30.000000
v  -294.045386 60.636654 30.000000
v  -294.045386 60.636654 30.000000
v  -293.497234 70.192393 30.000000
v  -293.497234 70.192393 30.000000
v  -293.497234 70.192393 30.000000
v  -293.772738 91.545159 30.000000
v  -293.772738 91.545159 30.000000
v  -293.772738 91.545159 30.000000
v  -198.443012 91.545159 30.000000
v  -198.443012 91.545159 30.000000
v  -198.443012 91.545159 30.000000
v  -199.545027 73.360866 30.000000
v  -199.545027 73.360866 30.000000
v  -199.545027 73.360866 30.000000
v  -211.805713 74.600705 30.000000
v  -211.805713 74.600705 30.000000
v  -211.805713 74.600705 30.000000
v  -227.923546 75.151749 30.000000
v  -227.923546 75.151749 30.000000
v  -227.923546 75.151749 30.000000
v  -271.593437 75.427265 30.000000
v  -271.593437 75.427265 30.000000
v  -271.593437 75.427265 30.000000
v  -273.246556 62.753372 30.000000
v  -273.246556 62.753372 30.000000
v  -273.246556 62.753372 30.000000
v  -278.343663 23.354066 30.000000
v  -278.343663 23.354066 30.000000
v  -278.343663 23.354066 30.000000
v  -280.134534 8.889290 30.000000
v  -280.134534 8.889290 30.000000
v  -280.134534 8.889290 30.000000
v  -239.770928 8.613774 30.000000
v  -239.770928 8.613774 30.000000
v  -239.770928 8.613774 30.000000
v  -226.743056 8.738772 30.000000
v  -226.743056 8.738772 30.000000
v  -217.729331 9.440334 30.000000
v  -217.729331 9.440334 30.000000
v  -217.729331 9.440334 30.000000
v  -209.188235 10.955688 30.000000
v  -209.188235 10.955688 30.000000
v  -209.188235 10.955688 30.000000
v  -213.045479 -9.295002 30.000000
v  -213.045479 -9.295002 30.000000
v  -213.045479 -9.295002 30.000000
v  -231.092032 -8.055163 30.000000
v  -231.092032 -8.055163 30.000000
v  -231.092032 -8.055163 30.000000
v  -256.715370 -7.641884 30.000000
v  -256.715370 -7.641884 30.000000
v  -256.715370 -7.641884 30.000000
v  -282.338659 -7.228604 30.000000
v  -282.338659 -7.228604 30.000000
v  -282.338659 -7.228604 30.000000
v  -284.680585 -23.484256 30.000000
v  -284.680585 -23.484256 30.000000
v  -284.680585 -23.484256 30.000000
v  -291.981867 -77.623853 30.000000
v  -291.981867 -77.623853 30.000000
v  -291.981867 -77.623853 30.000000
v  -294.323793 -92.364151 30.000000
v  -294.323793 -92.364151 30.000000
v  -294.323793 -92.364151 30.000000
v  -258.643992 -92.364151 30.000000
v  -258.643992 -92.364151 30.000000
v  -258.643992 -92.364151 30.000000
v  -245.553742 -92.220745 30.000000
v  -245.553742 -92.220745 30.000000
v  -235.362580 -91.675351 30.000000
v  -235.362580 -91.675351 30.000000
v  -235.362580 -91.675351 30.000000
v  -218.418187 -90.297754 30.000000
v  -218.418187 -90.297754 30.000000
v  -218.418187 -90.297754 30.000000
v  -222.275432 -108.482045 30.000000
v  -222.275432 -108.482045 30.000000
v  -222.275432 -108.482045 30.000000
v  -318.707268 -108.482045 30.000000
v  -318.707268 -108.482045 30.000000
v  -318.707268 -108.482045 30.000000
v  -189.764067 -87.129278 30.000000
v  -189.764067 -87.129278 30.000000
v  -189.764067 -87.129278 30.000000
v  -182.187330 -88.920156 30.000000
v  -182.187330 -88.920156 30.000000
v  -182.187330 -88.920156 30.000000
v  -164.003026 -93.052949 30.000000
v  -164.003026 -93.052949 30.000000
v  -164.003026 -93.052949 30.000000
v  -157.570247 -94.094520 30.000000
v  -157.570247 -94.094520 30.000000
v  -147.058738 -94.611962 30.000000
v  -147.058738 -94.611962 30.000000
v  -147.058738 -94.611962 30.000000
v  -127.283044 -92.350018 30.000000
v  -127.283044 -92.350018 30.000000
v  -115.084937 -87.012008 30.000000
v  -115.084937 -87.012008 30.000000
v  -115.084937 -87.012008 30.000000
v  -108.051903 -81.171893 30.000000
v  -108.051903 -81.171893 30.000000
v  -103.488518 -74.836008 30.000000
v  -103.488518 -74.836008 30.000000
v  -99.778709 -58.751251 30.000000
v  -99.778709 -58.751251 30.000000
v  -99.778709 -58.751251 30.000000
v  -100.165174 -53.825961 30.000000
v  -100.165174 -53.825961 30.000000
v  -101.126256 -49.682520 30.000000
v  -101.126256 -49.682520 30.000000
v  -101.126256 -49.682520 30.000000
v  -104.061132 -42.522628 30.000000
v  -104.061132 -42.522628 30.000000
v  -108.001325 -36.207229 30.000000
v  -108.001325 -36.207229 30.000000
v  -108.001325 -36.207229 30.000000
v  -114.476895 -28.288929 30.000000
v  -114.476895 -28.288929 30.000000
v  -121.159694 -21.417864 30.000000
v  -121.159694 -21.417864 30.000000
v  -121.159694 -21.417864 30.000000
v  -138.517488 -5.299970 30.000000
v  -138.517488 -5.299970 30.000000
v  -138.517488 -5.299970 30.000000
v  -146.143735 2.083346 30.000000
v  -146.143735 2.083346 30.000000
v  -151.201699 7.523435 30.000000
v  -151.201699 7.523435 30.000000
v  -151.201699 7.523435 30.000000
v  -156.534169 14.086302 30.000000
v  -156.534169 14.086302 30.000000
v  -161.766132 21.635243 30.000000
v  -161.766132 21.635243 30.000000
v  -161.766132 21.635243 30.000000
v  -168.807431 36.442632 30.000000
v  -168.807431 36.442632 30.000000
v  -170.753252 49.116187 30.000000
v  -170.753252 49.116187 30.000000
v  -170.753252 49.116187 30.000000
v  -169.793319 58.763461 30.000000
v  -169.793319 58.763461 30.000000
v  -167.175372 66.848618 30.000000
v  -167.175372 66.848618 30.000000
v  -156.676520 80.771170 30.000000
v  -156.676520 80.771170 30.000000
v  -156.676520 80.771170 30.000000
v  -142.748817 89.676226 30.000000
v  -142.748817 89.676226 30.000000
v  -124.044912 94.935154 30.000000
v  -124.044912 94.935154 30.000000
v  -124.044912 94.935154 30.000000
v  -118.921199 95.461045 30.000000
v  -118.921199 95.461045 30.000000
v  -112.343094 95.677955 30.000000
v  -112.343094 95.677955 30.000000
v  -112.343094 95.677955 30.000000
v  -96.832715 94.728627 30.000000
v  -96.832715 94.728627 30.000000
v  -80.245082 91.682923 30.000000
v  -80.245082 91.682923 30.000000
v  -80.245082 91.682923 30.000000
v  -75.561230 90.443084 30.000000
v  -75.561230 90.443084 30.000000
v  -75.561230 90.443084 30.000000
v  -78.591963 71.983276 30.000000
v  -78.591963 71.983276 30.000000
v  -78.591963 71.983276 30.000000
v  -88.510675 74.600705 30.000000
v  -88.510675 74.600705 30.000000
v  -88.510675 74.600705 30.000000
v  -100.157815 76.825035 30.000000
v  -100.157815 76.825035 30.000000
v  -113.858234 77.570200 30.000000
v  -113.858234 77.570200 30.000000
v  -113.858234 77.570200 30.000000
v  -129.187174 75.578407 30.000000
v  -129.187174 75.578407 30.000000
v  -138.532571 71.316677 30.000000
v  -138.532571 71.316677 30.000000
v  -138.532571 71.316677 30.000000
v  -144.016267 66.645373 30.000000
v  -144.016267 66.645373 30.000000
v  -147.509405 61.748097 30.000000
v  -147.509405 61.748097 30.000000
v  -150.364821 49.665144 30.000000
v  -150.364821 49.665144 30.000000
v  -150.364821 49.665144 30.000000
v  -149.982141 44.802996 30.000000
v  -149.982141 44.802996 30.000000
v  -148.987206 40.849563 30.000000
v  -148.987206 40.849563 30.000000
v  -148.987206 40.849563 30.000000
v  -147.083382 35.030884 30.000000
v  -147.083382 35.030884 30.000000
v  -144.453800 30.271144 30.000000
v  -144.453800 30.271144 30.000000
v  -144.453800 30.271144 30.000000
v  -138.730113 22.903279 30.000000
v  -138.730113 22.903279 30.000000
v  -132.180517 16.328324 30.000000
v  -132.180517 16.328324 30.000000
v  -132.180517 16.328324 30.000000
v  -102.837638 -11.223637 30.000000
v  -102.837638 -11.223637 30.000000
v  -102.837638 -11.223637 30.000000
v  -98.378468 -15.930614 30.000000
v  -98.378468 -15.930614 30.000000
v  -92.839388 -22.703698 30.000000
v  -92.839388 -22.703698 30.000000
v  -92.839388 -22.703698 30.000000
v  -86.229527 -32.626831 30.000000
v  -86.229527 -32.626831 30.000000
v  -81.903077 -42.134664 30.000000
v  -81.903077 -42.134664 30.000000
v  -81.903077 -42.134664 30.000000
v  -80.106449 -49.064228 30.000000
v  -80.106449 -49.064228 30.000000
v  -79.384451 -57.512540 30.000000
v  -79.384451 -57.512540 30.000000
v  -79.384451 -57.512540 30.000000
v  -84.322391 -80.313593 30.000000
v  -84.322391 -80.313593 30.000000
v  -90.535839 -90.062260 30.000000
v  -90.535839 -90.062260 30.000000
v  -100.058781 -99.419784 30.000000
v  -100.058781 -99.419784 30.000000
v  -100.058781 -99.419784 30.000000
v  -117.244158 -108.495570 30.000000
v  -117.244158 -108.495570 30.000000
v  -129.372452 -111.357841 30.000000
v  -129.372452 -111.357841 30.000000
v  -145.543521 -112.562418 30.000000
v  -145.543521 -112.562418 30.000000
v  -145.543521 -112.562418 30.000000
v  -162.894077 -111.536525 30.000000
v  -162.894077 -111.536525 30.000000
v  -180.809715 -108.206525 30.000000
v  -180.809715 -108.206525 30.000000
v  -180.809715 -108.206525 30.000000
v  -192.106042 -105.038050 30.000000
v  -192.106042 -105.038050 30.000000
v  -192.106042 -105.038050 30.000000
v  -59.167795 -87.129278 30.000000
v  -59.167795 -87.129278 30.000000
v  -59.167795 -87.129278 30.000000
v  -51.591059 -88.920156 30.000000
v  -51.591059 -88.920156 30.000000
v  -51.591059 -88.920156 30.000000
v  -33.406754 -93.052949 30.000000
v  -33.406754 -93.052949 30.000000
v  -33.406754 -93.052949 30.000000
v  -26.973976 -94.094520 30.000000
v  -26.973976 -94.094520 30.000000
v  -16.462467 -94.611962 30.000000
v  -16.462467 -94.611962 30.000000
v  -16.462467 -94.611962 30.000000
v  3.313227 -92.350018 30.000000
v  3.313227 -92.350018 30.000000
v  15.511334 -87.012008 30.000000
v  15.511334 -87.012008 30.000000
v  15.511334 -87.012008 30.000000
v  22.544369 -81.171893 30.000000
v  22.544369 -81.171893 30.000000
v  27.107754 -74.836008 30.000000
v  27.107754 -74.836008 30.000000
v  30.817563 -58.751251 30.000000
v  30.817563 -58.751251 30.000000
v  30.817563 -58.751251 30.000000
v  30.431097 -53.825961 30.000000
v  30.431097 -53.825961 30.000000
v  29.470016 -49.682520 30.000000
v  29.470016 -49.682520 30.000000
v  29.470016 -49.682520 30.000000
v  26.535139 -42.522628 30.000000
v  26.535139 -42.522628 30.000000
v  22.594946 -36.207229 30.000000
v  22.594946 -36.207229 30.000000
v  22.594946 -36.207229 30.000000
v  16.119376 -28.288929 30.000000
v  16.119376 -28.288929 30.000000
v  9.436577 -21.417864 30.000000
v  9.436577 -21.417864 30.000000
v  9.436577 -21.417864 30.000000
v  -7.921216 -5.299970 30.000000
v  -7.921216 -5.299970 30.000000
v  -7.921216 -5.299970 30.000000
v  -15.547464 2.083346 30.000000
v  -15.547464 2.083346 30.000000
v  -20.605428 7.523435 30.000000
v  -20.605428 7.523435 30.000000
v  -20.605428 7.523435 30.000000
v  -25.937898 14.086302 30.000000
v  -25.937898 14.086302 30.000000
v  -31.169861 21.635243 30.000000
v  -31.169861 21.635243 30.000000
v  -31.169861 21.635243 30.000000
v  -38.211160 36.442632 30.000000
v  -38.211160 36.442632 30.000000
v  -40.156980 49.116187 30.000000
v  -40.156980 49.116187 30.000000
v  -40.156980 49.116187 30.000000
v  -39.197044 58.763476 30.000000
v  -39.197044 58.763476 30.000000
v  -36.579090 66.848632 30.000000
v  -36.579090 66.848632 30.000000
v  -26.080227 80.771145 30.000000
v  -26.080227 80.771145 30.000000
v  -26.080227 80.771145 30.000000
v  -12.152396 89.676271 30.000000
v  -12.152396 89.676271 30.000000
v  6.551359 94.935154 30.000000
v  6.551359 94.935154 30.000000
v  6.551359 94.935154 30.000000
v  11.675073 95.461045 30.000000
v  11.675073 95.461045 30.000000
v  18.253177 95.677955 30.000000
v  18.253177 95.677955 30.000000
v  18.253177 95.677955 30.000000
v  33.763556 94.728627 30.000000
v  33.763556 94.728627 30.000000
v  50.351190 91.682923 30.000000
v  50.351190 91.682923 30.000000
v  50.351190 91.682923 30.000000
v  55.035042 90.443084 30.000000
v  55.035042 90.443084 30.000000
v  55.035042 90.443084 30.000000
v  52.004308 71.983276 30.000000
v  52.004308 71.983276 30.000000
v  52.004308 71.983276 30.000000
v  42.085597 74.600705 30.000000
v  42.085597 74.600705 30.000000
v  42.085597 74.600705 30.000000
v  30.438456 76.825035 30.000000
v  30.438456 76.825035 30.000000
v  16.738037 77.570200 30.000000
v  16.738037 77.570200 30.000000
v  16.738037 77.570200 30.000000
v  1.409097 75.578407 30.000000
v  1.409097 75.578407 30.000000
v  -7.936299 71.316677 30.000000
v  -7.936299 71.316677 30.000000
v  -7.936299 71.316677 30.000000
v  -13.419995 66.645373 30.000000
v  -13.419995 66.645373 30.000000
v  -16.913134 61.748097 30.000000
v  -16.913134 61.748097 30.000000
v  -19.768550 49.665144 30.000000
v  -19.768550 49.665144 30.000000
v  -19.768550 49.665144 30.000000
v  -19.385869 44.802996 30.000000
v  -19.385869 44.802996 30.000000
v  -18.390935 40.849563 30.000000
v  -18.390935 40.849563 30.000000
v  -18.390935 40.849563 30.000000
v  -16.487111 35.030884 30.000000
v  -16.487111 35.030884 30.000000
v  -13.857529 30.271144 30.000000
v  -13.857529 30.271144 30.000000
v  -13.857529 30.271144 30.000000
v  -8.133841 22.903279 30.000000
v  -8.133841 22.903279 30.000000
v  -1.584246 16.328324 30.000000
v  -1.584246 16.328324 30.000000
v  -1.584246 16.328324 30.000000
v  27.758634 -11.223637 30.000000
v  27.758634 -11.223637 30.000000
v  27.758634 -11.223637 30.000000
v  32.217803 -15.930614 30.000000
v  32.217803 -15.930614 30.000000
v  37.756883 -22.703698 30.000000
v  37.756883 -22.703698 30.000000
v  37.756883 -22.703698 30.000000
v  44.366744 -32.626831 30.000000
v  44.366744 -32.626831 30.000000
v  48.693194 -42.134664 30.000000
v  48.693194 -42.134664 30.000000
v  48.693194 -42.134664 30.000000
v  50.489823 -49.064228 30.000000
v  50.489823 -49.064228 30.000000
v  51.211820 -57.512540 30.000000
v  51.211820 -57.512540 30.000000
v  51.211820 -57.512540 30.000000
v  46.273880 -80.313593 30.000000
v  46.273880 -80.313593 30.000000
v  40.060432 -90.062260 30.000000
v  40.060432 -90.062260 30.000000
v  30.537490 -99.419784 30.000000
v  30.537490 -99.419784 30.000000
v  30.537490 -99.419784 30.000000
v  13.352114 -108.495570 30.000000
v  13.352114 -108.495570 30.000000
v  1.223819 -111.357841 30.000000
v  1.223819 -111.357841 30.000000
v  -14.947249 -112.562418 30.000000
v  -14.947249 -112.562418 30.000000
v  -14.947249 -112.562418 30.000000
v  -32.297806 -111.536525 30.000000
v  -32.297806 -111.536525 30.000000
v  -50.213444 -108.206525 30.000000
v  -50.213444 -108.206525 30.000000
v  -50.213444 -108.206525 30.000000
v  -61.509770 -105.038050 30.000000
v  -61.509770 -105.038050 30.000000
v  -61.509770 -105.038050 30.000000
v  73.770353 -79.139211 30.000000
v  73.770353 -79.139211 30.000000
v  73.770353 -79.139211 30.000000
v  109.174603 -2.407012 30.000000
v  109.174603 -2.407012 30.000000
v  109.174603 -2.407012 30.000000
v  136.175507 56.140897 30.000000
v  136.175507 56.140897 30.000000
v  136.175507 56.140897 30.000000
v  140.706822 67.284627 30.000000
v  140.706822 67.284627 30.000000
v  144.165597 77.906943 30.000000
v  144.165597 77.906943 30.000000
v  144.165597 77.906943 30.000000
v  146.645323 86.723567 30.000000
v  146.645323 86.723567 30.000000
v  146.645323 86.723567 30.000000
v  180.671957 95.677955 30.000000
v  180.671957 95.677955 30.000000
v  180.671957 95.677955 30.000000
v  181.085213 85.208212 30.000000
v  181.085213 85.208212 30.000000
v  181.085213 85.208212 30.000000
v  181.819625 74.628825 30.000000
v  181.819625 74.628825 30.000000
v  183.193551 62.428079 30.000000
v  183.193551 62.428079 30.000000
v  185.130091 48.567683 30.000000
v  185.130091 48.567683 30.000000
v  187.556958 33.015707 30.000000
v  187.556958 33.015707 30.000000
v  190.402510 15.745235 30.000000
v  190.402510 15.745235 30.000000
v  190.402510 15.745235 30.000000
v  195.785230 -15.147898 30.000000
v  195.785230 -15.147898 30.000000
v  200.647132 -40.566473 30.000000
v  200.647132 -40.566473 30.000000
v  200.647132 -40.566473 30.000000
v  208.223869 -76.384014 30.000000
v  208.223869 -76.384014 30.000000
v  208.223869 -76.384014 30.000000
v  215.800703 -108.482045 30.000000
v  215.800703 -108.482045 30.000000
v  215.800703 -108.482045 30.000000
v  192.794795 -108.482045 30.000000
v  192.794795 -108.482045 30.000000
v  192.794795 -108.482045 30.000000
v  186.457824 -71.424662 30.000000
v  186.457824 -71.424662 30.000000
v  186.457824 -71.424662 30.000000
v  180.534206 -39.877672 30.000000
v  180.534206 -39.877672 30.000000
v  180.534206 -39.877672 30.000000
v  112.067585 -39.877672 30.000000
v  112.067585 -39.877672 30.000000
v  112.067585 -39.877672 30.000000
v  97.465021 -74.317619 30.000000
v  97.465021 -74.317619 30.000000
v  97.465021 -74.317619 30.000000
v  93.040956 -85.370407 30.000000
v  93.040956 -85.370407 30.000000
v  89.612780 -94.843825 30.000000
v  89.612780 -94.843825 30.000000
v  89.612780 -94.843825 30.000000
v  85.204432 -108.482045 30.000000
v  85.204432 -108.482045 30.000000
v  85.204432 -108.482045 30.000000
v  59.305541 -108.482045 30.000000
v  59.305541 -108.482045 30.000000
v  59.305541 -108.482045 30.000000
v  118.680059 -23.759778 30.000000
v  118.680059 -23.759778 30.000000
v  118.680059 -23.759778 30.000000
v  178.467832 -23.759778 30.000000
v  178.467832 -23.759778 30.000000
v  178.467832 -23.759778 30.000000
v  172.957372 11.644484 30.000000
v  172.957372 11.644484 30.000000
v  172.957372 11.644484 30.000000
v  167.171505 50.768262 30.000000
v  167.171505 50.768262 30.000000
v  167.171505 50.768262 30.000000
v  163.452013 76.253824 30.000000
v  163.452013 76.253824 30.000000
v  163.452013 76.253824 30.000000
v  148.849449 42.502681 30.000000
v  148.849449 42.502681 30.000000
v  148.849449 42.502681 30.000000
v  140.337019 23.009291 30.000000
v  140.337019 23.009291 30.000000
v  133.078694 6.756964 30.000000
v  133.078694 6.756964 30.000000
v  127.083404 -6.264281 30.000000
v  127.083404 -6.264281 30.000000
v  127.083404 -6.264281 30.000000
v  248.311971 -92.915190 30.000000
v  248.311971 -92.915190 30.000000
v  248.311971 -92.915190 30.000000
v  251.794146 -74.458137 30.000000
v  251.794146 -74.458137 30.000000
v  254.511190 -56.959883 30.000000
v  254.511190 -56.959883 30.000000
v  254.511190 -56.959883 30.000000
v  267.047379 32.997249 30.000000
v  267.047379 32.997249 30.000000
v  267.047379 32.997249 30.000000
v  268.555183 44.711160 30.000000
v  268.555183 44.711160 30.000000
v  269.713885 55.192236 30.000000
v  269.713885 55.192236 30.000000
v  270.629120 64.406490 30.000000
v  270.629120 64.406490 30.000000
v  270.629120 64.406490 30.000000
v  270.904624 79.284545 30.000000
v  270.904624 79.284545 30.000000
v  270.904624 79.284545 30.000000
v  270.215768 91.545159 30.000000
v  270.215768 91.545159 30.000000
v  270.215768 91.545159 30.000000
v  296.941169 91.545159 30.000000
v  296.941169 91.545159 30.000000
v  296.941169 91.545159 30.000000
v  292.257414 69.090318 30.000000
v  292.257414 69.090318 30.000000
v  292.257414 69.090318 30.000000
v  288.790629 50.796017 30.000000
v  288.790629 50.796017 30.000000
v  286.333698 33.823809 30.000000
v  286.333698 33.823809 30.000000
v  286.333698 33.823809 30.000000
v  276.966091 -35.469360 30.000000
v  276.966091 -35.469360 30.000000
v  276.966091 -35.469360 30.000000
v  268.838250 -92.364151 30.000000
v  268.838250 -92.364151 30.000000
v  268.838250 -92.364151 30.000000
v  298.594287 -92.501910 30.000000
v  298.594287 -92.501910 30.000000
v  298.594287 -92.501910 30.000000
v  318.763046 -92.151699 30.000000
v  318.763046 -92.151699 30.000000
v  338.406885 -90.986552 30.000000
v  338.406885 -90.986552 30.000000
v  338.406885 -90.986552 30.000000
v  348.601100 -90.297754 30.000000
v  348.601100 -90.297754 30.000000
v  348.601100 -90.297754 30.000000
v  344.468352 -108.482045 30.000000
v  344.468352 -108.482045 30.000000
v  344.468352 -108.482045 30.000000
v  245.005733 -108.482045 30.000000
v  245.005733 -108.482045 30.000000
v  245.005733 -108.482045 30.000000
v  378.494987 -84.374082 30.000000
v  378.494987 -84.374082 30.000000
v  378.494987 -84.374082 30.000000
v  393.235302 3.516655 30.000000
v  393.235302 3.516655 30.000000
v  393.235302 3.516655 30.000000
v  397.334959 28.281566 30.000000
v  397.334959 28.281566 30.000000
v  400.497882 48.068663 30.000000
v  400.497882 48.068663 30.000000
v  402.734593 62.892012 30.000000
v  402.734593 62.892012 30.000000
v  402.734593 62.892012 30.000000
v  403.821819 71.959955 30.000000
v  403.821819 71.959955 30.000000
v  404.531629 82.590771 30.000000
v  404.531629 82.590771 30.000000
v  404.531629 82.590771 30.000000
v  404.807132 91.545159 30.000000
v  404.807132 91.545159 30.000000
v  404.807132 91.545159 30.000000
v  436.629641 91.545159 30.000000
v  436.629641 91.545159 30.000000
v  436.629641 91.545159 30.000000
v  441.588997 65.370801 30.000000
v  441.588997 65.370801 30.000000
v  441.588997 65.370801 30.000000
v  446.157793 42.368278 30.000000
v  446.157793 42.368278 30.000000
v  451.783212 17.154883 30.000000
v  451.783212 17.154883 30.000000
v  451.783212 17.154883 30.000000
v  464.457153 -40.015430 30.000000
v  464.457153 -40.015430 30.000000
v  464.457153 -40.015430 30.000000
v  467.170583 -53.448779 30.000000
v  467.170583 -53.448779 30.000000
v  471.482883 -78.312652 30.000000
v  471.482883 -78.312652 30.000000
v  471.482883 -78.312652 30.000000
v  474.100264 -94.981586 30.000000
v  474.100264 -94.981586 30.000000
v  474.100264 -94.981586 30.000000
v  480.161731 -80.241289 30.000000
v  480.161731 -80.241289 30.000000
v  480.161731 -80.241289 30.000000
v  492.146817 -52.413813 30.000000
v  492.146817 -52.413813 30.000000
v  492.146817 -52.413813 30.000000
v  508.402499 -17.009546 30.000000
v  508.402499 -17.009546 30.000000
v  508.402499 -17.009546 30.000000
v  513.831065 -5.310365 30.000000
v  513.831065 -5.310365 30.000000
v  519.138240 5.914470 30.000000
v  519.138240 5.914470 30.000000
v  524.300962 16.671410 30.000000
v  524.300962 16.671410 30.000000
v  529.297353 26.968482 30.000000
v  529.297353 26.968482 30.000000
v  534.106739 36.815151 30.000000
v  534.106739 36.815151 30.000000
v  538.709641 46.222198 30.000000
v  538.709641 46.222198 30.000000
v  538.709641 46.222198 30.000000
v  561.439948 91.545159 30.000000
v  561.439948 91.545159 30.000000
v  561.439948 91.545159 30.000000
v  593.951313 91.545159 30.000000
v  593.951313 91.545159 30.000000
v  593.951313 91.545159 30.000000
v  590.231723 67.988243 30.000000
v  590.231723 67.988243 30.000000
v  590.231723 67.988243 30.000000
v  589.140852 60.703672 30.000000
v  589.140852 60.703672 30.000000
v  587.995409 52.343558 30.000000
v  587.995409 52.343558 30.000000
v  586.790403 42.908291 30.000000
v  586.790403 42.908291 30.000000
v  585.520931 32.398289 30.000000
v  585.520931 32.398289 30.000000
v  584.182142 20.814002 30.000000
v  584.182142 20.814002 30.000000
v  582.769220 8.155907 30.000000
v  582.769220 8.155907 30.000000
v  581.277372 -5.575485 30.000000
v  581.277372 -5.575485 30.000000
v  581.277372 -5.575485 30.000000
v  576.042512 -53.653652 30.000000
v  576.042512 -53.653652 30.000000
v  576.042512 -53.653652 30.000000
v  573.808078 -75.745162 30.000000
v  573.808078 -75.745162 30.000000
v  572.736275 -91.675351 30.000000
v  572.736275 -91.675351 30.000000
v  572.736275 -91.675351 30.000000
v  572.323020 -108.482045 30.000000
v  572.323020 -108.482045 30.000000
v  572.323020 -108.482045 30.000000
v  549.868216 -108.482045 30.000000
v  549.868216 -108.482045 30.000000
v  549.868216 -108.482045 30.000000
v  555.378578 -71.562423 30.000000
v  555.378578 -71.562423 30.000000
v  555.378578 -71.562423 30.000000
v  566.123801 14.537441 30.000000
v  566.123801 14.537441 30.000000
v  566.123801 14.537441 30.000000
v  573.562883 76.116060 30.000000
v  573.562883 76.116060 30.000000
v  573.562883 76.116060 30.000000
v  565.710545 63.028887 30.000000
v  565.710545 63.028887 30.000000
v  565.710545 63.028887 30.000000
v  560.493486 53.606873 30.000000
v  560.493486 53.606873 30.000000
v  553.753960 40.240891 30.000000
v  553.753960 40.240891 30.000000
v  545.459867 22.940786 30.000000
v  545.459867 22.940786 30.000000
v  545.459867 22.940786 30.000000
v  525.346940 -19.075944 30.000000
v  525.346940 -19.075944 30.000000
v  525.346940 -19.075944 30.000000
v  513.018956 -45.626674 30.000000
v  513.018956 -45.626674 30.000000
v  498.346036 -79.139211 30.000000
v  498.346036 -79.139211 30.000000
v  498.346036 -79.139211 30.000000
v  485.809846 -108.482045 30.000000
v  485.809846 -108.482045 30.000000
v  485.809846 -108.482045 30.000000
v  458.671190 -112.477078 30.000000
v  458.671190 -112.477078 30.000000
v  458.671190 -112.477078 30.000000
v  457.431326 -99.114379 30.000000
v  457.431326 -99.114379 30.000000
v  457.431326 -99.114379 30.000000
v  455.778208 -87.542557 30.000000
v  455.778208 -87.542557 30.000000
v  455.778208 -87.542557 30.000000
v  452.609722 -70.322584 30.000000
v  452.609722 -70.322584 30.000000
v  452.609722 -70.322584 30.000000
v  444.481978 -31.198805 30.000000
v  444.481978 -31.198805 30.000000
v  444.481978 -31.198805 30.000000
v  421.338318 76.116060 30.000000
v  421.338318 76.116060 30.000000
v  421.338318 76.116060 30.000000
v  410.179743 4.205462 30.000000
v  410.179743 4.205462 30.000000
v  410.179743 4.205462 30.000000
v  401.500895 -50.485173 30.000000
v  401.500895 -50.485173 30.000000
v  401.500895 -50.485173 30.000000
v  399.159018 -67.567390 30.000000
v  399.159018 -67.567390 30.000000
v  399.159018 -67.567390 30.000000
v  397.368050 -83.409764 30.000000
v  397.368050 -83.409764 30.000000
v  397.368050 -83.409764 30.000000
v  395.163924 -108.482045 30.000000
v  395.163924 -108.482045 30.000000
v  395.163924 -108.482045 30.000000
v  373.260127 -108.482045 30.000000
v  373.260127 -108.482045 30.000000
v  373.260127 -108.482045 30.000000
v  611.997866 -79.139211 30.000000
v  611.997866 -79.139211 30.000000
v  611.997866 -79.139211 30.000000
v  647.402115 -2.407012 30.000000
v  647.402115 -2.407012 30.000000
v  647.402115 -2.407012 30.000000
v  674.403020 56.140897 30.000000
v  674.403020 56.140897 30.000000
v  674.403020 56.140897 30.000000
v  678.934310 67.284585 30.000000
v  678.934310 67.284585 30.000000
v  682.393012 77.906943 30.000000
v  682.393012 77.906943 30.000000
v  682.393012 77.906943 30.000000
v  684.872738 86.723567 30.000000
v  684.872738 86.723567 30.000000
v  684.872738 86.723567 30.000000
v  718.899470 95.677955 30.000000
v  718.899470 95.677955 30.000000
v  718.899470 95.677955 30.000000
v  719.312628 85.208212 30.000000
v  719.312628 85.208212 30.000000
v  719.312628 85.208212 30.000000
v  720.046984 74.628803 30.000000
v  720.046984 74.628803 30.000000
v  721.420907 62.428056 30.000000
v  721.420907 62.428056 30.000000
v  723.357477 48.567667 30.000000
v  723.357477 48.567667 30.000000
v  725.784388 33.015699 30.000000
v  725.784388 33.015699 30.000000
v  728.629982 15.745228 30.000000
v  728.629982 15.745228 30.000000
v  728.629982 15.745228 30.000000
v  734.012684 -15.147868 30.000000
v  734.012684 -15.147868 30.000000
v  738.874547 -40.566473 30.000000
v  738.874547 -40.566473 30.000000
v  738.874547 -40.566473 30.000000
v  746.451382 -76.384014 30.000000
v  746.451382 -76.384014 30.000000
v  746.451382 -76.384014 30.000000
v  754.028216 -108.482045 30.000000
v  754.028216 -108.482045 30.000000
v  754.028216 -108.482045 30.000000
v  731.022210 -108.482045 30.000000
v  731.022210 -108.482045 30.000000
v  731.022210 -108.482045 30.000000
v  724.685434 -71.424662 30.000000
v  724.685434 -71.424662 30.000000
v  724.685434 -71.424662 30.000000
v  718.761621 -39.877672 30.000000
v  718.761621 -39.877672 30.000000
v  718.761621 -39.877672 30.000000
v  650.295000 -39.877672 30.000000
v  650.295000 -39.877672 30.000000
v  650.295000 -39.877672 30.000000
v  635.692533 -74.317619 30.000000
v  635.692533 -74.317619 30.000000
v  635.692533 -74.317619 30.000000
v  631.268475 -85.370382 30.000000
v  631.268475 -85.370382 30.000000
v  627.840196 -94.843825 30.000000
v  627.840196 -94.843825 30.000000
v  627.840196 -94.843825 30.000000
v  623.431944 -108.482045 30.000000
v  623.431944 -108.482045 30.000000
v  623.431944 -108.482045 30.000000
v  597.533054 -108.482045 30.000000
v  597.533054 -108.482045 30.000000
v  597.533054 -108.482045 30.000000
v  656.907474 -23.759778 30.000000
v  656.907474 -23.759778 30.000000
v  656.907474 -23.759778 30.000000
v  716.695247 -23.759778 30.000000
v  716.695247 -23.759778 30.000000
v  716.695247 -23.759778 30.000000
v  711.184787 11.644484 30.000000
v  711.184787 11.644484 30.000000
v  711.184787 11.644484 30.000000
v  705.399018 50.768262 30.000000
v  705.399018 50.768262 30.000000
v  705.399018 50.768262 30.000000
v  701.679428 76.253824 30.000000
v  701.679428 76.253824 30.000000
v  701.679428 76.253824 30.000000
v  687.076961 42.502681 30.000000
v  687.076961 42.502681 30.000000
v  687.076961 42.502681 30.000000
v  678.564532 23.009287 30.000000
v  678.564532 23.009287 30.000000
v  671.306150 6.756967 30.000000
v  671.306150 6.756967 30.000000
v  665.310819 -6.264281 30.000000
v  665.310819 -6.264281 30.000000
v  665.310819 -6.264281 30.000000
v  788.743609 -87.542557 30.000000
v  788.743609 -87.542557 30.000000
v  788.743609 -87.542557 30.000000
v  789.303074 -85.002461 30.000000
v  789.303074 -85.002461 30.000000
v  789.880332 -81.936051 30.000000
v  789.880332 -81.936051 30.000000
v  790.485468 -78.344245 30.000000
v  790.485468 -78.344245 30.000000
v  791.128005 -74.228178 30.000000
v  791.128005 -74.228178 30.000000
v  791.817170 -69.589203 30.000000
v  791.817170 -69.589203 30.000000
v  792.561998 -64.428889 30.000000
v  792.561998 -64.428889 30.000000
v  793.371378 -58.749016 30.000000
v  793.371378 -58.749016 30.000000
v  794.254069 -52.551571 30.000000
v  794.254069 -52.551571 30.000000
v  794.254069 -52.551571 30.000000
v  806.101305 32.721734 30.000000
v  806.101305 32.721734 30.000000
v  806.101305 32.721734 30.000000
v  809.219504 57.759127 30.000000
v  809.219504 57.759127 30.000000
v  811.060758 78.733502 30.000000
v  811.060758 78.733502 30.000000
v  811.060758 78.733502 30.000000
v  811.749615 91.545159 30.000000
v  811.749615 91.545159 30.000000
v  811.749615 91.545159 30.000000
v  839.852533 91.545159 30.000000
v  839.852533 91.545159 30.000000
v  839.852533 91.545159 30.000000
v  845.225144 81.764211 30.000000
v  845.225144 81.764211 30.000000
v  845.225144 81.764211 30.000000
v  847.320582 77.784961 30.000000
v  847.320582 77.784961 30.000000
v  849.529846 73.290328 30.000000
v  849.529846 73.290328 30.000000
v  851.867668 68.282564 30.000000
v  851.867668 68.282564 30.000000
v  854.347785 62.764149 30.000000
v  854.347785 62.764149 30.000000
v  856.983362 56.737893 30.000000
v  856.983362 56.737893 30.000000
v  859.787210 50.206986 30.000000
v  859.787210 50.206986 30.000000
v  862.771896 43.175035 30.000000
v  862.771896 43.175035 30.000000
v  865.949806 35.646084 30.000000
v  865.949806 35.646084 30.000000
v  869.333164 27.624626 30.000000
v  869.333164 27.624626 30.000000
v  869.333164 27.624626 30.000000
v  889.859249 -21.555622 30.000000
v  889.859249 -21.555622 30.000000
v  889.859249 -21.555622 30.000000
v  892.166453 -27.259066 30.000000
v  892.166453 -27.259066 30.000000
v  894.776304 -34.022241 30.000000
v  894.776304 -34.022241 30.000000
v  897.699484 -41.846572 30.000000
v  897.699484 -41.846572 30.000000
v  900.946708 -50.733458 30.000000
v  900.946708 -50.733458 30.000000
v  904.528815 -60.684238 30.000000
v  904.528815 -60.684238 30.000000
v  908.456809 -71.700183 30.000000
v  908.456809 -71.700183 30.000000
v  908.456809 -71.700183 30.000000
v  916.171492 -93.741747 30.000000
v  916.171492 -93.741747 30.000000
v  916.171492 -93.741747 30.000000
v  919.890887 -62.332519 30.000000
v  919.890887 -62.332519 30.000000
v  919.890887 -62.332519 30.000000
v  926.916714 -6.815324 30.000000
v  926.916714 -6.815324 30.000000
v  926.916714 -6.815324 30.000000
v  934.906706 50.492746 30.000000
v  934.906706 50.492746 30.000000
v  934.906706 50.492746 30.000000
v  936.709222 66.299967 30.000000
v  936.709222 66.299967 30.000000
v  938.075289 83.555094 30.000000
v  938.075289 83.555094 30.000000
v  938.075289 83.555094 30.000000
v  938.488447 91.545159 30.000000
v  938.488447 91.545159 30.000000
v  938.488447 91.545159 30.000000
v  960.530093 91.545159 30.000000
v  960.530093 91.545159 30.000000
v  960.530093 91.545159 30.000000
v  957.361705 75.151749 30.000000
v  957.361705 75.151749 30.000000
v  957.361705 75.151749 30.000000
v  954.742023 59.910866 30.000000
v  954.742023 59.910866 30.000000
v  952.126748 41.400606 30.000000
v  952.126748 41.400606 30.000000
v  952.126748 41.400606 30.000000
v  943.723404 -19.213702 30.000000
v  943.723404 -19.213702 30.000000
v  943.723404 -19.213702 30.000000
v  935.595562 -78.863692 30.000000
v  935.595562 -78.863692 30.000000
v  935.595562 -78.863692 30.000000
v  934.218045 -90.435513 30.000000
v  934.218045 -90.435513 30.000000
v  934.218045 -90.435513 30.000000
v  932.427174 -108.482045 30.000000
v  932.427174 -108.482045 30.000000
v  932.427174 -108.482045 30.000000
v  904.599565 -112.477078 30.000000
v  904.599565 -112.477078 30.000000
v  904.599565 -112.477078 30.000000
v  887.517372 -65.225473 30.000000
v  887.517372 -65.225473 30.000000
v  887.517372 -65.225473 30.000000
v  884.624787 -57.438032 30.000000
v  884.624787 -57.438032 30.000000
v  881.445789 -49.248777 30.000000
v  881.445789 -49.248777 30.000000
v  877.995704 -40.646233 30.000000
v  877.995704 -40.646233 30.000000
v  874.289661 -31.620158 30.000000
v  874.289661 -31.620158 30.000000
v  870.342784 -22.161365 30.000000
v  870.342784 -22.161365 30.000000
v  866.170299 -12.261619 30.000000
v  866.170299 -12.261619 30.000000
v  861.787589 -1.913570 30.000000
v  861.787589 -1.913570 30.000000
v  857.210230 8.889290 30.000000
v  857.210230 8.889290 30.000000
v  857.210230 8.889290 30.000000
v  828.831808 74.049674 30.000000
v  828.831808 74.049674 30.000000
v  828.831808 74.049674 30.000000
v  817.673233 -17.422825 30.000000
v  817.673233 -17.422825 30.000000
v  817.673233 -17.422825 30.000000
v  811.887269 -62.332519 30.000000
v  811.887269 -62.332519 30.000000
v  811.887269 -62.332519 30.000000
v  809.853524 -79.368749 30.000000
v  809.853524 -79.368749 30.000000
v  808.718881 -92.915190 30.000000
v  808.718881 -92.915190 30.000000
v  808.718881 -92.915190 30.000000
v  808.030025 -108.482045 30.000000
v  808.030025 -108.482045 30.000000
v  808.030025 -108.482045 30.000000
v  783.646501 -108.482045 30.000000
v  783.646501 -108.482045 30.000000
v  783.646501 -108.482045 30.000000
v  989.735221 -71.424662 30.000000
v  989.735221 -71.424662 30.000000
v  989.735221 -71.424662 30.000000
v  997.863062 -12.876755 30.000000
v  997.863062 -12.876755 30.000000
v  997.863062 -12.876755 30.000000
v  1005.853054 45.671154 30.000000
v  1005.853054 45.671154 30.000000
v  1005.853054 45.671154 30.000000
v  1006.988211 57.016005 30.000000
v  1006.988211 57.016005 30.000000
v  1007.781773 69.090318 30.000000
v  1007.781773 69.090318 30.000000
v  1007.781773 69.090318 30.000000
v  1008.057277 91.545159 30.000000
v  1008.057277 91.545159 30.000000
v  1008.057277 91.545159 30.000000
v  1032.716304 91.545159 30.000000
v  1032.716304 91.545159 30.000000
v  1032.716304 91.545159 30.000000
v  1030.649735 80.111105 30.000000
v  1030.649735 80.111105 30.000000
v  1030.649735 80.111105 30.000000
v  1026.379333 52.972424 30.000000
v  1026.379333 52.972424 30.000000
v  1026.379333 52.972424 30.000000
v  1013.843046 -40.704231 30.000000
v  1013.843046 -40.704231 30.000000
v  1013.843046 -40.704231 30.000000
v  1009.021442 -78.863692 30.000000
v  1009.021442 -78.863692 30.000000
v  1009.021442 -78.863692 30.000000
v  1006.266407 -108.482045 30.000000
v  1006.266407 -108.482045 30.000000
v  1006.266407 -108.482045 30.000000
v  983.398250 -108.482045 30.000000
v  983.398250 -108.482045 30.000000
v  983.398250 -108.482045 30.000000

vt  0.747952 0.000000 0.000000
vt  0.747952 0.000000 0.000000
vt  0.747952 0.000000 0.000000
vt  0.615035 0.000000 0.000000
vt  0.615035 0.000000 0.000000
vt  0.456214 0.000000 0.000000
vt  0.456214 0.000000 0.000000
vt  0.456214 0.000000 0.000000
vt  0.364491 0.000000 0.000000
vt  0.364491 0.000000 0.000000
vt  0.285421 0.000000 0.000000
vt  0.285421 0.000000 0.000000
vt  0.153184 0.000000 0.000000
vt  0.153184 0.000000 0.000000
vt  0.153184 0.000000 0.000000
vt  0.081925 0.000000 0.000000
vt  0.081925 0.000000 0.000000
vt  0.036850 0.000000 0.000000
vt  0.036850 0.000000 0.000000
vt  0.000113 0.000000 0.000000
vt  0.000113 0.000000 0.000000
vt  0.000113 0.000000 0.000000
vt  0.045163 0.000000 0.000000
vt  0.045163 0.000000 0.000000
vt  0.104223 0.000000 0.000000
vt  0.104223 0.000000 0.000000
vt  0.201707 0.000000 0.000000
vt  0.201707 0.000000 0.000000
vt  0.201707 0.000000 0.000000
vt  0.293620 0.000000 0.000000
vt  0.293620 0.000000 0.000000
vt  0.387526 0.000000 0.000000
vt  0.387526 0.000000 0.000000
vt  0.590504 0.000000 0.000000
vt  0.590504 0.000000 0.000000
vt  0.590504 0.000000 0.000000
vt  0.685917 0.000000 0.000000
vt  0.685917 0.000000 0.000000
vt  0.761652 0.000000 0.000000
vt  0.761652 0.000000 0.000000
vt  0.875227 0.000000 0.000000
vt  0.875227 0.000000 0.000000
vt  0.875227 0.000000 0.000000
vt  0.965813 0.000000 0.000000
vt  0.965813 0.000000 0.000000
vt  0.989896 0.000000 0.000000
vt  0.989896 0.000000 0.000000
vt  0.999523 0.000000 0.000000
vt  0.999523 0.000000 0.000000
vt  0.999523 0.000000 0.000000
vt  0.990165 0.000000 0.000000
vt  0.990165 0.000000 0.000000
vt  0.961464 0.000000 0.000000
vt  0.961464 0.000000 0.000000
vt  0.961464 0.000000 0.000000
vt  0.880469 0.000000 0.000000
vt  0.880469 0.000000 0.000000
vt  0.822546 0.000000 0.000000
vt  0.822546 0.000000 0.000000
vt  0.456874 0.000000 0.000000
vt  0.456874 0.000000 0.000000
vt  0.456874 0.000000 0.000000
vt  0.561803 0.000000 0.000000
vt  0.561803 0.000000 0.000000
vt  0.652876 0.000000 0.000000
vt  0.652876 0.000000 0.000000
vt  0.652876 0.000000 0.000000
vt  0.723746 0.000000 0.000000
vt  0.723746 0.000000 0.000000
vt  0.790676 0.000000 0.000000
vt  0.790676 0.000000 0.000000
vt  0.790676 0.000000 0.000000
vt  0.847235 0.000000 0.000000
vt  0.847235 0.000000 0.000000
vt  0.883687 0.000000 0.000000
vt  0.883687 0.000000 0.000000
vt  0.912325 0.000000 0.000000
vt  0.912325 0.000000 0.000000
vt  0.912325 0.000000 0.000000
vt  0.904944 0.000000 0.000000
vt  0.904944 0.000000 0.000000
vt  0.885941 0.000000 0.000000
vt  0.885941 0.000000 0.000000
vt  0.813188 0.000000 0.000000
vt  0.813188 0.000000 0.000000
vt  0.813188 0.000000 0.000000
vt  0.728146 0.000000 0.000000
vt  0.728146 0.000000 0.000000
vt  0.670336 0.000000 0.000000
vt  0.670336 0.000000 0.000000
vt  0.595800 0.000000 0.000000
vt  0.595800 0.000000 0.000000
vt  0.595800 0.000000 0.000000
vt  0.485321 0.000000 0.000000
vt  0.485321 0.000000 0.000000
vt  0.377563 0.000000 0.000000
vt  0.377563 0.000000 0.000000
vt  0.377563 0.000000 0.000000
vt  0.291576 0.000000 0.000000
vt  0.291576 0.000000 0.000000
vt  0.218662 0.000000 0.000000
vt  0.218662 0.000000 0.000000
vt  0.218662 0.000000 0.000000
vt  0.163258 0.000000 0.000000
vt  0.163258 0.000000 0.000000
vt  0.122134 0.000000 0.000000
vt  0.122134 0.000000 0.000000
vt  0.122134 0.000000 0.000000
vt  0.094936 0.000000 0.000000
vt  0.094936 0.000000 0.000000
vt  0.085381 0.000000 0.000000
vt  0.085381 0.000000 0.000000
vt  0.085381 0.000000 0.000000
vt  0.091429 0.000000 0.000000
vt  0.091429 0.000000 0.000000
vt  0.109194 0.000000 0.000000
vt  0.109194 0.000000 0.000000
vt  0.109194 0.000000 0.000000
vt  0.162820 0.000000 0.000000
vt  0.162820 0.000000 0.000000
vt  0.204436 0.000000 0.000000
vt  0.204436 0.000000 0.000000
vt  0.262224 0.000000 0.000000
vt  0.262224 0.000000 0.000000
vt  0.262224 0.000000 0.000000
vt  0.346603 0.000000 0.000000
vt  0.346603 0.000000 0.000000
vt  0.118826 0.000000 0.000000
vt  0.118826 0.000000 0.000000
vt  0.118826 0.000000 0.000000
vt  0.019595 0.000000 0.000000
vt  0.019595 0.000000 0.000000
vt  0.019595 0.000000 0.000000
vt  0.019595 0.000000 0.000000
vt  0.019595 0.000000 0.000000
vt  0.019595 0.000000 0.000000
vt  0.110226 0.000000 0.000000
vt  0.110226 0.000000 0.000000
vt  0.110226 0.000000 0.000000
vt  0.172910 0.000000 0.000000
vt  0.172910 0.000000 0.000000
vt  0.253780 0.000000 0.000000
vt  0.253780 0.000000 0.000000
vt  0.253780 0.000000 0.000000
vt  0.394689 0.000000 0.000000
vt  0.394689 0.000000 0.000000
vt  0.394689 0.000000 0.000000
vt  0.435284 0.000000 0.000000
vt  0.435284 0.000000 0.000000
vt  0.481467 0.000000 0.000000
vt  0.481467 0.000000 0.000000
vt  0.481467 0.000000 0.000000
vt  0.540510 0.000000 0.000000
vt  0.540510 0.000000 0.000000
vt  0.579889 0.000000 0.000000
vt  0.579889 0.000000 0.000000
vt  0.625206 0.000000 0.000000
vt  0.625206 0.000000 0.000000
vt  0.625206 0.000000 0.000000
vt  0.635301 0.000000 0.000000
vt  0.635301 0.000000 0.000000
vt  0.638561 0.000000 0.000000
vt  0.638561 0.000000 0.000000
vt  0.638561 0.000000 0.000000
vt  0.635330 0.000000 0.000000
vt  0.635330 0.000000 0.000000
vt  0.627036 0.000000 0.000000
vt  0.627036 0.000000 0.000000
vt  0.595396 0.000000 0.000000
vt  0.595396 0.000000 0.000000
vt  0.595396 0.000000 0.000000
vt  0.557253 0.000000 0.000000
vt  0.557253 0.000000 0.000000
vt  0.529002 0.000000 0.000000
vt  0.529002 0.000000 0.000000
vt  0.490622 0.000000 0.000000
vt  0.490622 0.000000 0.000000
vt  0.490622 0.000000 0.000000
vt  0.448221 0.000000 0.000000
vt  0.448221 0.000000 0.000000
vt  0.421812 0.000000 0.000000
vt  0.421812 0.000000 0.000000
vt  0.421812 0.000000 0.000000
vt  0.323242 0.000000 0.000000
vt  0.323242 0.000000 0.000000
vt  0.323242 0.000000 0.000000
vt  0.140657 0.000000 0.000000
vt  0.140657 0.000000 0.000000
vt  0.140657 0.000000 0.000000
vt  0.019595 0.000000 0.000000
vt  0.019595 0.000000 0.000000
vt  0.019595 0.000000 0.000000
vt  0.019595 0.000000 0.000000
vt  0.019595 0.000000 0.000000
vt  0.019595 0.000000 0.000000
vt  0.075164 0.000000 0.000000
vt  0.075164 0.000000 0.000000
vt  0.075164 0.000000 0.000000
vt  0.237373 0.000000 0.000000
vt  0.237373 0.000000 0.000000
vt  0.422542 0.000000 0.000000
vt  0.422542 0.000000 0.000000
vt  0.422542 0.000000 0.000000
vt  0.465480 0.000000 0.000000
vt  0.465480 0.000000 0.000000
vt  0.504537 0.000000 0.000000
vt  0.504537 0.000000 0.000000
vt  0.504537 0.000000 0.000000
vt  0.570041 0.000000 0.000000
vt  0.570041 0.000000 0.000000
vt  0.607692 0.000000 0.000000
vt  0.607692 0.000000 0.000000
vt  0.638429 0.000000 0.000000
vt  0.638429 0.000000 0.000000
vt  0.638429 0.000000 0.000000
vt  0.632215 0.000000 0.000000
vt  0.632215 0.000000 0.000000
vt  0.612258 0.000000 0.000000
vt  0.612258 0.000000 0.000000
vt  0.612258 0.000000 0.000000
vt  0.568299 0.000000 0.000000
vt  0.568299 0.000000 0.000000
vt  0.534038 0.000000 0.000000
vt  0.534038 0.000000 0.000000
vt  0.484666 0.000000 0.000000
vt  0.484666 0.000000 0.000000
vt  0.484666 0.000000 0.000000
vt  0.437093 0.000000 0.000000
vt  0.437093 0.000000 0.000000
vt  0.393366 0.000000 0.000000
vt  0.393366 0.000000 0.000000
vt  0.393366 0.000000 0.000000
vt  0.182995 0.000000 0.000000
vt  0.182995 0.000000 0.000000
vt  0.182995 0.000000 0.000000
vt  0.019595 0.000000 0.000000
vt  0.019595 0.000000 0.000000
vt  0.019595 0.000000 0.000000
vt  0.019595 0.000000 0.000000
vt  0.019595 0.000000 0.000000
vt  0.019595 0.000000 0.000000
vt  0.111549 0.000000 0.000000
vt  0.111549 0.000000 0.000000
vt  0.111549 0.000000 0.000000
vt  0.186537 0.000000 0.000000
vt  0.186537 0.000000 0.000000
vt  0.256427 0.000000 0.000000
vt  0.256427 0.000000 0.000000
vt  0.256427 0.000000 0.000000
vt  0.390720 0.000000 0.000000
vt  0.390720 0.000000 0.000000
vt  0.390720 0.000000 0.000000
vt  0.451556 0.000000 0.000000
vt  0.451556 0.000000 0.000000
vt  0.502508 0.000000 0.000000
vt  0.502508 0.000000 0.000000
vt  0.502508 0.000000 0.000000
vt  0.554692 0.000000 0.000000
vt  0.554692 0.000000 0.000000
vt  0.595519 0.000000 0.000000
vt  0.595519 0.000000 0.000000
vt  0.657081 0.000000 0.000000
vt  0.657081 0.000000 0.000000
vt  0.657081 0.000000 0.000000
vt  0.705937 0.000000 0.000000
vt  0.705937 0.000000 0.000000
vt  0.717877 0.000000 0.000000
vt  0.717877 0.000000 0.000000
vt  0.722152 0.000000 0.000000
vt  0.722152 0.000000 0.000000
vt  0.722152 0.000000 0.000000
vt  0.715337 0.000000 0.000000
vt  0.715337 0.000000 0.000000
vt  0.696550 0.000000 0.000000
vt  0.696550 0.000000 0.000000
vt  0.620275 0.000000 0.000000
vt  0.620275 0.000000 0.000000
vt  0.620275 0.000000 0.000000
vt  0.597782 0.000000 0.000000
vt  0.597782 0.000000 0.000000
vt  0.597782 0.000000 0.000000
vt  0.620275 0.000000 0.000000
vt  0.620275 0.000000 0.000000
vt  0.620275 0.000000 0.000000
vt  0.666772 0.000000 0.000000
vt  0.666772 0.000000 0.000000
vt  0.696745 0.000000 0.000000
vt  0.696745 0.000000 0.000000
vt  0.721790 0.000000 0.000000
vt  0.721790 0.000000 0.000000
vt  0.721790 0.000000 0.000000
vt  0.716583 0.000000 0.000000
vt  0.716583 0.000000 0.000000
vt  0.703097 0.000000 0.000000
vt  0.703097 0.000000 0.000000
vt  0.652690 0.000000 0.000000
vt  0.652690 0.000000 0.000000
vt  0.652690 0.000000 0.000000
vt  0.617629 0.000000 0.000000
vt  0.617629 0.000000 0.000000
vt  0.617629 0.000000 0.000000
vt  0.677829 0.000000 0.000000
vt  0.677829 0.000000 0.000000
vt  0.677829 0.000000 0.000000
vt  0.712891 0.000000 0.000000
vt  0.712891 0.000000 0.000000
vt  0.712891 0.000000 0.000000
vt  0.702306 0.000000 0.000000
vt  0.702306 0.000000 0.000000
vt  0.702306 0.000000 0.000000
vt  0.664598 0.000000 0.000000
vt  0.664598 0.000000 0.000000
vt  0.664598 0.000000 0.000000
vt  0.607450 0.000000 0.000000
vt  0.607450 0.000000 0.000000
vt  0.564046 0.000000 0.000000
vt  0.564046 0.000000 0.000000
vt  0.564046 0.000000 0.000000
vt  0.455117 0.000000 0.000000
vt  0.455117 0.000000 0.000000
vt  0.285534 0.000000 0.000000
vt  0.285534 0.000000 0.000000
vt  0.285534 0.000000 0.000000
vt  0.708921 0.000000 0.000000
vt  0.708921 0.000000 0.000000
vt  0.708921 0.000000 0.000000
vt  0.625567 0.000000 0.000000
vt  0.625567 0.000000 0.000000
vt  0.625567 0.000000 0.000000
vt  0.630198 0.000000 0.000000
vt  0.630198 0.000000 0.000000
vt  0.630198 0.000000 0.000000
vt  0.636999 0.000000 0.000000
vt  0.636999 0.000000 0.000000
vt  0.638495 0.000000 0.000000
vt  0.638495 0.000000 0.000000
vt  0.638495 0.000000 0.000000
vt  0.637770 0.000000 0.000000
vt  0.637770 0.000000 0.000000
vt  0.636164 0.000000 0.000000
vt  0.636164 0.000000 0.000000
vt  0.633868 0.000000 0.000000
vt  0.633868 0.000000 0.000000
vt  0.631027 0.000000 0.000000
vt  0.631027 0.000000 0.000000
vt  0.627753 0.000000 0.000000
vt  0.627753 0.000000 0.000000
vt  0.624128 0.000000 0.000000
vt  0.624128 0.000000 0.000000
vt  0.620213 0.000000 0.000000
vt  0.620213 0.000000 0.000000
vt  0.616051 0.000000 0.000000
vt  0.616051 0.000000 0.000000
vt  0.610165 0.000000 0.000000
vt  0.610165 0.000000 0.000000
vt  0.603925 0.000000 0.000000
vt  0.603925 0.000000 0.000000
vt  0.597335 0.000000 0.000000
vt  0.597335 0.000000 0.000000
vt  0.590375 0.000000 0.000000
vt  0.590375 0.000000 0.000000
vt  0.583002 0.000000 0.000000
vt  0.583002 0.000000 0.000000
vt  0.575151 0.000000 0.000000
vt  0.575151 0.000000 0.000000
vt  0.566735 0.000000 0.000000
vt  0.566735 0.000000 0.000000
vt  0.557641 0.000000 0.000000
vt  0.557641 0.000000 0.000000
vt  0.547728 0.000000 0.000000
vt  0.547728 0.000000 0.000000
vt  0.536823 0.000000 0.000000
vt  0.536823 0.000000 0.000000
vt  0.524710 0.000000 0.000000
vt  0.524710 0.000000 0.000000
vt  0.511120 0.000000 0.000000
vt  0.511120 0.000000 0.000000
vt  0.511120 0.000000 0.000000
vt  0.467459 0.000000 0.000000
vt  0.467459 0.000000 0.000000
vt  0.467459 0.000000 0.000000
vt  0.469443 0.000000 0.000000
vt  0.469443 0.000000 0.000000
vt  0.469443 0.000000 0.000000
vt  0.474018 0.000000 0.000000
vt  0.474018 0.000000 0.000000
vt  0.475397 0.000000 0.000000
vt  0.475397 0.000000 0.000000
vt  0.475397 0.000000 0.000000
vt  0.473105 0.000000 0.000000
vt  0.473105 0.000000 0.000000
vt  0.466448 0.000000 0.000000
vt  0.466448 0.000000 0.000000
vt  0.466448 0.000000 0.000000
vt  0.452268 0.000000 0.000000
vt  0.452268 0.000000 0.000000
vt  0.432545 0.000000 0.000000
vt  0.432545 0.000000 0.000000
vt  0.377473 0.000000 0.000000
vt  0.377473 0.000000 0.000000
vt  0.377473 0.000000 0.000000
vt  0.334848 0.000000 0.000000
vt  0.334848 0.000000 0.000000
vt  0.292356 0.000000 0.000000
vt  0.292356 0.000000 0.000000
vt  0.200860 0.000000 0.000000
vt  0.200860 0.000000 0.000000
vt  0.200860 0.000000 0.000000
vt  0.154303 0.000000 0.000000
vt  0.154303 0.000000 0.000000
vt  0.116629 0.000000 0.000000
vt  0.116629 0.000000 0.000000
vt  0.055488 0.000000 0.000000
vt  0.055488 0.000000 0.000000
vt  0.055488 0.000000 0.000000
vt  0.014473 0.000000 0.000000
vt  0.014473 0.000000 0.000000
vt  0.003823 0.000000 0.000000
vt  0.003823 0.000000 0.000000
vt  0.000068 0.000000 0.000000
vt  0.000068 0.000000 0.000000
vt  0.000068 0.000000 0.000000
vt  0.004568 0.000000 0.000000
vt  0.004568 0.000000 0.000000
vt  0.017088 0.000000 0.000000
vt  0.017088 0.000000 0.000000
vt  0.067887 0.000000 0.000000
vt  0.067887 0.000000 0.000000
vt  0.067887 0.000000 0.000000
vt  0.100303 0.000000 0.000000
vt  0.100303 0.000000 0.000000
vt  0.100303 0.000000 0.000000
vt  0.051349 0.000000 0.000000
vt  0.051349 0.000000 0.000000
vt  0.051349 0.000000 0.000000
vt  0.019595 0.000000 0.000000
vt  0.019595 0.000000 0.000000
vt  0.019595 0.000000 0.000000
vt  0.019595 0.000000 0.000000
vt  0.019595 0.000000 0.000000
vt  0.019595 0.000000 0.000000
vt  0.097657 0.000000 0.000000
vt  0.097657 0.000000 0.000000
vt  0.097657 0.000000 0.000000
vt  0.211394 0.000000 0.000000
vt  0.211394 0.000000 0.000000
vt  0.343089 0.000000 0.000000
vt  0.343089 0.000000 0.000000
vt  0.343089 0.000000 0.000000
vt  0.443643 0.000000 0.000000
vt  0.443643 0.000000 0.000000
vt  0.443643 0.000000 0.000000
vt  0.482708 0.000000 0.000000
vt  0.482708 0.000000 0.000000
vt  0.515083 0.000000 0.000000
vt  0.515083 0.000000 0.000000
vt  0.515083 0.000000 0.000000
vt  0.611060 0.000000 0.000000
vt  0.611060 0.000000 0.000000
vt  0.670707 0.000000 0.000000
vt  0.670707 0.000000 0.000000
vt  0.711191 0.000000 0.000000
vt  0.711191 0.000000 0.000000
vt  0.711191 0.000000 0.000000
vt  0.719486 0.000000 0.000000
vt  0.719486 0.000000 0.000000
vt  0.722152 0.000000 0.000000
vt  0.722152 0.000000 0.000000
vt  0.722152 0.000000 0.000000
vt  0.719881 0.000000 0.000000
vt  0.719881 0.000000 0.000000
vt  0.712891 0.000000 0.000000
vt  0.712891 0.000000 0.000000
vt  0.712891 0.000000 0.000000
vt  0.384104 0.000000 0.000000
vt  0.384104 0.000000 0.000000
vt  0.384104 0.000000 0.000000
vt  0.338458 0.000000 0.000000
vt  0.338458 0.000000 0.000000
vt  0.338458 0.000000 0.000000
vt  0.297214 0.000000 0.000000
vt  0.297214 0.000000 0.000000
vt  0.255223 0.000000 0.000000
vt  0.255223 0.000000 0.000000
vt  0.255223 0.000000 0.000000
vt  0.187045 0.000000 0.000000
vt  0.187045 0.000000 0.000000
vt  0.135505 0.000000 0.000000
vt  0.135505 0.000000 0.000000
vt  0.135505 0.000000 0.000000
vt  0.111698 0.000000 0.000000
vt  0.111698 0.000000 0.000000
vt  0.095771 0.000000 0.000000
vt  0.095771 0.000000 0.000000
vt  0.082744 0.000000 0.000000
vt  0.082744 0.000000 0.000000
vt  0.082744 0.000000 0.000000
vt  0.085343 0.000000 0.000000
vt  0.085343 0.000000 0.000000
vt  0.092552 0.000000 0.000000
vt  0.092552 0.000000 0.000000
vt  0.118660 0.000000 0.000000
vt  0.118660 0.000000 0.000000
vt  0.118660 0.000000 0.000000
vt  0.158453 0.000000 0.000000
vt  0.158453 0.000000 0.000000
vt  0.184566 0.000000 0.000000
vt  0.184566 0.000000 0.000000
vt  0.218048 0.000000 0.000000
vt  0.218048 0.000000 0.000000
vt  0.218048 0.000000 0.000000
vt  0.299448 0.000000 0.000000
vt  0.299448 0.000000 0.000000
vt  0.330598 0.000000 0.000000
vt  0.330598 0.000000 0.000000
vt  0.359006 0.000000 0.000000
vt  0.359006 0.000000 0.000000
vt  0.359006 0.000000 0.000000
vt  0.381807 0.000000 0.000000
vt  0.381807 0.000000 0.000000
vt  0.391563 0.000000 0.000000
vt  0.391563 0.000000 0.000000
vt  0.391563 0.000000 0.000000
vt  0.390720 0.000000 0.000000
vt  0.390720 0.000000 0.000000
vt  0.388074 0.000000 0.000000
vt  0.388074 0.000000 0.000000
vt  0.388074 0.000000 0.000000
vt  0.141980 0.000000 0.000000
vt  0.141980 0.000000 0.000000
vt  0.141980 0.000000 0.000000
vt  0.019595 0.000000 0.000000
vt  0.019595 0.000000 0.000000
vt  0.019595 0.000000 0.000000
vt  0.019595 0.000000 0.000000
vt  0.019595 0.000000 0.000000
vt  0.019595 0.000000 0.000000
vt  0.100303 0.000000 0.000000
vt  0.100303 0.000000 0.000000
vt  0.100303 0.000000 0.000000
vt  0.202842 0.000000 0.000000
vt  0.202842 0.000000 0.000000
vt  0.202842 0.000000 0.000000
vt  0.379473 0.000000 0.000000
vt  0.379473 0.000000 0.000000
vt  0.379473 0.000000 0.000000
vt  0.464151 0.000000 0.000000
vt  0.464151 0.000000 0.000000
vt  0.464151 0.000000 0.000000
vt  0.492597 0.000000 0.000000
vt  0.492597 0.000000 0.000000
vt  0.528575 0.000000 0.000000
vt  0.528575 0.000000 0.000000
vt  0.528575 0.000000 0.000000
vt  0.587647 0.000000 0.000000
vt  0.587647 0.000000 0.000000
vt  0.624390 0.000000 0.000000
vt  0.624390 0.000000 0.000000
vt  0.638798 0.000000 0.000000
vt  0.638798 0.000000 0.000000
vt  0.638798 0.000000 0.000000
vt  0.637475 0.000000 0.000000
vt  0.637475 0.000000 0.000000
vt  0.637475 0.000000 0.000000
vt  0.720829 0.000000 0.000000
vt  0.720829 0.000000 0.000000
vt  0.720829 0.000000 0.000000
vt  0.722152 0.000000 0.000000
vt  0.722152 0.000000 0.000000
vt  0.722152 0.000000 0.000000
vt  0.714998 0.000000 0.000000
vt  0.714998 0.000000 0.000000
vt  0.698310 0.000000 0.000000
vt  0.698310 0.000000 0.000000
vt  0.640121 0.000000 0.000000
vt  0.640121 0.000000 0.000000
vt  0.640121 0.000000 0.000000
vt  0.621598 0.000000 0.000000
vt  0.621598 0.000000 0.000000
vt  0.621598 0.000000 0.000000
vt  0.673198 0.000000 0.000000
vt  0.673198 0.000000 0.000000
vt  0.673198 0.000000 0.000000
vt  0.712891 0.000000 0.000000
vt  0.712891 0.000000 0.000000
vt  0.712891 0.000000 0.000000
vt  0.702306 0.000000 0.000000
vt  0.702306 0.000000 0.000000
vt  0.702306 0.000000 0.000000
vt  0.660629 0.000000 0.000000
vt  0.660629 0.000000 0.000000
vt  0.660629 0.000000 0.000000
vt  0.606769 0.000000 0.000000
vt  0.606769 0.000000 0.000000
vt  0.552803 0.000000 0.000000
vt  0.552803 0.000000 0.000000
vt  0.552803 0.000000 0.000000
vt  0.503956 0.000000 0.000000
vt  0.503956 0.000000 0.000000
vt  0.448274 0.000000 0.000000
vt  0.448274 0.000000 0.000000
vt  0.448274 0.000000 0.000000
vt  0.343750 0.000000 0.000000
vt  0.343750 0.000000 0.000000
vt  0.343750 0.000000 0.000000
vt  0.266095 0.000000 0.000000
vt  0.266095 0.000000 0.000000
vt  0.198871 0.000000 0.000000
vt  0.198871 0.000000 0.000000
vt  0.136026 0.000000 0.000000
vt  0.136026 0.000000 0.000000
vt  0.136026 0.000000 0.000000
vt  0.019595 0.000000 0.000000
vt  0.019595 0.000000 0.000000
vt  0.019595 0.000000 0.000000
vt  0.019595 0.000000 0.000000
vt  0.019595 0.000000 0.000000
vt  0.019595 0.000000 0.000000
vt  0.106918 0.000000 0.000000
vt  0.106918 0.000000 0.000000
vt  0.106918 0.000000 0.000000
vt  0.100303 0.000000 0.000000
vt  0.100303 0.000000 0.000000
vt  0.100303 0.000000 0.000000
vt  0.097684 0.000000 0.000000
vt  0.097684 0.000000 0.000000
vt  0.096995 0.000000 0.000000
vt  0.096995 0.000000 0.000000
vt  0.096995 0.000000 0.000000
vt  0.096995 0.000000 0.000000
vt  0.096995 0.000000 0.000000
vt  0.096995 0.000000 0.000000
vt  0.167780 0.000000 0.000000
vt  0.167780 0.000000 0.000000
vt  0.167780 0.000000 0.000000
vt  0.427766 0.000000 0.000000
vt  0.427766 0.000000 0.000000
vt  0.427766 0.000000 0.000000
vt  0.505828 0.000000 0.000000
vt  0.505828 0.000000 0.000000
vt  0.505828 0.000000 0.000000
vt  0.503843 0.000000 0.000000
vt  0.503843 0.000000 0.000000
vt  0.503843 0.000000 0.000000
vt  0.501859 0.000000 0.000000
vt  0.501859 0.000000 0.000000
vt  0.501859 0.000000 0.000000
vt  0.495905 0.000000 0.000000
vt  0.495905 0.000000 0.000000
vt  0.495905 0.000000 0.000000
vt  0.593152 0.000000 0.000000
vt  0.593152 0.000000 0.000000
vt  0.593152 0.000000 0.000000
vt  0.585875 0.000000 0.000000
vt  0.585875 0.000000 0.000000
vt  0.585875 0.000000 0.000000
vt  0.582506 0.000000 0.000000
vt  0.582506 0.000000 0.000000
vt  0.581905 0.000000 0.000000
vt  0.581905 0.000000 0.000000
vt  0.581905 0.000000 0.000000
vt  0.583228 0.000000 0.000000
vt  0.583228 0.000000 0.000000
vt  0.583228 0.000000 0.000000
vt  0.652690 0.000000 0.000000
vt  0.652690 0.000000 0.000000
vt  0.652690 0.000000 0.000000
vt  0.841891 0.000000 0.000000
vt  0.841891 0.000000 0.000000
vt  0.841891 0.000000 0.000000
vt  0.902753 0.000000 0.000000
vt  0.902753 0.000000 0.000000
vt  0.902753 0.000000 0.000000
vt  0.901430 0.000000 0.000000
vt  0.901430 0.000000 0.000000
vt  0.901430 0.000000 0.000000
vt  0.898784 0.000000 0.000000
vt  0.898784 0.000000 0.000000
vt  0.898784 0.000000 0.000000
vt  0.892830 0.000000 0.000000
vt  0.892830 0.000000 0.000000
vt  0.892830 0.000000 0.000000
vt  0.980154 0.000000 0.000000
vt  0.980154 0.000000 0.000000
vt  0.980154 0.000000 0.000000
vt  0.980154 0.000000 0.000000
vt  0.980154 0.000000 0.000000
vt  0.980154 0.000000 0.000000
vt  0.877615 0.000000 0.000000
vt  0.877615 0.000000 0.000000
vt  0.877615 0.000000 0.000000
vt  0.831727 0.000000 0.000000
vt  0.831727 0.000000 0.000000
vt  0.771600 0.000000 0.000000
vt  0.771600 0.000000 0.000000
vt  0.697238 0.000000 0.000000
vt  0.697238 0.000000 0.000000
vt  0.608645 0.000000 0.000000
vt  0.608645 0.000000 0.000000
vt  0.505826 0.000000 0.000000
vt  0.505826 0.000000 0.000000
vt  0.505826 0.000000 0.000000
vt  0.478635 0.000000 0.000000
vt  0.478635 0.000000 0.000000
vt  0.452400 0.000000 0.000000
vt  0.452400 0.000000 0.000000
vt  0.427121 0.000000 0.000000
vt  0.427121 0.000000 0.000000
vt  0.402798 0.000000 0.000000
vt  0.402798 0.000000 0.000000
vt  0.379431 0.000000 0.000000
vt  0.379431 0.000000 0.000000
vt  0.357023 0.000000 0.000000
vt  0.357023 0.000000 0.000000
vt  0.335571 0.000000 0.000000
vt  0.335571 0.000000 0.000000
vt  0.315078 0.000000 0.000000
vt  0.315078 0.000000 0.000000
vt  0.295544 0.000000 0.000000
vt  0.295544 0.000000 0.000000
vt  0.276969 0.000000 0.000000
vt  0.276969 0.000000 0.000000
vt  0.259353 0.000000 0.000000
vt  0.259353 0.000000 0.000000
vt  0.242696 0.000000 0.000000
vt  0.242696 0.000000 0.000000
vt  0.227000 0.000000 0.000000
vt  0.227000 0.000000 0.000000
vt  0.212264 0.000000 0.000000
vt  0.212264 0.000000 0.000000
vt  0.198489 0.000000 0.000000
vt  0.198489 0.000000 0.000000
vt  0.185675 0.000000 0.000000
vt  0.185675 0.000000 0.000000
vt  0.173822 0.000000 0.000000
vt  0.173822 0.000000 0.000000
vt  0.162930 0.000000 0.000000
vt  0.162930 0.000000 0.000000
vt  0.153000 0.000000 0.000000
vt  0.153000 0.000000 0.000000
vt  0.144032 0.000000 0.000000
vt  0.144032 0.000000 0.000000
vt  0.122134 0.000000 0.000000
vt  0.122134 0.000000 0.000000
vt  0.122134 0.000000 0.000000
vt  0.036133 0.000000 0.000000
vt  0.036133 0.000000 0.000000
vt  0.036133 0.000000 0.000000
vt  0.020918 0.000000 0.000000
vt  0.020918 0.000000 0.000000
vt  0.020918 0.000000 0.000000
vt  0.004926 0.000000 0.000000
vt  0.004926 0.000000 0.000000
vt  0.000000 0.000000 0.000000
vt  0.000000 0.000000 0.000000
vt  0.000000 0.000000 0.000000
vt  0.005785 0.000000 0.000000
vt  0.005785 0.000000 0.000000
vt  0.019530 0.000000 0.000000
vt  0.019530 0.000000 0.000000
vt  0.063113 0.000000 0.000000
vt  0.063113 0.000000 0.000000
vt  0.063113 0.000000 0.000000
vt  0.108049 0.000000 0.000000
vt  0.108049 0.000000 0.000000
vt  0.154863 0.000000 0.000000
vt  0.154863 0.000000 0.000000
vt  0.264357 0.000000 0.000000
vt  0.264357 0.000000 0.000000
vt  0.264357 0.000000 0.000000
vt  0.304927 0.000000 0.000000
vt  0.304927 0.000000 0.000000
vt  0.338204 0.000000 0.000000
vt  0.338204 0.000000 0.000000
vt  0.338204 0.000000 0.000000
vt  0.383862 0.000000 0.000000
vt  0.383862 0.000000 0.000000
vt  0.431514 0.000000 0.000000
vt  0.431514 0.000000 0.000000
vt  0.431514 0.000000 0.000000
vt  0.464040 0.000000 0.000000
vt  0.464040 0.000000 0.000000
vt  0.486643 0.000000 0.000000
vt  0.486643 0.000000 0.000000
vt  0.486643 0.000000 0.000000
vt  0.618952 0.000000 0.000000
vt  0.618952 0.000000 0.000000
vt  0.618952 0.000000 0.000000
vt  0.650526 0.000000 0.000000
vt  0.650526 0.000000 0.000000
vt  0.685907 0.000000 0.000000
vt  0.685907 0.000000 0.000000
vt  0.685907 0.000000 0.000000
vt  0.708764 0.000000 0.000000
vt  0.708764 0.000000 0.000000
vt  0.736706 0.000000 0.000000
vt  0.736706 0.000000 0.000000
vt  0.736706 0.000000 0.000000
vt  0.755691 0.000000 0.000000
vt  0.755691 0.000000 0.000000
vt  0.779040 0.000000 0.000000
vt  0.779040 0.000000 0.000000
vt  0.779040 0.000000 0.000000
vt  0.837064 0.000000 0.000000
vt  0.837064 0.000000 0.000000
vt  0.860581 0.000000 0.000000
vt  0.860581 0.000000 0.000000
vt  0.883014 0.000000 0.000000
vt  0.883014 0.000000 0.000000
vt  0.883014 0.000000 0.000000
vt  0.903479 0.000000 0.000000
vt  0.903479 0.000000 0.000000
vt  0.913044 0.000000 0.000000
vt  0.913044 0.000000 0.000000
vt  0.913044 0.000000 0.000000
vt  0.909466 0.000000 0.000000
vt  0.909466 0.000000 0.000000
vt  0.898784 0.000000 0.000000
vt  0.898784 0.000000 0.000000
vt  0.898784 0.000000 0.000000
vt  0.886215 0.000000 0.000000
vt  0.886215 0.000000 0.000000
vt  0.886215 0.000000 0.000000
vt  0.974861 0.000000 0.000000
vt  0.974861 0.000000 0.000000
vt  0.974861 0.000000 0.000000
vt  0.980815 0.000000 0.000000
vt  0.980815 0.000000 0.000000
vt  0.980815 0.000000 0.000000
vt  0.995441 0.000000 0.000000
vt  0.995441 0.000000 0.000000
vt  1.000000 0.000000 0.000000
vt  1.000000 0.000000 0.000000
vt  1.000000 0.000000 0.000000
vt  0.998958 0.000000 0.000000
vt  0.998958 0.000000 0.000000
vt  0.996433 0.000000 0.000000
vt  0.996433 0.000000 0.000000
vt  0.996433 0.000000 0.000000
vt  0.971179 0.000000 0.000000
vt  0.971179 0.000000 0.000000
vt  0.928415 0.000000 0.000000
vt  0.928415 0.000000 0.000000
vt  0.928415 0.000000 0.000000
vt  0.861557 0.000000 0.000000
vt  0.861557 0.000000 0.000000
vt  0.822731 0.000000 0.000000
vt  0.822731 0.000000 0.000000
vt  0.776404 0.000000 0.000000
vt  0.776404 0.000000 0.000000
vt  0.776404 0.000000 0.000000
vt  0.715544 0.000000 0.000000
vt  0.715544 0.000000 0.000000
vt  0.644436 0.000000 0.000000
vt  0.644436 0.000000 0.000000
vt  0.644436 0.000000 0.000000
vt  0.608185 0.000000 0.000000
vt  0.608185 0.000000 0.000000
vt  0.576669 0.000000 0.000000
vt  0.576669 0.000000 0.000000
vt  0.576669 0.000000 0.000000
vt  0.550545 0.000000 0.000000
vt  0.550545 0.000000 0.000000
vt  0.515090 0.000000 0.000000
vt  0.515090 0.000000 0.000000
vt  0.515090 0.000000 0.000000
vt  0.437689 0.000000 0.000000
vt  0.437689 0.000000 0.000000
vt  0.437689 0.000000 0.000000
vt  0.404693 0.000000 0.000000
vt  0.404693 0.000000 0.000000
vt  0.366669 0.000000 0.000000
vt  0.366669 0.000000 0.000000
vt  0.366669 0.000000 0.000000
vt  0.336341 0.000000 0.000000
vt  0.336341 0.000000 0.000000
vt  0.301958 0.000000 0.000000
vt  0.301958 0.000000 0.000000
vt  0.301958 0.000000 0.000000
vt  0.282061 0.000000 0.000000
vt  0.282061 0.000000 0.000000
vt  0.258409 0.000000 0.000000
vt  0.258409 0.000000 0.000000
vt  0.258409 0.000000 0.000000
vt  0.181168 0.000000 0.000000
vt  0.181168 0.000000 0.000000
vt  0.150742 0.000000 0.000000
vt  0.150742 0.000000 0.000000
vt  0.122697 0.000000 0.000000
vt  0.122697 0.000000 0.000000
vt  0.122697 0.000000 0.000000
vt  0.097063 0.000000 0.000000
vt  0.097063 0.000000 0.000000
vt  0.086201 0.000000 0.000000
vt  0.086201 0.000000 0.000000
vt  0.086201 0.000000 0.000000
vt  0.088685 0.000000 0.000000
vt  0.088685 0.000000 0.000000
vt  0.093687 0.000000 0.000000
vt  0.093687 0.000000 0.000000
vt  0.093687 0.000000 0.000000
vt  0.113534 0.000000 0.000000
vt  0.113534 0.000000 0.000000
vt  0.113534 0.000000 0.000000
vt  0.122134 0.000000 0.000000
vt  0.122134 0.000000 0.000000
vt  0.122134 0.000000 0.000000
vt  0.036133 0.000000 0.000000
vt  0.036133 0.000000 0.000000
vt  0.036133 0.000000 0.000000
vt  0.020918 0.000000 0.000000
vt  0.020918 0.000000 0.000000
vt  0.020918 0.000000 0.000000
vt  0.004926 0.000000 0.000000
vt  0.004926 0.000000 0.000000
vt  0.000000 0.000000 0.000000
vt  0.000000 0.000000 0.000000
vt  0.000000 0.000000 0.000000
vt  0.005785 0.000000 0.000000
vt  0.005785 0.000000 0.000000
vt  0.019530 0.000000 0.000000
vt  0.019530 0.000000 0.000000
vt  0.063113 0.000000 0.000000
vt  0.063113 0.000000 0.000000
vt  0.063113 0.000000 0.000000
vt  0.108049 0.000000 0.000000
vt  0.108049 0.000000 0.000000
vt  0.154863 0.000000 0.000000
vt  0.154863 0.000000 0.000000
vt  0.264357 0.000000 0.000000
vt  0.264357 0.000000 0.000000
vt  0.264357 0.000000 0.000000
vt  0.304927 0.000000 0.000000
vt  0.304927 0.000000 0.000000
vt  0.338204 0.000000 0.000000
vt  0.338204 0.000000 0.000000
vt  0.338204 0.000000 0.000000
vt  0.383862 0.000000 0.000000
vt  0.383862 0.000000 0.000000
vt  0.431514 0.000000 0.000000
vt  0.431514 0.000000 0.000000
vt  0.431514 0.000000 0.000000
vt  0.464040 0.000000 0.000000
vt  0.464040 0.000000 0.000000
vt  0.486643 0.000000 0.000000
vt  0.486643 0.000000 0.000000
vt  0.486643 0.000000 0.000000
vt  0.618952 0.000000 0.000000
vt  0.618952 0.000000 0.000000
vt  0.618952 0.000000 0.000000
vt  0.650526 0.000000 0.000000
vt  0.650526 0.000000 0.000000
vt  0.685907 0.000000 0.000000
vt  0.685907 0.000000 0.000000
vt  0.685907 0.000000 0.000000
vt  0.708764 0.000000 0.000000
vt  0.708764 0.000000 0.000000
vt  0.736706 0.000000 0.000000
vt  0.736706 0.000000 0.000000
vt  0.736706 0.000000 0.000000
vt  0.755691 0.000000 0.000000
vt  0.755691 0.000000 0.000000
vt  0.779040 0.000000 0.000000
vt  0.779040 0.000000 0.000000
vt  0.779040 0.000000 0.000000
vt  0.837064 0.000000 0.000000
vt  0.837064 0.000000 0.000000
vt  0.860581 0.000000 0.000000
vt  0.860581 0.000000 0.000000
vt  0.883014 0.000000 0.000000
vt  0.883014 0.000000 0.000000
vt  0.883014 0.000000 0.000000
vt  0.903479 0.000000 0.000000
vt  0.903479 0.000000 0.000000
vt  0.913044 0.000000 0.000000
vt  0.913044 0.000000 0.000000
vt  0.913044 0.000000 0.000000
vt  0.909466 0.000000 0.000000
vt  0.909466 0.000000 0.000000
vt  0.898784 0.000000 0.000000
vt  0.898784 0.000000 0.000000
vt  0.898784 0.000000 0.000000
vt  0.886215 0.000000 0.000000
vt  0.886215 0.000000 0.000000
vt  0.886215 0.000000 0.000000
vt  0.974861 0.000000 0.000000
vt  0.974861 0.000000 0.000000
vt  0.974861 0.000000 0.000000
vt  0.980815 0.000000 0.000000
vt  0.980815 0.000000 0.000000
vt  0.980815 0.000000 0.000000
vt  0.995441 0.000000 0.000000
vt  0.995441 0.000000 0.000000
vt  1.000000 0.000000 0.000000
vt  1.000000 0.000000 0.000000
vt  1.000000 0.000000 0.000000
vt  0.998958 0.000000 0.000000
vt  0.998958 0.000000 0.000000
vt  0.996433 0.000000 0.000000
vt  0.996433 0.000000 0.000000
vt  0.996433 0.000000 0.000000
vt  0.971179 0.000000 0.000000
vt  0.971179 0.000000 0.000000
vt  0.928415 0.000000 0.000000
vt  0.928415 0.000000 0.000000
vt  0.928415 0.000000 0.000000
vt  0.861557 0.000000 0.000000
vt  0.861557 0.000000 0.000000
vt  0.822731 0.000000 0.000000
vt  0.822731 0.000000 0.000000
vt  0.776404 0.000000 0.000000
vt  0.776404 0.000000 0.000000
vt  0.776404 0.000000 0.000000
vt  0.715544 0.000000 0.000000
vt  0.715544 0.000000 0.000000
vt  0.644436 0.000000 0.000000
vt  0.644436 0.000000 0.000000
vt  0.644436 0.000000 0.000000
vt  0.608185 0.000000 0.000000
vt  0.608185 0.000000 0.000000
vt  0.576669 0.000000 0.000000
vt  0.576669 0.000000 0.000000
vt  0.576669 0.000000 0.000000
vt  0.550545 0.000000 0.000000
vt  0.550545 0.000000 0.000000
vt  0.515090 0.000000 0.000000
vt  0.515090 0.000000 0.000000
vt  0.515090 0.000000 0.000000
vt  0.437689 0.000000 0.000000
vt  0.437689 0.000000 0.000000
vt  0.437689 0.000000 0.000000
vt  0.404693 0.000000 0.000000
vt  0.404693 0.000000 0.000000
vt  0.366669 0.000000 0.000000
vt  0.366669 0.000000 0.000000
vt  0.366669 0.000000 0.000000
vt  0.336341 0.000000 0.000000
vt  0.336341 0.000000 0.000000
vt  0.301958 0.000000 0.000000
vt  0.301958 0.000000 0.000000
vt  0.301958 0.000000 0.000000
vt  0.282061 0.000000 0.000000
vt  0.282061 0.000000 0.000000
vt  0.258409 0.000000 0.000000
vt  0.258409 0.000000 0.000000
vt  0.258409 0.000000 0.000000
vt  0.181168 0.000000 0.000000
vt  0.181168 0.000000 0.000000
vt  0.150742 0.000000 0.000000
vt  0.150742 0.000000 0.000000
vt  0.122697 0.000000 0.000000
vt  0.122697 0.000000 0.000000
vt  0.122697 0.000000 0.000000
vt  0.097063 0.000000 0.000000
vt  0.097063 0.000000 0.000000
vt  0.086201 0.000000 0.000000
vt  0.086201 0.000000 0.000000
vt  0.086201 0.000000 0.000000
vt  0.088685 0.000000 0.000000
vt  0.088685 0.000000 0.000000
vt  0.093687 0.000000 0.000000
vt  0.093687 0.000000 0.000000
vt  0.093687 0.000000 0.000000
vt  0.113534 0.000000 0.000000
vt  0.113534 0.000000 0.000000
vt  0.113534 0.000000 0.000000
vt  0.160503 0.000000 0.000000
vt  0.160503 0.000000 0.000000
vt  0.160503 0.000000 0.000000
vt  0.019595 0.000000 0.000000
vt  0.019595 0.000000 0.000000
vt  0.019595 0.000000 0.000000
vt  0.019595 0.000000 0.000000
vt  0.019595 0.000000 0.000000
vt  0.019595 0.000000 0.000000
vt  0.085087 0.000000 0.000000
vt  0.085087 0.000000 0.000000
vt  0.085087 0.000000 0.000000
vt  0.130580 0.000000 0.000000
vt  0.130580 0.000000 0.000000
vt  0.183657 0.000000 0.000000
vt  0.183657 0.000000 0.000000
vt  0.183657 0.000000 0.000000
vt  0.349043 0.000000 0.000000
vt  0.349043 0.000000 0.000000
vt  0.349043 0.000000 0.000000
vt  0.349043 0.000000 0.000000
vt  0.349043 0.000000 0.000000
vt  0.349043 0.000000 0.000000
vt  0.197549 0.000000 0.000000
vt  0.197549 0.000000 0.000000
vt  0.197549 0.000000 0.000000
vt  0.019595 0.000000 0.000000
vt  0.019595 0.000000 0.000000
vt  0.019595 0.000000 0.000000
vt  0.019595 0.000000 0.000000
vt  0.019595 0.000000 0.000000
vt  0.019595 0.000000 0.000000
vt  0.173734 0.000000 0.000000
vt  0.173734 0.000000 0.000000
vt  0.173734 0.000000 0.000000
vt  0.345735 0.000000 0.000000
vt  0.345735 0.000000 0.000000
vt  0.345735 0.000000 0.000000
vt  0.467798 0.000000 0.000000
vt  0.467798 0.000000 0.000000
vt  0.616152 0.000000 0.000000
vt  0.616152 0.000000 0.000000
vt  0.616152 0.000000 0.000000
vt  0.699087 0.000000 0.000000
vt  0.699087 0.000000 0.000000
vt  0.773770 0.000000 0.000000
vt  0.773770 0.000000 0.000000
vt  0.840329 0.000000 0.000000
vt  0.840329 0.000000 0.000000
vt  0.898919 0.000000 0.000000
vt  0.898919 0.000000 0.000000
vt  0.949723 0.000000 0.000000
vt  0.949723 0.000000 0.000000
vt  0.949723 0.000000 0.000000
vt  1.000000 0.000000 0.000000
vt  1.000000 0.000000 0.000000
vt  1.000000 0.000000 0.000000
vt  0.957000 0.000000 0.000000
vt  0.957000 0.000000 0.000000
vt  0.957000 0.000000 0.000000
vt  0.914661 0.000000 0.000000
vt  0.914661 0.000000 0.000000
vt  0.914661 0.000000 0.000000
vt  0.863651 0.000000 0.000000
vt  0.863651 0.000000 0.000000
vt  0.810137 0.000000 0.000000
vt  0.810137 0.000000 0.000000
vt  0.810137 0.000000 0.000000
vt  0.528982 0.000000 0.000000
vt  0.528982 0.000000 0.000000
vt  0.528982 0.000000 0.000000
vt  0.426443 0.000000 0.000000
vt  0.426443 0.000000 0.000000
vt  0.426443 0.000000 0.000000
vt  0.510459 0.000000 0.000000
vt  0.510459 0.000000 0.000000
vt  0.510459 0.000000 0.000000
vt  0.572989 0.000000 0.000000
vt  0.572989 0.000000 0.000000
vt  0.651035 0.000000 0.000000
vt  0.651035 0.000000 0.000000
vt  0.744645 0.000000 0.000000
vt  0.744645 0.000000 0.000000
vt  0.744645 0.000000 0.000000
vt  0.906723 0.000000 0.000000
vt  0.906723 0.000000 0.000000
vt  0.906723 0.000000 0.000000
vt  0.784337 0.000000 0.000000
vt  0.784337 0.000000 0.000000
vt  0.784337 0.000000 0.000000
vt  0.596459 0.000000 0.000000
vt  0.596459 0.000000 0.000000
vt  0.596459 0.000000 0.000000
vt  0.426443 0.000000 0.000000
vt  0.426443 0.000000 0.000000
vt  0.426443 0.000000 0.000000
vt  0.094349 0.000000 0.000000
vt  0.094349 0.000000 0.000000
vt  0.094349 0.000000 0.000000
vt  0.019595 0.000000 0.000000
vt  0.019595 0.000000 0.000000
vt  0.019595 0.000000 0.000000
vt  0.019595 0.000000 0.000000
vt  0.019595 0.000000 0.000000
vt  0.019595 0.000000 0.000000
vt  0.106918 0.000000 0.000000
vt  0.106918 0.000000 0.000000
vt  0.106918 0.000000 0.000000
vt  0.103610 0.000000 0.000000
vt  0.103610 0.000000 0.000000
vt  0.103610 0.000000 0.000000
vt  0.098015 0.000000 0.000000
vt  0.098015 0.000000 0.000000
vt  0.096333 0.000000 0.000000
vt  0.096333 0.000000 0.000000
vt  0.096333 0.000000 0.000000
vt  0.096995 0.000000 0.000000
vt  0.096995 0.000000 0.000000
vt  0.096995 0.000000 0.000000
vt  0.370212 0.000000 0.000000
vt  0.370212 0.000000 0.000000
vt  0.370212 0.000000 0.000000
vt  0.702968 0.000000 0.000000
vt  0.702968 0.000000 0.000000
vt  0.702968 0.000000 0.000000
vt  0.784471 0.000000 0.000000
vt  0.784471 0.000000 0.000000
vt  0.872322 0.000000 0.000000
vt  0.872322 0.000000 0.000000
vt  0.872322 0.000000 0.000000
vt  0.980154 0.000000 0.000000
vt  0.980154 0.000000 0.000000
vt  0.980154 0.000000 0.000000
vt  0.980154 0.000000 0.000000
vt  0.980154 0.000000 0.000000
vt  0.980154 0.000000 0.000000
vt  0.921277 0.000000 0.000000
vt  0.921277 0.000000 0.000000
vt  0.921277 0.000000 0.000000
vt  0.849830 0.000000 0.000000
vt  0.849830 0.000000 0.000000
vt  0.849830 0.000000 0.000000
vt  0.805582 0.000000 0.000000
vt  0.805582 0.000000 0.000000
vt  0.755250 0.000000 0.000000
vt  0.755250 0.000000 0.000000
vt  0.698998 0.000000 0.000000
vt  0.698998 0.000000 0.000000
vt  0.698998 0.000000 0.000000
vt  0.267011 0.000000 0.000000
vt  0.267011 0.000000 0.000000
vt  0.267011 0.000000 0.000000
vt  0.182982 0.000000 0.000000
vt  0.182982 0.000000 0.000000
vt  0.135364 0.000000 0.000000
vt  0.135364 0.000000 0.000000
vt  0.135364 0.000000 0.000000
vt  0.019595 0.000000 0.000000
vt  0.019595 0.000000 0.000000
vt  0.019595 0.000000 0.000000
vt  0.019595 0.000000 0.000000
vt  0.019595 0.000000 0.000000
vt  0.019595 0.000000 0.000000
vt  0.139995 0.000000 0.000000
vt  0.139995 0.000000 0.000000
vt  0.139995 0.000000 0.000000
vt  0.216073 0.000000 0.000000
vt  0.216073 0.000000 0.000000
vt  0.216073 0.000000 0.000000
vt  0.298104 0.000000 0.000000
vt  0.298104 0.000000 0.000000
vt  0.298104 0.000000 0.000000
vt  0.560736 0.000000 0.000000
vt  0.560736 0.000000 0.000000
vt  0.560736 0.000000 0.000000
vt  0.906061 0.000000 0.000000
vt  0.906061 0.000000 0.000000
vt  0.906061 0.000000 0.000000
vt  0.390720 0.000000 0.000000
vt  0.390720 0.000000 0.000000
vt  0.390720 0.000000 0.000000
vt  0.202842 0.000000 0.000000
vt  0.202842 0.000000 0.000000
vt  0.202842 0.000000 0.000000
vt  0.120149 0.000000 0.000000
vt  0.120149 0.000000 0.000000
vt  0.120149 0.000000 0.000000
vt  0.064579 0.000000 0.000000
vt  0.064579 0.000000 0.000000
vt  0.064579 0.000000 0.000000
vt  0.000410 0.000000 0.000000
vt  0.000410 0.000000 0.000000
vt  0.000410 0.000000 0.000000
vt  0.019595 0.000000 0.000000
vt  0.019595 0.000000 0.000000
vt  0.019595 0.000000 0.000000
vt  0.160503 0.000000 0.000000
vt  0.160503 0.000000 0.000000
vt  0.160503 0.000000 0.000000
vt  0.321435 0.000000 0.000000
vt  0.321435 0.000000 0.000000
vt  0.448935 0.000000 0.000000
vt  0.448935 0.000000 0.000000
vt  0.448935 0.000000 0.000000
vt  0.650706 0.000000 0.000000
vt  0.650706 0.000000 0.000000
vt  0.650706 0.000000 0.000000
vt  0.733783 0.000000 0.000000
vt  0.733783 0.000000 0.000000
vt  0.797969 0.000000 0.000000
vt  0.797969 0.000000 0.000000
vt  0.843215 0.000000 0.000000
vt  0.843215 0.000000 0.000000
vt  0.843215 0.000000 0.000000
vt  0.906061 0.000000 0.000000
vt  0.906061 0.000000 0.000000
vt  0.906061 0.000000 0.000000
vt  0.610352 0.000000 0.000000
vt  0.610352 0.000000 0.000000
vt  0.610352 0.000000 0.000000
vt  0.196888 0.000000 0.000000
vt  0.196888 0.000000 0.000000
vt  0.196888 0.000000 0.000000
vt  0.019595 0.000000 0.000000
vt  0.019595 0.000000 0.000000
vt  0.019595 0.000000 0.000000
vt  0.019595 0.000000 0.000000
vt  0.019595 0.000000 0.000000
vt  0.019595 0.000000 0.000000
vt  0.100303 0.000000 0.000000
vt  0.100303 0.000000 0.000000
vt  0.100303 0.000000 0.000000
vt  0.176802 0.000000 0.000000
vt  0.176802 0.000000 0.000000
vt  0.282888 0.000000 0.000000
vt  0.282888 0.000000 0.000000
vt  0.282888 0.000000 0.000000
vt  0.513767 0.000000 0.000000
vt  0.513767 0.000000 0.000000
vt  0.513767 0.000000 0.000000
vt  0.579707 0.000000 0.000000
vt  0.579707 0.000000 0.000000
vt  0.640493 0.000000 0.000000
vt  0.640493 0.000000 0.000000
vt  0.696122 0.000000 0.000000
vt  0.696122 0.000000 0.000000
vt  0.746593 0.000000 0.000000
vt  0.746593 0.000000 0.000000
vt  0.791902 0.000000 0.000000
vt  0.791902 0.000000 0.000000
vt  0.832048 0.000000 0.000000
vt  0.832048 0.000000 0.000000
vt  0.867030 0.000000 0.000000
vt  0.867030 0.000000 0.000000
vt  0.867030 0.000000 0.000000
vt  0.980154 0.000000 0.000000
vt  0.980154 0.000000 0.000000
vt  0.980154 0.000000 0.000000
vt  0.980154 0.000000 0.000000
vt  0.980154 0.000000 0.000000
vt  0.980154 0.000000 0.000000
vt  0.762506 0.000000 0.000000
vt  0.762506 0.000000 0.000000
vt  0.762506 0.000000 0.000000
vt  0.717332 0.000000 0.000000
vt  0.717332 0.000000 0.000000
vt  0.670047 0.000000 0.000000
vt  0.670047 0.000000 0.000000
vt  0.620599 0.000000 0.000000
vt  0.620599 0.000000 0.000000
vt  0.568943 0.000000 0.000000
vt  0.568943 0.000000 0.000000
vt  0.515040 0.000000 0.000000
vt  0.515040 0.000000 0.000000
vt  0.458859 0.000000 0.000000
vt  0.458859 0.000000 0.000000
vt  0.458859 0.000000 0.000000
vt  0.288842 0.000000 0.000000
vt  0.288842 0.000000 0.000000
vt  0.288842 0.000000 0.000000
vt  0.155211 0.000000 0.000000
vt  0.155211 0.000000 0.000000
vt  0.155211 0.000000 0.000000
vt  0.084426 0.000000 0.000000
vt  0.084426 0.000000 0.000000
vt  0.084426 0.000000 0.000000
vt  0.164472 0.000000 0.000000
vt  0.164472 0.000000 0.000000
vt  0.164472 0.000000 0.000000
vt  0.283872 0.000000 0.000000
vt  0.283872 0.000000 0.000000
vt  0.348381 0.000000 0.000000
vt  0.348381 0.000000 0.000000
vt  0.348381 0.000000 0.000000
vt  0.622921 0.000000 0.000000
vt  0.622921 0.000000 0.000000
vt  0.622921 0.000000 0.000000
vt  0.743999 0.000000 0.000000
vt  0.743999 0.000000 0.000000
vt  0.854461 0.000000 0.000000
vt  0.854461 0.000000 0.000000
vt  0.854461 0.000000 0.000000
vt  0.980154 0.000000 0.000000
vt  0.980154 0.000000 0.000000
vt  0.980154 0.000000 0.000000
vt  0.980154 0.000000 0.000000
vt  0.980154 0.000000 0.000000
vt  0.980154 0.000000 0.000000
vt  0.937153 0.000000 0.000000
vt  0.937153 0.000000 0.000000
vt  0.937153 0.000000 0.000000
vt  0.886103 0.000000 0.000000
vt  0.886103 0.000000 0.000000
vt  0.842557 0.000000 0.000000
vt  0.842557 0.000000 0.000000
vt  0.842557 0.000000 0.000000
vt  0.771373 0.000000 0.000000
vt  0.771373 0.000000 0.000000
vt  0.676353 0.000000 0.000000
vt  0.676353 0.000000 0.000000
vt  0.557428 0.000000 0.000000
vt  0.557428 0.000000 0.000000
vt  0.557428 0.000000 0.000000
vt  0.160503 0.000000 0.000000
vt  0.160503 0.000000 0.000000
vt  0.160503 0.000000 0.000000
vt  0.019595 0.000000 0.000000
vt  0.019595 0.000000 0.000000
vt  0.019595 0.000000 0.000000
vt  0.019595 0.000000 0.000000
vt  0.019595 0.000000 0.000000
vt  0.019595 0.000000 0.000000
vt  0.085087 0.000000 0.000000
vt  0.085087 0.000000 0.000000
vt  0.085087 0.000000 0.000000
vt  0.130580 0.000000 0.000000
vt  0.130580 0.000000 0.000000
vt  0.183657 0.000000 0.000000
vt  0.183657 0.000000 0.000000
vt  0.183657 0.000000 0.000000
vt  0.349043 0.000000 0.000000
vt  0.349043 0.000000 0.000000
vt  0.349043 0.000000 0.000000
vt  0.349043 0.000000 0.000000
vt  0.349043 0.000000 0.000000
vt  0.349043 0.000000 0.000000
vt  0.197549 0.000000 0.000000
vt  0.197549 0.000000 0.000000
vt  0.197549 0.000000 0.000000
vt  0.019595 0.000000 0.000000
vt  0.019595 0.000000 0.000000
vt  0.019595 0.000000 0.000000
vt  0.019595 0.000000 0.000000
vt  0.019595 0.000000 0.000000
vt  0.019595 0.000000 0.000000
vt  0.173734 0.000000 0.000000
vt  0.173734 0.000000 0.000000
vt  0.173734 0.000000 0.000000
vt  0.345735 0.000000 0.000000
vt  0.345735 0.000000 0.000000
vt  0.345735 0.000000 0.000000
vt  0.467799 0.000000 0.000000
vt  0.467799 0.000000 0.000000
vt  0.616152 0.000000 0.000000
vt  0.616152 0.000000 0.000000
vt  0.616152 0.000000 0.000000
vt  0.699087 0.000000 0.000000
vt  0.699087 0.000000 0.000000
vt  0.773770 0.000000 0.000000
vt  0.773770 0.000000 0.000000
vt  0.840329 0.000000 0.000000
vt  0.840329 0.000000 0.000000
vt  0.898919 0.000000 0.000000
vt  0.898919 0.000000 0.000000
vt  0.949723 0.000000 0.000000
vt  0.949723 0.000000 0.000000
vt  0.949723 0.000000 0.000000
vt  1.000000 0.000000 0.000000
vt  1.000000 0.000000 0.000000
vt  1.000000 0.000000 0.000000
vt  0.957000 0.000000 0.000000
vt  0.957000 0.000000 0.000000
vt  0.957000 0.000000 0.000000
vt  0.914661 0.000000 0.000000
vt  0.914661 0.000000 0.000000
vt  0.914661 0.000000 0.000000
vt  0.863651 0.000000 0.000000
vt  0.863651 0.000000 0.000000
vt  0.810137 0.000000 0.000000
vt  0.810137 0.000000 0.000000
vt  0.810137 0.000000 0.000000
vt  0.528982 0.000000 0.000000
vt  0.528982 0.000000 0.000000
vt  0.528982 0.000000 0.000000
vt  0.426443 0.000000 0.000000
vt  0.426443 0.000000 0.000000
vt  0.426443 0.000000 0.000000
vt  0.510459 0.000000 0.000000
vt  0.510459 0.000000 0.000000
vt  0.510459 0.000000 0.000000
vt  0.572989 0.000000 0.000000
vt  0.572989 0.000000 0.000000
vt  0.651035 0.000000 0.000000
vt  0.651035 0.000000 0.000000
vt  0.744645 0.000000 0.000000
vt  0.744645 0.000000 0.000000
vt  0.744645 0.000000 0.000000
vt  0.906723 0.000000 0.000000
vt  0.906723 0.000000 0.000000
vt  0.906723 0.000000 0.000000
vt  0.784337 0.000000 0.000000
vt  0.784337 0.000000 0.000000
vt  0.784337 0.000000 0.000000
vt  0.596459 0.000000 0.000000
vt  0.596459 0.000000 0.000000
vt  0.596459 0.000000 0.000000
vt  0.426443 0.000000 0.000000
vt  0.426443 0.000000 0.000000
vt  0.426443 0.000000 0.000000
vt  0.120149 0.000000 0.000000
vt  0.120149 0.000000 0.000000
vt  0.120149 0.000000 0.000000
vt  0.019595 0.000000 0.000000
vt  0.019595 0.000000 0.000000
vt  0.019595 0.000000 0.000000
vt  0.019595 0.000000 0.000000
vt  0.019595 0.000000 0.000000
vt  0.019595 0.000000 0.000000
vt  0.094349 0.000000 0.000000
vt  0.094349 0.000000 0.000000
vt  0.094349 0.000000 0.000000
vt  0.159401 0.000000 0.000000
vt  0.159401 0.000000 0.000000
vt  0.241211 0.000000 0.000000
vt  0.241211 0.000000 0.000000
vt  0.241211 0.000000 0.000000
vt  0.456874 0.000000 0.000000
vt  0.456874 0.000000 0.000000
vt  0.456874 0.000000 0.000000
vt  0.896138 0.000000 0.000000
vt  0.896138 0.000000 0.000000
vt  0.896138 0.000000 0.000000
vt  0.583228 0.000000 0.000000
vt  0.583228 0.000000 0.000000
vt  0.583228 0.000000 0.000000
vt  0.531352 0.000000 0.000000
vt  0.531352 0.000000 0.000000
vt  0.481659 0.000000 0.000000
vt  0.481659 0.000000 0.000000
vt  0.434119 0.000000 0.000000
vt  0.434119 0.000000 0.000000
vt  0.388696 0.000000 0.000000
vt  0.388696 0.000000 0.000000
vt  0.345352 0.000000 0.000000
vt  0.345352 0.000000 0.000000
vt  0.304041 0.000000 0.000000
vt  0.304041 0.000000 0.000000
vt  0.264715 0.000000 0.000000
vt  0.264715 0.000000 0.000000
vt  0.227319 0.000000 0.000000
vt  0.227319 0.000000 0.000000
vt  0.227319 0.000000 0.000000
vt  0.000410 0.000000 0.000000
vt  0.000410 0.000000 0.000000
vt  0.000410 0.000000 0.000000
vt  0.019595 0.000000 0.000000
vt  0.019595 0.000000 0.000000
vt  0.019595 0.000000 0.000000
vt  0.106257 0.000000 0.000000
vt  0.106257 0.000000 0.000000
vt  0.106257 0.000000 0.000000
vt  0.161826 0.000000 0.000000
vt  0.161826 0.000000 0.000000
vt  0.161826 0.000000 0.000000
vt  0.448274 0.000000 0.000000
vt  0.448274 0.000000 0.000000
vt  0.448274 0.000000 0.000000
vt  0.739352 0.000000 0.000000
vt  0.739352 0.000000 0.000000
vt  0.739352 0.000000 0.000000
vt  0.828241 0.000000 0.000000
vt  0.828241 0.000000 0.000000
vt  0.901430 0.000000 0.000000
vt  0.901430 0.000000 0.000000
vt  0.901430 0.000000 0.000000
vt  0.980154 0.000000 0.000000
vt  0.980154 0.000000 0.000000
vt  0.980154 0.000000 0.000000
vt  0.980154 0.000000 0.000000
vt  0.980154 0.000000 0.000000
vt  0.980154 0.000000 0.000000
vt  0.941784 0.000000 0.000000
vt  0.941784 0.000000 0.000000
vt  0.941784 0.000000 0.000000
vt  0.858923 0.000000 0.000000
vt  0.858923 0.000000 0.000000
vt  0.783014 0.000000 0.000000
vt  0.783014 0.000000 0.000000
vt  0.783014 0.000000 0.000000
vt  0.507813 0.000000 0.000000
vt  0.507813 0.000000 0.000000
vt  0.507813 0.000000 0.000000
vt  0.241211 0.000000 0.000000
vt  0.241211 0.000000 0.000000
vt  0.241211 0.000000 0.000000
vt  0.090380 0.000000 0.000000
vt  0.090380 0.000000 0.000000
vt  0.090380 0.000000 0.000000
vt  0.196226 0.000000 0.000000
vt  0.196226 0.000000 0.000000
vt  0.196226 0.000000 0.000000
vt  0.249126 0.000000 0.000000
vt  0.249126 0.000000 0.000000
vt  0.296911 0.000000 0.000000
vt  0.296911 0.000000 0.000000
vt  0.339588 0.000000 0.000000
vt  0.339588 0.000000 0.000000
vt  0.377161 0.000000 0.000000
vt  0.377161 0.000000 0.000000
vt  0.409639 0.000000 0.000000
vt  0.409639 0.000000 0.000000
vt  0.437028 0.000000 0.000000
vt  0.437028 0.000000 0.000000
vt  0.437028 0.000000 0.000000
vt  0.673198 0.000000 0.000000
vt  0.673198 0.000000 0.000000
vt  0.673198 0.000000 0.000000
vt  0.711718 0.000000 0.000000
vt  0.711718 0.000000 0.000000
vt  0.747873 0.000000 0.000000
vt  0.747873 0.000000 0.000000
vt  0.781642 0.000000 0.000000
vt  0.781642 0.000000 0.000000
vt  0.813004 0.000000 0.000000
vt  0.813004 0.000000 0.000000
vt  0.841943 0.000000 0.000000
vt  0.841943 0.000000 0.000000
vt  0.868443 0.000000 0.000000
vt  0.868443 0.000000 0.000000
vt  0.892491 0.000000 0.000000
vt  0.892491 0.000000 0.000000
vt  0.914075 0.000000 0.000000
vt  0.914075 0.000000 0.000000
vt  0.933184 0.000000 0.000000
vt  0.933184 0.000000 0.000000
vt  0.933184 0.000000 0.000000
vt  0.980154 0.000000 0.000000
vt  0.980154 0.000000 0.000000
vt  0.980154 0.000000 0.000000
vt  0.980154 0.000000 0.000000
vt  0.980154 0.000000 0.000000
vt  0.980154 0.000000 0.000000
vt  0.918630 0.000000 0.000000
vt  0.918630 0.000000 0.000000
vt  0.918630 0.000000 0.000000
vt  0.817908 0.000000 0.000000
vt  0.817908 0.000000 0.000000
vt  0.697675 0.000000 0.000000
vt  0.697675 0.000000 0.000000
vt  0.697675 0.000000 0.000000
vt  0.288181 0.000000 0.000000
vt  0.288181 0.000000 0.000000
vt  0.288181 0.000000 0.000000
vt  0.258420 0.000000 0.000000
vt  0.258420 0.000000 0.000000
vt  0.231144 0.000000 0.000000
vt  0.231144 0.000000 0.000000
vt  0.206364 0.000000 0.000000
vt  0.206364 0.000000 0.000000
vt  0.184086 0.000000 0.000000
vt  0.184086 0.000000 0.000000
vt  0.164321 0.000000 0.000000
vt  0.164321 0.000000 0.000000
vt  0.147072 0.000000 0.000000
vt  0.147072 0.000000 0.000000
vt  0.132347 0.000000 0.000000
vt  0.132347 0.000000 0.000000
vt  0.197549 0.000000 0.000000
vt  0.197549 0.000000 0.000000
vt  0.197549 0.000000 0.000000
vt  0.019595 0.000000 0.000000
vt  0.019595 0.000000 0.000000
vt  0.019595 0.000000 0.000000
vt  0.019595 0.000000 0.000000
vt  0.019595 0.000000 0.000000
vt  0.019595 0.000000 0.000000
vt  0.161826 0.000000 0.000000
vt  0.161826 0.000000 0.000000
vt  0.161826 0.000000 0.000000
vt  0.345073 0.000000 0.000000
vt  0.345073 0.000000 0.000000
vt  0.345073 0.000000 0.000000
vt  0.794922 0.000000 0.000000
vt  0.794922 0.000000 0.000000
vt  0.794922 0.000000 0.000000
vt  0.925246 0.000000 0.000000
vt  0.925246 0.000000 0.000000
vt  0.925246 0.000000 0.000000
vt  0.980154 0.000000 0.000000
vt  0.980154 0.000000 0.000000
vt  0.980154 0.000000 0.000000
vt  0.980154 0.000000 0.000000
vt  0.980154 0.000000 0.000000
vt  0.980154 0.000000 0.000000
vt  0.872322 0.000000 0.000000
vt  0.872322 0.000000 0.000000
vt  0.872322 0.000000 0.000000
vt  0.814340 0.000000 0.000000
vt  0.814340 0.000000 0.000000
vt  0.759860 0.000000 0.000000
vt  0.759860 0.000000 0.000000
vt  0.759860 0.000000 0.000000
vt  0.478705 0.000000 0.000000
vt  0.478705 0.000000 0.000000
vt  0.478705 0.000000 0.000000
vt  0.747952 1.000000 0.000000
vt  0.747952 1.000000 0.000000
vt  0.747952 1.000000 0.000000
vt  0.822546 1.000000 0.000000
vt  0.822546 1.000000 0.000000
vt  0.880469 1.000000 0.000000
vt  0.880469 1.000000 0.000000
vt  0.961464 1.000000 0.000000
vt  0.961464 1.000000 0.000000
vt  0.961464 1.000000 0.000000
vt  0.990165 1.000000 0.000000
vt  0.990165 1.000000 0.000000
vt  0.999523 1.000000 0.000000
vt  0.999523 1.000000 0.000000
vt  0.999523 1.000000 0.000000
vt  0.989896 1.000000 0.000000
vt  0.989896 1.000000 0.000000
vt  0.965813 1.000000 0.000000
vt  0.965813 1.000000 0.000000
vt  0.875227 1.000000 0.000000
vt  0.875227 1.000000 0.000000
vt  0.875227 1.000000 0.000000
vt  0.761652 1.000000 0.000000
vt  0.761652 1.000000 0.000000
vt  0.685917 1.000000 0.000000
vt  0.685917 1.000000 0.000000
vt  0.590504 1.000000 0.000000
vt  0.590504 1.000000 0.000000
vt  0.590504 1.000000 0.000000
vt  0.387526 1.000000 0.000000
vt  0.387526 1.000000 0.000000
vt  0.293620 1.000000 0.000000
vt  0.293620 1.000000 0.000000
vt  0.201707 1.000000 0.000000
vt  0.201707 1.000000 0.000000
vt  0.201707 1.000000 0.000000
vt  0.104223 1.000000 0.000000
vt  0.104223 1.000000 0.000000
vt  0.045163 1.000000 0.000000
vt  0.045163 1.000000 0.000000
vt  0.000113 1.000000 0.000000
vt  0.000113 1.000000 0.000000
vt  0.000113 1.000000 0.000000
vt  0.036850 1.000000 0.000000
vt  0.036850 1.000000 0.000000
vt  0.081925 1.000000 0.000000
vt  0.081925 1.000000 0.000000
vt  0.153184 1.000000 0.000000
vt  0.153184 1.000000 0.000000
vt  0.153184 1.000000 0.000000
vt  0.285421 1.000000 0.000000
vt  0.285421 1.000000 0.000000
vt  0.364491 1.000000 0.000000
vt  0.364491 1.000000 0.000000
vt  0.456214 1.000000 0.000000
vt  0.456214 1.000000 0.000000
vt  0.456214 1.000000 0.000000
vt  0.615035 1.000000 0.000000
vt  0.615035 1.000000 0.000000
vt  0.456874 1.000000 0.000000
vt  0.456874 1.000000 0.000000
vt  0.456874 1.000000 0.000000
vt  0.346603 1.000000 0.000000
vt  0.346603 1.000000 0.000000
vt  0.262224 1.000000 0.000000
vt  0.262224 1.000000 0.000000
vt  0.262224 1.000000 0.000000
vt  0.204436 1.000000 0.000000
vt  0.204436 1.000000 0.000000
vt  0.162820 1.000000 0.000000
vt  0.162820 1.000000 0.000000
vt  0.109194 1.000000 0.000000
vt  0.109194 1.000000 0.000000
vt  0.109194 1.000000 0.000000
vt  0.091429 1.000000 0.000000
vt  0.091429 1.000000 0.000000
vt  0.085381 1.000000 0.000000
vt  0.085381 1.000000 0.000000
vt  0.085381 1.000000 0.000000
vt  0.094936 1.000000 0.000000
vt  0.094936 1.000000 0.000000
vt  0.122134 1.000000 0.000000
vt  0.122134 1.000000 0.000000
vt  0.122134 1.000000 0.000000
vt  0.163258 1.000000 0.000000
vt  0.163258 1.000000 0.000000
vt  0.218662 1.000000 0.000000
vt  0.218662 1.000000 0.000000
vt  0.218662 1.000000 0.000000
vt  0.291576 1.000000 0.000000
vt  0.291576 1.000000 0.000000
vt  0.377563 1.000000 0.000000
vt  0.377563 1.000000 0.000000
vt  0.377563 1.000000 0.000000
vt  0.485321 1.000000 0.000000
vt  0.485321 1.000000 0.000000
vt  0.595800 1.000000 0.000000
vt  0.595800 1.000000 0.000000
vt  0.595800 1.000000 0.000000
vt  0.670336 1.000000 0.000000
vt  0.670336 1.000000 0.000000
vt  0.728146 1.000000 0.000000
vt  0.728146 1.000000 0.000000
vt  0.813188 1.000000 0.000000
vt  0.813188 1.000000 0.000000
vt  0.813188 1.000000 0.000000
vt  0.885941 1.000000 0.000000
vt  0.885941 1.000000 0.000000
vt  0.904944 1.000000 0.000000
vt  0.904944 1.000000 0.000000
vt  0.912325 1.000000 0.000000
vt  0.912325 1.000000 0.000000
vt  0.912325 1.000000 0.000000
vt  0.883687 1.000000 0.000000
vt  0.883687 1.000000 0.000000
vt  0.847235 1.000000 0.000000
vt  0.847235 1.000000 0.000000
vt  0.790676 1.000000 0.000000
vt  0.790676 1.000000 0.000000
vt  0.790676 1.000000 0.000000
vt  0.723746 1.000000 0.000000
vt  0.723746 1.000000 0.000000
vt  0.652876 1.000000 0.000000
vt  0.652876 1.000000 0.000000
vt  0.652876 1.000000 0.000000
vt  0.561803 1.000000 0.000000
vt  0.561803 1.000000 0.000000
vt  0.118826 1.000000 0.000000
vt  0.118826 1.000000 0.000000
vt  0.118826 1.000000 0.000000
vt  0.285534 1.000000 0.000000
vt  0.285534 1.000000 0.000000
vt  0.285534 1.000000 0.000000
vt  0.455117 1.000000 0.000000
vt  0.455117 1.000000 0.000000
vt  0.564046 1.000000 0.000000
vt  0.564046 1.000000 0.000000
vt  0.564046 1.000000 0.000000
vt  0.607450 1.000000 0.000000
vt  0.607450 1.000000 0.000000
vt  0.664598 1.000000 0.000000
vt  0.664598 1.000000 0.000000
vt  0.664598 1.000000 0.000000
vt  0.702306 1.000000 0.000000
vt  0.702306 1.000000 0.000000
vt  0.702306 1.000000 0.000000
vt  0.712891 1.000000 0.000000
vt  0.712891 1.000000 0.000000
vt  0.712891 1.000000 0.000000
vt  0.677829 1.000000 0.000000
vt  0.677829 1.000000 0.000000
vt  0.677829 1.000000 0.000000
vt  0.617629 1.000000 0.000000
vt  0.617629 1.000000 0.000000
vt  0.617629 1.000000 0.000000
vt  0.652690 1.000000 0.000000
vt  0.652690 1.000000 0.000000
vt  0.652690 1.000000 0.000000
vt  0.703097 1.000000 0.000000
vt  0.703097 1.000000 0.000000
vt  0.716583 1.000000 0.000000
vt  0.716583 1.000000 0.000000
vt  0.721790 1.000000 0.000000
vt  0.721790 1.000000 0.000000
vt  0.721790 1.000000 0.000000
vt  0.696745 1.000000 0.000000
vt  0.696745 1.000000 0.000000
vt  0.666772 1.000000 0.000000
vt  0.666772 1.000000 0.000000
vt  0.620275 1.000000 0.000000
vt  0.620275 1.000000 0.000000
vt  0.620275 1.000000 0.000000
vt  0.597782 1.000000 0.000000
vt  0.597782 1.000000 0.000000
vt  0.597782 1.000000 0.000000
vt  0.620275 1.000000 0.000000
vt  0.620275 1.000000 0.000000
vt  0.620275 1.000000 0.000000
vt  0.696550 1.000000 0.000000
vt  0.696550 1.000000 0.000000
vt  0.715337 1.000000 0.000000
vt  0.715337 1.000000 0.000000
vt  0.722152 1.000000 0.000000
vt  0.722152 1.000000 0.000000
vt  0.722152 1.000000 0.000000
vt  0.717877 1.000000 0.000000
vt  0.717877 1.000000 0.000000
vt  0.705937 1.000000 0.000000
vt  0.705937 1.000000 0.000000
vt  0.657081 1.000000 0.000000
vt  0.657081 1.000000 0.000000
vt  0.657081 1.000000 0.000000
vt  0.595519 1.000000 0.000000
vt  0.595519 1.000000 0.000000
vt  0.554692 1.000000 0.000000
vt  0.554692 1.000000 0.000000
vt  0.502508 1.000000 0.000000
vt  0.502508 1.000000 0.000000
vt  0.502508 1.000000 0.000000
vt  0.451556 1.000000 0.000000
vt  0.451556 1.000000 0.000000
vt  0.390720 1.000000 0.000000
vt  0.390720 1.000000 0.000000
vt  0.390720 1.000000 0.000000
vt  0.256427 1.000000 0.000000
vt  0.256427 1.000000 0.000000
vt  0.256427 1.000000 0.000000
vt  0.186537 1.000000 0.000000
vt  0.186537 1.000000 0.000000
vt  0.111549 1.000000 0.000000
vt  0.111549 1.000000 0.000000
vt  0.111549 1.000000 0.000000
vt  0.019595 1.000000 0.000000
vt  0.019595 1.000000 0.000000
vt  0.019595 1.000000 0.000000
vt  0.019595 1.000000 0.000000
vt  0.019595 1.000000 0.000000
vt  0.019595 1.000000 0.000000
vt  0.182995 1.000000 0.000000
vt  0.182995 1.000000 0.000000
vt  0.182995 1.000000 0.000000
vt  0.393366 1.000000 0.000000
vt  0.393366 1.000000 0.000000
vt  0.393366 1.000000 0.000000
vt  0.437093 1.000000 0.000000
vt  0.437093 1.000000 0.000000
vt  0.484666 1.000000 0.000000
vt  0.484666 1.000000 0.000000
vt  0.484666 1.000000 0.000000
vt  0.534038 1.000000 0.000000
vt  0.534038 1.000000 0.000000
vt  0.568299 1.000000 0.000000
vt  0.568299 1.000000 0.000000
vt  0.612258 1.000000 0.000000
vt  0.612258 1.000000 0.000000
vt  0.612258 1.000000 0.000000
vt  0.632215 1.000000 0.000000
vt  0.632215 1.000000 0.000000
vt  0.638429 1.000000 0.000000
vt  0.638429 1.000000 0.000000
vt  0.638429 1.000000 0.000000
vt  0.607692 1.000000 0.000000
vt  0.607692 1.000000 0.000000
vt  0.570041 1.000000 0.000000
vt  0.570041 1.000000 0.000000
vt  0.504537 1.000000 0.000000
vt  0.504537 1.000000 0.000000
vt  0.504537 1.000000 0.000000
vt  0.465480 1.000000 0.000000
vt  0.465480 1.000000 0.000000
vt  0.422542 1.000000 0.000000
vt  0.422542 1.000000 0.000000
vt  0.422542 1.000000 0.000000
vt  0.237373 1.000000 0.000000
vt  0.237373 1.000000 0.000000
vt  0.075164 1.000000 0.000000
vt  0.075164 1.000000 0.000000
vt  0.075164 1.000000 0.000000
vt  0.019595 1.000000 0.000000
vt  0.019595 1.000000 0.000000
vt  0.019595 1.000000 0.000000
vt  0.019595 1.000000 0.000000
vt  0.019595 1.000000 0.000000
vt  0.019595 1.000000 0.000000
vt  0.140657 1.000000 0.000000
vt  0.140657 1.000000 0.000000
vt  0.140657 1.000000 0.000000
vt  0.323242 1.000000 0.000000
vt  0.323242 1.000000 0.000000
vt  0.323242 1.000000 0.000000
vt  0.421812 1.000000 0.000000
vt  0.421812 1.000000 0.000000
vt  0.421812 1.000000 0.000000
vt  0.448221 1.000000 0.000000
vt  0.448221 1.000000 0.000000
vt  0.490622 1.000000 0.000000
vt  0.490622 1.000000 0.000000
vt  0.490622 1.000000 0.000000
vt  0.529002 1.000000 0.000000
vt  0.529002 1.000000 0.000000
vt  0.557253 1.000000 0.000000
vt  0.557253 1.000000 0.000000
vt  0.595396 1.000000 0.000000
vt  0.595396 1.000000 0.000000
vt  0.595396 1.000000 0.000000
vt  0.627036 1.000000 0.000000
vt  0.627036 1.000000 0.000000
vt  0.635330 1.000000 0.000000
vt  0.635330 1.000000 0.000000
vt  0.638561 1.000000 0.000000
vt  0.638561 1.000000 0.000000
vt  0.638561 1.000000 0.000000
vt  0.635301 1.000000 0.000000
vt  0.635301 1.000000 0.000000
vt  0.625206 1.000000 0.000000
vt  0.625206 1.000000 0.000000
vt  0.625206 1.000000 0.000000
vt  0.579889 1.000000 0.000000
vt  0.579889 1.000000 0.000000
vt  0.540510 1.000000 0.000000
vt  0.540510 1.000000 0.000000
vt  0.481467 1.000000 0.000000
vt  0.481467 1.000000 0.000000
vt  0.481467 1.000000 0.000000
vt  0.435284 1.000000 0.000000
vt  0.435284 1.000000 0.000000
vt  0.394689 1.000000 0.000000
vt  0.394689 1.000000 0.000000
vt  0.394689 1.000000 0.000000
vt  0.253780 1.000000 0.000000
vt  0.253780 1.000000 0.000000
vt  0.253780 1.000000 0.000000
vt  0.172910 1.000000 0.000000
vt  0.172910 1.000000 0.000000
vt  0.110226 1.000000 0.000000
vt  0.110226 1.000000 0.000000
vt  0.110226 1.000000 0.000000
vt  0.019595 1.000000 0.000000
vt  0.019595 1.000000 0.000000
vt  0.019595 1.000000 0.000000
vt  0.019595 1.000000 0.000000
vt  0.019595 1.000000 0.000000
vt  0.019595 1.000000 0.000000
vt  0.708921 1.000000 0.000000
vt  0.708921 1.000000 0.000000
vt  0.708921 1.000000 0.000000
vt  0.712891 1.000000 0.000000
vt  0.712891 1.000000 0.000000
vt  0.712891 1.000000 0.000000
vt  0.719881 1.000000 0.000000
vt  0.719881 1.000000 0.000000
vt  0.722152 1.000000 0.000000
vt  0.722152 1.000000 0.000000
vt  0.722152 1.000000 0.000000
vt  0.719486 1.000000 0.000000
vt  0.719486 1.000000 0.000000
vt  0.711191 1.000000 0.000000
vt  0.711191 1.000000 0.000000
vt  0.711191 1.000000 0.000000
vt  0.670707 1.000000 0.000000
vt  0.670707 1.000000 0.000000
vt  0.611060 1.000000 0.000000
vt  0.611060 1.000000 0.000000
vt  0.515083 1.000000 0.000000
vt  0.515083 1.000000 0.000000
vt  0.515083 1.000000 0.000000
vt  0.482708 1.000000 0.000000
vt  0.482708 1.000000 0.000000
vt  0.443643 1.000000 0.000000
vt  0.443643 1.000000 0.000000
vt  0.443643 1.000000 0.000000
vt  0.343089 1.000000 0.000000
vt  0.343089 1.000000 0.000000
vt  0.343089 1.000000 0.000000
vt  0.211394 1.000000 0.000000
vt  0.211394 1.000000 0.000000
vt  0.097657 1.000000 0.000000
vt  0.097657 1.000000 0.000000
vt  0.097657 1.000000 0.000000
vt  0.019595 1.000000 0.000000
vt  0.019595 1.000000 0.000000
vt  0.019595 1.000000 0.000000
vt  0.019595 1.000000 0.000000
vt  0.019595 1.000000 0.000000
vt  0.019595 1.000000 0.000000
vt  0.051349 1.000000 0.000000
vt  0.051349 1.000000 0.000000
vt  0.051349 1.000000 0.000000
vt  0.100303 1.000000 0.000000
vt  0.100303 1.000000 0.000000
vt  0.100303 1.000000 0.000000
vt  0.067887 1.000000 0.000000
vt  0.067887 1.000000 0.000000
vt  0.067887 1.000000 0.000000
vt  0.017088 1.000000 0.000000
vt  0.017088 1.000000 0.000000
vt  0.004568 1.000000 0.000000
vt  0.004568 1.000000 0.000000
vt  0.000068 1.000000 0.000000
vt  0.000068 1.000000 0.000000
vt  0.000068 1.000000 0.000000
vt  0.003823 1.000000 0.000000
vt  0.003823 1.000000 0.000000
vt  0.014473 1.000000 0.000000
vt  0.014473 1.000000 0.000000
vt  0.055488 1.000000 0.000000
vt  0.055488 1.000000 0.000000
vt  0.055488 1.000000 0.000000
vt  0.116629 1.000000 0.000000
vt  0.116629 1.000000 0.000000
vt  0.154303 1.000000 0.000000
vt  0.154303 1.000000 0.000000
vt  0.200860 1.000000 0.000000
vt  0.200860 1.000000 0.000000
vt  0.200860 1.000000 0.000000
vt  0.292356 1.000000 0.000000
vt  0.292356 1.000000 0.000000
vt  0.334848 1.000000 0.000000
vt  0.334848 1.000000 0.000000
vt  0.377473 1.000000 0.000000
vt  0.377473 1.000000 0.000000
vt  0.377473 1.000000 0.000000
vt  0.432545 1.000000 0.000000
vt  0.432545 1.000000 0.000000
vt  0.452268 1.000000 0.000000
vt  0.452268 1.000000 0.000000
vt  0.466448 1.000000 0.000000
vt  0.466448 1.000000 0.000000
vt  0.466448 1.000000 0.000000
vt  0.473105 1.000000 0.000000
vt  0.473105 1.000000 0.000000
vt  0.475397 1.000000 0.000000
vt  0.475397 1.000000 0.000000
vt  0.475397 1.000000 0.000000
vt  0.474018 1.000000 0.000000
vt  0.474018 1.000000 0.000000
vt  0.469443 1.000000 0.000000
vt  0.469443 1.000000 0.000000
vt  0.469443 1.000000 0.000000
vt  0.467459 1.000000 0.000000
vt  0.467459 1.000000 0.000000
vt  0.467459 1.000000 0.000000
vt  0.511120 1.000000 0.000000
vt  0.511120 1.000000 0.000000
vt  0.511120 1.000000 0.000000
vt  0.524710 1.000000 0.000000
vt  0.524710 1.000000 0.000000
vt  0.536823 1.000000 0.000000
vt  0.536823 1.000000 0.000000
vt  0.547728 1.000000 0.000000
vt  0.547728 1.000000 0.000000
vt  0.557641 1.000000 0.000000
vt  0.557641 1.000000 0.000000
vt  0.566735 1.000000 0.000000
vt  0.566735 1.000000 0.000000
vt  0.575151 1.000000 0.000000
vt  0.575151 1.000000 0.000000
vt  0.583002 1.000000 0.000000
vt  0.583002 1.000000 0.000000
vt  0.590375 1.000000 0.000000
vt  0.590375 1.000000 0.000000
vt  0.597335 1.000000 0.000000
vt  0.597335 1.000000 0.000000
vt  0.603925 1.000000 0.000000
vt  0.603925 1.000000 0.000000
vt  0.610165 1.000000 0.000000
vt  0.610165 1.000000 0.000000
vt  0.616051 1.000000 0.000000
vt  0.616051 1.000000 0.000000
vt  0.620213 1.000000 0.000000
vt  0.620213 1.000000 0.000000
vt  0.624128 1.000000 0.000000
vt  0.624128 1.000000 0.000000
vt  0.627753 1.000000 0.000000
vt  0.627753 1.000000 0.000000
vt  0.631027 1.000000 0.000000
vt  0.631027 1.000000 0.000000
vt  0.633868 1.000000 0.000000
vt  0.633868 1.000000 0.000000
vt  0.636164 1.000000 0.000000
vt  0.636164 1.000000 0.000000
vt  0.637770 1.000000 0.000000
vt  0.637770 1.000000 0.000000
vt  0.638495 1.000000 0.000000
vt  0.638495 1.000000 0.000000
vt  0.638495 1.000000 0.000000
vt  0.636999 1.000000 0.000000
vt  0.636999 1.000000 0.000000
vt  0.630198 1.000000 0.000000
vt  0.630198 1.000000 0.000000
vt  0.630198 1.000000 0.000000
vt  0.625567 1.000000 0.000000
vt  0.625567 1.000000 0.000000
vt  0.625567 1.000000 0.000000
vt  0.384104 1.000000 0.000000
vt  0.384104 1.000000 0.000000
vt  0.384104 1.000000 0.000000
vt  0.388074 1.000000 0.000000
vt  0.388074 1.000000 0.000000
vt  0.388074 1.000000 0.000000
vt  0.390720 1.000000 0.000000
vt  0.390720 1.000000 0.000000
vt  0.391563 1.000000 0.000000
vt  0.391563 1.000000 0.000000
vt  0.391563 1.000000 0.000000
vt  0.381807 1.000000 0.000000
vt  0.381807 1.000000 0.000000
vt  0.359006 1.000000 0.000000
vt  0.359006 1.000000 0.000000
vt  0.359006 1.000000 0.000000
vt  0.330598 1.000000 0.000000
vt  0.330598 1.000000 0.000000
vt  0.299448 1.000000 0.000000
vt  0.299448 1.000000 0.000000
vt  0.218048 1.000000 0.000000
vt  0.218048 1.000000 0.000000
vt  0.218048 1.000000 0.000000
vt  0.184566 1.000000 0.000000
vt  0.184566 1.000000 0.000000
vt  0.158453 1.000000 0.000000
vt  0.158453 1.000000 0.000000
vt  0.118660 1.000000 0.000000
vt  0.118660 1.000000 0.000000
vt  0.118660 1.000000 0.000000
vt  0.092552 1.000000 0.000000
vt  0.092552 1.000000 0.000000
vt  0.085343 1.000000 0.000000
vt  0.085343 1.000000 0.000000
vt  0.082744 1.000000 0.000000
vt  0.082744 1.000000 0.000000
vt  0.082744 1.000000 0.000000
vt  0.095771 1.000000 0.000000
vt  0.095771 1.000000 0.000000
vt  0.111698 1.000000 0.000000
vt  0.111698 1.000000 0.000000
vt  0.135505 1.000000 0.000000
vt  0.135505 1.000000 0.000000
vt  0.135505 1.000000 0.000000
vt  0.187045 1.000000 0.000000
vt  0.187045 1.000000 0.000000
vt  0.255223 1.000000 0.000000
vt  0.255223 1.000000 0.000000
vt  0.255223 1.000000 0.000000
vt  0.297214 1.000000 0.000000
vt  0.297214 1.000000 0.000000
vt  0.338458 1.000000 0.000000
vt  0.338458 1.000000 0.000000
vt  0.338458 1.000000 0.000000
vt  0.141980 1.000000 0.000000
vt  0.141980 1.000000 0.000000
vt  0.141980 1.000000 0.000000
vt  0.198871 1.000000 0.000000
vt  0.198871 1.000000 0.000000
vt  0.266095 1.000000 0.000000
vt  0.266095 1.000000 0.000000
vt  0.343750 1.000000 0.000000
vt  0.343750 1.000000 0.000000
vt  0.343750 1.000000 0.000000
vt  0.448274 1.000000 0.000000
vt  0.448274 1.000000 0.000000
vt  0.448274 1.000000 0.000000
vt  0.503956 1.000000 0.000000
vt  0.503956 1.000000 0.000000
vt  0.552803 1.000000 0.000000
vt  0.552803 1.000000 0.000000
vt  0.552803 1.000000 0.000000
vt  0.606769 1.000000 0.000000
vt  0.606769 1.000000 0.000000
vt  0.660629 1.000000 0.000000
vt  0.660629 1.000000 0.000000
vt  0.660629 1.000000 0.000000
vt  0.702306 1.000000 0.000000
vt  0.702306 1.000000 0.000000
vt  0.702306 1.000000 0.000000
vt  0.712891 1.000000 0.000000
vt  0.712891 1.000000 0.000000
vt  0.712891 1.000000 0.000000
vt  0.673198 1.000000 0.000000
vt  0.673198 1.000000 0.000000
vt  0.673198 1.000000 0.000000
vt  0.621598 1.000000 0.000000
vt  0.621598 1.000000 0.000000
vt  0.621598 1.000000 0.000000
vt  0.640121 1.000000 0.000000
vt  0.640121 1.000000 0.000000
vt  0.640121 1.000000 0.000000
vt  0.698310 1.000000 0.000000
vt  0.698310 1.000000 0.000000
vt  0.714998 1.000000 0.000000
vt  0.714998 1.000000 0.000000
vt  0.722152 1.000000 0.000000
vt  0.722152 1.000000 0.000000
vt  0.722152 1.000000 0.000000
vt  0.720829 1.000000 0.000000
vt  0.720829 1.000000 0.000000
vt  0.720829 1.000000 0.000000
vt  0.637475 1.000000 0.000000
vt  0.637475 1.000000 0.000000
vt  0.637475 1.000000 0.000000
vt  0.638798 1.000000 0.000000
vt  0.638798 1.000000 0.000000
vt  0.638798 1.000000 0.000000
vt  0.624390 1.000000 0.000000
vt  0.624390 1.000000 0.000000
vt  0.587647 1.000000 0.000000
vt  0.587647 1.000000 0.000000
vt  0.528575 1.000000 0.000000
vt  0.528575 1.000000 0.000000
vt  0.528575 1.000000 0.000000
vt  0.492597 1.000000 0.000000
vt  0.492597 1.000000 0.000000
vt  0.464151 1.000000 0.000000
vt  0.464151 1.000000 0.000000
vt  0.464151 1.000000 0.000000
vt  0.379473 1.000000 0.000000
vt  0.379473 1.000000 0.000000
vt  0.379473 1.000000 0.000000
vt  0.202842 1.000000 0.000000
vt  0.202842 1.000000 0.000000
vt  0.202842 1.000000 0.000000
vt  0.100303 1.000000 0.000000
vt  0.100303 1.000000 0.000000
vt  0.100303 1.000000 0.000000
vt  0.019595 1.000000 0.000000
vt  0.019595 1.000000 0.000000
vt  0.019595 1.000000 0.000000
vt  0.019595 1.000000 0.000000
vt  0.019595 1.000000 0.000000
vt  0.019595 1.000000 0.000000
vt  0.136026 1.000000 0.000000
vt  0.136026 1.000000 0.000000
vt  0.136026 1.000000 0.000000
vt  0.144032 1.000000 0.000000
vt  0.144032 1.000000 0.000000
vt  0.153000 1.000000 0.000000
vt  0.153000 1.000000 0.000000
vt  0.162930 1.000000 0.000000
vt  0.162930 1.000000 0.000000
vt  0.173822 1.000000 0.000000
vt  0.173822 1.000000 0.000000
vt  0.185675 1.000000 0.000000
vt  0.185675 1.000000 0.000000
vt  0.198489 1.000000 0.000000
vt  0.198489 1.000000 0.000000
vt  0.212264 1.000000 0.000000
vt  0.212264 1.000000 0.000000
vt  0.227000 1.000000 0.000000
vt  0.227000 1.000000 0.000000
vt  0.242696 1.000000 0.000000
vt  0.242696 1.000000 0.000000
vt  0.259353 1.000000 0.000000
vt  0.259353 1.000000 0.000000
vt  0.276969 1.000000 0.000000
vt  0.276969 1.000000 0.000000
vt  0.295544 1.000000 0.000000
vt  0.295544 1.000000 0.000000
vt  0.315078 1.000000 0.000000
vt  0.315078 1.000000 0.000000
vt  0.335571 1.000000 0.000000
vt  0.335571 1.000000 0.000000
vt  0.357023 1.000000 0.000000
vt  0.357023 1.000000 0.000000
vt  0.379431 1.000000 0.000000
vt  0.379431 1.000000 0.000000
vt  0.402798 1.000000 0.000000
vt  0.402798 1.000000 0.000000
vt  0.427121 1.000000 0.000000
vt  0.427121 1.000000 0.000000
vt  0.452400 1.000000 0.000000
vt  0.452400 1.000000 0.000000
vt  0.478635 1.000000 0.000000
vt  0.478635 1.000000 0.000000
vt  0.505826 1.000000 0.000000
vt  0.505826 1.000000 0.000000
vt  0.505826 1.000000 0.000000
vt  0.608645 1.000000 0.000000
vt  0.608645 1.000000 0.000000
vt  0.697238 1.000000 0.000000
vt  0.697238 1.000000 0.000000
vt  0.771600 1.000000 0.000000
vt  0.771600 1.000000 0.000000
vt  0.831727 1.000000 0.000000
vt  0.831727 1.000000 0.000000
vt  0.877615 1.000000 0.000000
vt  0.877615 1.000000 0.000000
vt  0.877615 1.000000 0.000000
vt  0.980154 1.000000 0.000000
vt  0.980154 1.000000 0.000000
vt  0.980154 1.000000 0.000000
vt  0.980154 1.000000 0.000000
vt  0.980154 1.000000 0.000000
vt  0.980154 1.000000 0.000000
vt  0.892830 1.000000 0.000000
vt  0.892830 1.000000 0.000000
vt  0.892830 1.000000 0.000000
vt  0.898784 1.000000 0.000000
vt  0.898784 1.000000 0.000000
vt  0.898784 1.000000 0.000000
vt  0.901430 1.000000 0.000000
vt  0.901430 1.000000 0.000000
vt  0.901430 1.000000 0.000000
vt  0.902753 1.000000 0.000000
vt  0.902753 1.000000 0.000000
vt  0.902753 1.000000 0.000000
vt  0.841891 1.000000 0.000000
vt  0.841891 1.000000 0.000000
vt  0.841891 1.000000 0.000000
vt  0.652690 1.000000 0.000000
vt  0.652690 1.000000 0.000000
vt  0.652690 1.000000 0.000000
vt  0.583228 1.000000 0.000000
vt  0.583228 1.000000 0.000000
vt  0.583228 1.000000 0.000000
vt  0.581905 1.000000 0.000000
vt  0.581905 1.000000 0.000000
vt  0.581905 1.000000 0.000000
vt  0.582506 1.000000 0.000000
vt  0.582506 1.000000 0.000000
vt  0.585875 1.000000 0.000000
vt  0.585875 1.000000 0.000000
vt  0.585875 1.000000 0.000000
vt  0.593152 1.000000 0.000000
vt  0.593152 1.000000 0.000000
vt  0.593152 1.000000 0.000000
vt  0.495905 1.000000 0.000000
vt  0.495905 1.000000 0.000000
vt  0.495905 1.000000 0.000000
vt  0.501859 1.000000 0.000000
vt  0.501859 1.000000 0.000000
vt  0.501859 1.000000 0.000000
vt  0.503843 1.000000 0.000000
vt  0.503843 1.000000 0.000000
vt  0.503843 1.000000 0.000000
vt  0.505828 1.000000 0.000000
vt  0.505828 1.000000 0.000000
vt  0.505828 1.000000 0.000000
vt  0.427766 1.000000 0.000000
vt  0.427766 1.000000 0.000000
vt  0.427766 1.000000 0.000000
vt  0.167780 1.000000 0.000000
vt  0.167780 1.000000 0.000000
vt  0.167780 1.000000 0.000000
vt  0.096995 1.000000 0.000000
vt  0.096995 1.000000 0.000000
vt  0.096995 1.000000 0.000000
vt  0.096995 1.000000 0.000000
vt  0.096995 1.000000 0.000000
vt  0.096995 1.000000 0.000000
vt  0.097684 1.000000 0.000000
vt  0.097684 1.000000 0.000000
vt  0.100303 1.000000 0.000000
vt  0.100303 1.000000 0.000000
vt  0.100303 1.000000 0.000000
vt  0.106918 1.000000 0.000000
vt  0.106918 1.000000 0.000000
vt  0.106918 1.000000 0.000000
vt  0.019595 1.000000 0.000000
vt  0.019595 1.000000 0.000000
vt  0.019595 1.000000 0.000000
vt  0.019595 1.000000 0.000000
vt  0.019595 1.000000 0.000000
vt  0.019595 1.000000 0.000000
vt  0.122134 1.000000 0.000000
vt  0.122134 1.000000 0.000000
vt  0.122134 1.000000 0.000000
vt  0.113534 1.000000 0.000000
vt  0.113534 1.000000 0.000000
vt  0.113534 1.000000 0.000000
vt  0.093687 1.000000 0.000000
vt  0.093687 1.000000 0.000000
vt  0.093687 1.000000 0.000000
vt  0.088685 1.000000 0.000000
vt  0.088685 1.000000 0.000000
vt  0.086201 1.000000 0.000000
vt  0.086201 1.000000 0.000000
vt  0.086201 1.000000 0.000000
vt  0.097063 1.000000 0.000000
vt  0.097063 1.000000 0.000000
vt  0.122697 1.000000 0.000000
vt  0.122697 1.000000 0.000000
vt  0.122697 1.000000 0.000000
vt  0.150742 1.000000 0.000000
vt  0.150742 1.000000 0.000000
vt  0.181168 1.000000 0.000000
vt  0.181168 1.000000 0.000000
vt  0.258409 1.000000 0.000000
vt  0.258409 1.000000 0.000000
vt  0.258409 1.000000 0.000000
vt  0.282061 1.000000 0.000000
vt  0.282061 1.000000 0.000000
vt  0.301958 1.000000 0.000000
vt  0.301958 1.000000 0.000000
vt  0.301958 1.000000 0.000000
vt  0.336341 1.000000 0.000000
vt  0.336341 1.000000 0.000000
vt  0.366669 1.000000 0.000000
vt  0.366669 1.000000 0.000000
vt  0.366669 1.000000 0.000000
vt  0.404693 1.000000 0.000000
vt  0.404693 1.000000 0.000000
vt  0.437689 1.000000 0.000000
vt  0.437689 1.000000 0.000000
vt  0.437689 1.000000 0.000000
vt  0.515090 1.000000 0.000000
vt  0.515090 1.000000 0.000000
vt  0.515090 1.000000 0.000000
vt  0.550545 1.000000 0.000000
vt  0.550545 1.000000 0.000000
vt  0.576669 1.000000 0.000000
vt  0.576669 1.000000 0.000000
vt  0.576669 1.000000 0.000000
vt  0.608185 1.000000 0.000000
vt  0.608185 1.000000 0.000000
vt  0.644436 1.000000 0.000000
vt  0.644436 1.000000 0.000000
vt  0.644436 1.000000 0.000000
vt  0.715544 1.000000 0.000000
vt  0.715544 1.000000 0.000000
vt  0.776404 1.000000 0.000000
vt  0.776404 1.000000 0.000000
vt  0.776404 1.000000 0.000000
vt  0.822731 1.000000 0.000000
vt  0.822731 1.000000 0.000000
vt  0.861557 1.000000 0.000000
vt  0.861557 1.000000 0.000000
vt  0.928415 1.000000 0.000000
vt  0.928415 1.000000 0.000000
vt  0.928415 1.000000 0.000000
vt  0.971179 1.000000 0.000000
vt  0.971179 1.000000 0.000000
vt  0.996433 1.000000 0.000000
vt  0.996433 1.000000 0.000000
vt  0.996433 1.000000 0.000000
vt  0.998958 1.000000 0.000000
vt  0.998958 1.000000 0.000000
vt  1.000000 1.000000 0.000000
vt  1.000000 1.000000 0.000000
vt  1.000000 1.000000 0.000000
vt  0.995441 1.000000 0.000000
vt  0.995441 1.000000 0.000000
vt  0.980815 1.000000 0.000000
vt  0.980815 1.000000 0.000000
vt  0.980815 1.000000 0.000000
vt  0.974861 1.000000 0.000000
vt  0.974861 1.000000 0.000000
vt  0.974861 1.000000 0.000000
vt  0.886215 1.000000 0.000000
vt  0.886215 1.000000 0.000000
vt  0.886215 1.000000 0.000000
vt  0.898784 1.000000 0.000000
vt  0.898784 1.000000 0.000000
vt  0.898784 1.000000 0.000000
vt  0.909466 1.000000 0.000000
vt  0.909466 1.000000 0.000000
vt  0.913044 1.000000 0.000000
vt  0.913044 1.000000 0.000000
vt  0.913044 1.000000 0.000000
vt  0.903479 1.000000 0.000000
vt  0.903479 1.000000 0.000000
vt  0.883014 1.000000 0.000000
vt  0.883014 1.000000 0.000000
vt  0.883014 1.000000 0.000000
vt  0.860581 1.000000 0.000000
vt  0.860581 1.000000 0.000000
vt  0.837064 1.000000 0.000000
vt  0.837064 1.000000 0.000000
vt  0.779040 1.000000 0.000000
vt  0.779040 1.000000 0.000000
vt  0.779040 1.000000 0.000000
vt  0.755691 1.000000 0.000000
vt  0.755691 1.000000 0.000000
vt  0.736706 1.000000 0.000000
vt  0.736706 1.000000 0.000000
vt  0.736706 1.000000 0.000000
vt  0.708764 1.000000 0.000000
vt  0.708764 1.000000 0.000000
vt  0.685907 1.000000 0.000000
vt  0.685907 1.000000 0.000000
vt  0.685907 1.000000 0.000000
vt  0.650526 1.000000 0.000000
vt  0.650526 1.000000 0.000000
vt  0.618952 1.000000 0.000000
vt  0.618952 1.000000 0.000000
vt  0.618952 1.000000 0.000000
vt  0.486643 1.000000 0.000000
vt  0.486643 1.000000 0.000000
vt  0.486643 1.000000 0.000000
vt  0.464040 1.000000 0.000000
vt  0.464040 1.000000 0.000000
vt  0.431514 1.000000 0.000000
vt  0.431514 1.000000 0.000000
vt  0.431514 1.000000 0.000000
vt  0.383862 1.000000 0.000000
vt  0.383862 1.000000 0.000000
vt  0.338204 1.000000 0.000000
vt  0.338204 1.000000 0.000000
vt  0.338204 1.000000 0.000000
vt  0.304927 1.000000 0.000000
vt  0.304927 1.000000 0.000000
vt  0.264357 1.000000 0.000000
vt  0.264357 1.000000 0.000000
vt  0.264357 1.000000 0.000000
vt  0.154863 1.000000 0.000000
vt  0.154863 1.000000 0.000000
vt  0.108049 1.000000 0.000000
vt  0.108049 1.000000 0.000000
vt  0.063113 1.000000 0.000000
vt  0.063113 1.000000 0.000000
vt  0.063113 1.000000 0.000000
vt  0.019530 1.000000 0.000000
vt  0.019530 1.000000 0.000000
vt  0.005785 1.000000 0.000000
vt  0.005785 1.000000 0.000000
vt  0.000000 1.000000 0.000000
vt  0.000000 1.000000 0.000000
vt  0.000000 1.000000 0.000000
vt  0.004926 1.000000 0.000000
vt  0.004926 1.000000 0.000000
vt  0.020918 1.000000 0.000000
vt  0.020918 1.000000 0.000000
vt  0.020918 1.000000 0.000000
vt  0.036133 1.000000 0.000000
vt  0.036133 1.000000 0.000000
vt  0.036133 1.000000 0.000000
vt  0.122134 1.000000 0.000000
vt  0.122134 1.000000 0.000000
vt  0.122134 1.000000 0.000000
vt  0.113534 1.000000 0.000000
vt  0.113534 1.000000 0.000000
vt  0.113534 1.000000 0.000000
vt  0.093687 1.000000 0.000000
vt  0.093687 1.000000 0.000000
vt  0.093687 1.000000 0.000000
vt  0.088685 1.000000 0.000000
vt  0.088685 1.000000 0.000000
vt  0.086201 1.000000 0.000000
vt  0.086201 1.000000 0.000000
vt  0.086201 1.000000 0.000000
vt  0.097063 1.000000 0.000000
vt  0.097063 1.000000 0.000000
vt  0.122697 1.000000 0.000000
vt  0.122697 1.000000 0.000000
vt  0.122697 1.000000 0.000000
vt  0.150742 1.000000 0.000000
vt  0.150742 1.000000 0.000000
vt  0.181168 1.000000 0.000000
vt  0.181168 1.000000 0.000000
vt  0.258409 1.000000 0.000000
vt  0.258409 1.000000 0.000000
vt  0.258409 1.000000 0.000000
vt  0.282061 1.000000 0.000000
vt  0.282061 1.000000 0.000000
vt  0.301958 1.000000 0.000000
vt  0.301958 1.000000 0.000000
vt  0.301958 1.000000 0.000000
vt  0.336341 1.000000 0.000000
vt  0.336341 1.000000 0.000000
vt  0.366669 1.000000 0.000000
vt  0.366669 1.000000 0.000000
vt  0.366669 1.000000 0.000000
vt  0.404693 1.000000 0.000000
vt  0.404693 1.000000 0.000000
vt  0.437689 1.000000 0.000000
vt  0.437689 1.000000 0.000000
vt  0.437689 1.000000 0.000000
vt  0.515090 1.000000 0.000000
vt  0.515090 1.000000 0.000000
vt  0.515090 1.000000 0.000000
vt  0.550545 1.000000 0.000000
vt  0.550545 1.000000 0.000000
vt  0.576669 1.000000 0.000000
vt  0.576669 1.000000 0.000000
vt  0.576669 1.000000 0.000000
vt  0.608185 1.000000 0.000000
vt  0.608185 1.000000 0.000000
vt  0.644436 1.000000 0.000000
vt  0.644436 1.000000 0.000000
vt  0.644436 1.000000 0.000000
vt  0.715544 1.000000 0.000000
vt  0.715544 1.000000 0.000000
vt  0.776404 1.000000 0.000000
vt  0.776404 1.000000 0.000000
vt  0.776404 1.000000 0.000000
vt  0.822731 1.000000 0.000000
vt  0.822731 1.000000 0.000000
vt  0.861557 1.000000 0.000000
vt  0.861557 1.000000 0.000000
vt  0.928415 1.000000 0.000000
vt  0.928415 1.000000 0.000000
vt  0.928415 1.000000 0.000000
vt  0.971179 1.000000 0.000000
vt  0.971179 1.000000 0.000000
vt  0.996433 1.000000 0.000000
vt  0.996433 1.000000 0.000000
vt  0.996433 1.000000 0.000000
vt  0.998958 1.000000 0.000000
vt  0.998958 1.000000 0.000000
vt  1.000000 1.000000 0.000000
vt  1.000000 1.000000 0.000000
vt  1.000000 1.000000 0.000000
vt  0.995441 1.000000 0.000000
vt  0.995441 1.000000 0.000000
vt  0.980815 1.000000 0.000000
vt  0.980815 1.000000 0.000000
vt  0.980815 1.000000 0.000000
vt  0.974861 1.000000 0.000000
vt  0.974861 1.000000 0.000000
vt  0.974861 1.000000 0.000000
vt  0.886215 1.000000 0.000000
vt  0.886215 1.000000 0.000000
vt  0.886215 1.000000 0.000000
vt  0.898784 1.000000 0.000000
vt  0.898784 1.000000 0.000000
vt  0.898784 1.000000 0.000000
vt  0.909466 1.000000 0.000000
vt  0.909466 1.000000 0.000000
vt  0.913044 1.000000 0.000000
vt  0.913044 1.000000 0.000000
vt  0.913044 1.000000 0.000000
vt  0.903479 1.000000 0.000000
vt  0.903479 1.000000 0.000000
vt  0.883014 1.000000 0.000000
vt  0.883014 1.000000 0.000000
vt  0.883014 1.000000 0.000000
vt  0.860581 1.000000 0.000000
vt  0.860581 1.000000 0.000000
vt  0.837064 1.000000 0.000000
vt  0.837064 1.000000 0.000000
vt  0.779040 1.000000 0.000000
vt  0.779040 1.000000 0.000000
vt  0.779040 1.000000 0.000000
vt  0.755691 1.000000 0.000000
vt  0.755691 1.000000 0.000000
vt  0.736706 1.000000 0.000000
vt  0.736706 1.000000 0.000000
vt  0.736706 1.000000 0.000000
vt  0.708764 1.000000 0.000000
vt  0.708764 1.000000 0.000000
vt  0.685907 1.000000 0.000000
vt  0.685907 1.000000 0.000000
vt  0.685907 1.000000 0.000000
vt  0.650526 1.000000 0.000000
vt  0.650526 1.000000 0.000000
vt  0.618952 1.000000 0.000000
vt  0.618952 1.000000 0.000000
vt  0.618952 1.000000 0.000000
vt  0.486643 1.000000 0.000000
vt  0.486643 1.000000 0.000000
vt  0.486643 1.000000 0.000000
vt  0.464040 1.000000 0.000000
vt  0.464040 1.000000 0.000000
vt  0.431514 1.000000 0.000000
vt  0.431514 1.000000 0.000000
vt  0.431514 1.000000 0.000000
vt  0.383862 1.000000 0.000000
vt  0.383862 1.000000 0.000000
vt  0.338204 1.000000 0.000000
vt  0.338204 1.000000 0.000000
vt  0.338204 1.000000 0.000000
vt  0.304927 1.000000 0.000000
vt  0.304927 1.000000 0.000000
vt  0.264357 1.000000 0.000000
vt  0.264357 1.000000 0.000000
vt  0.264357 1.000000 0.000000
vt  0.154863 1.000000 0.000000
vt  0.154863 1.000000 0.000000
vt  0.108049 1.000000 0.000000
vt  0.108049 1.000000 0.000000
vt  0.063113 1.000000 0.000000
vt  0.063113 1.000000 0.000000
vt  0.063113 1.000000 0.000000
vt  0.019530 1.000000 0.000000
vt  0.019530 1.000000 0.000000
vt  0.005785 1.000000 0.000000
vt  0.005785 1.000000 0.000000
vt  0.000000 1.000000 0.000000
vt  0.000000 1.000000 0.000000
vt  0.000000 1.000000 0.000000
vt  0.004926 1.000000 0.000000
vt  0.004926 1.000000 0.000000
vt  0.020918 1.000000 0.000000
vt  0.020918 1.000000 0.000000
vt  0.020918 1.000000 0.000000
vt  0.036133 1.000000 0.000000
vt  0.036133 1.000000 0.000000
vt  0.036133 1.000000 0.000000
vt  0.160503 1.000000 0.000000
vt  0.160503 1.000000 0.000000
vt  0.160503 1.000000 0.000000
vt  0.528982 1.000000 0.000000
vt  0.528982 1.000000 0.000000
vt  0.528982 1.000000 0.000000
vt  0.810137 1.000000 0.000000
vt  0.810137 1.000000 0.000000
vt  0.810137 1.000000 0.000000
vt  0.863651 1.000000 0.000000
vt  0.863651 1.000000 0.000000
vt  0.914661 1.000000 0.000000
vt  0.914661 1.000000 0.000000
vt  0.914661 1.000000 0.000000
vt  0.957000 1.000000 0.000000
vt  0.957000 1.000000 0.000000
vt  0.957000 1.000000 0.000000
vt  1.000000 1.000000 0.000000
vt  1.000000 1.000000 0.000000
vt  1.000000 1.000000 0.000000
vt  0.949723 1.000000 0.000000
vt  0.949723 1.000000 0.000000
vt  0.949723 1.000000 0.000000
vt  0.898919 1.000000 0.000000
vt  0.898919 1.000000 0.000000
vt  0.840329 1.000000 0.000000
vt  0.840329 1.000000 0.000000
vt  0.773770 1.000000 0.000000
vt  0.773770 1.000000 0.000000
vt  0.699087 1.000000 0.000000
vt  0.699087 1.000000 0.000000
vt  0.616152 1.000000 0.000000
vt  0.616152 1.000000 0.000000
vt  0.616152 1.000000 0.000000
vt  0.467798 1.000000 0.000000
vt  0.467798 1.000000 0.000000
vt  0.345735 1.000000 0.000000
vt  0.345735 1.000000 0.000000
vt  0.345735 1.000000 0.000000
vt  0.173734 1.000000 0.000000
vt  0.173734 1.000000 0.000000
vt  0.173734 1.000000 0.000000
vt  0.019595 1.000000 0.000000
vt  0.019595 1.000000 0.000000
vt  0.019595 1.000000 0.000000
vt  0.019595 1.000000 0.000000
vt  0.019595 1.000000 0.000000
vt  0.019595 1.000000 0.000000
vt  0.197549 1.000000 0.000000
vt  0.197549 1.000000 0.000000
vt  0.197549 1.000000 0.000000
vt  0.349043 1.000000 0.000000
vt  0.349043 1.000000 0.000000
vt  0.349043 1.000000 0.000000
vt  0.349043 1.000000 0.000000
vt  0.349043 1.000000 0.000000
vt  0.349043 1.000000 0.000000
vt  0.183657 1.000000 0.000000
vt  0.183657 1.000000 0.000000
vt  0.183657 1.000000 0.000000
vt  0.130580 1.000000 0.000000
vt  0.130580 1.000000 0.000000
vt  0.085087 1.000000 0.000000
vt  0.085087 1.000000 0.000000
vt  0.085087 1.000000 0.000000
vt  0.019595 1.000000 0.000000
vt  0.019595 1.000000 0.000000
vt  0.019595 1.000000 0.000000
vt  0.019595 1.000000 0.000000
vt  0.019595 1.000000 0.000000
vt  0.019595 1.000000 0.000000
vt  0.426443 1.000000 0.000000
vt  0.426443 1.000000 0.000000
vt  0.426443 1.000000 0.000000
vt  0.426443 1.000000 0.000000
vt  0.426443 1.000000 0.000000
vt  0.426443 1.000000 0.000000
vt  0.596459 1.000000 0.000000
vt  0.596459 1.000000 0.000000
vt  0.596459 1.000000 0.000000
vt  0.784337 1.000000 0.000000
vt  0.784337 1.000000 0.000000
vt  0.784337 1.000000 0.000000
vt  0.906723 1.000000 0.000000
vt  0.906723 1.000000 0.000000
vt  0.906723 1.000000 0.000000
vt  0.744645 1.000000 0.000000
vt  0.744645 1.000000 0.000000
vt  0.744645 1.000000 0.000000
vt  0.651035 1.000000 0.000000
vt  0.651035 1.000000 0.000000
vt  0.572989 1.000000 0.000000
vt  0.572989 1.000000 0.000000
vt  0.510459 1.000000 0.000000
vt  0.510459 1.000000 0.000000
vt  0.510459 1.000000 0.000000
vt  0.094349 1.000000 0.000000
vt  0.094349 1.000000 0.000000
vt  0.094349 1.000000 0.000000
vt  0.182982 1.000000 0.000000
vt  0.182982 1.000000 0.000000
vt  0.267011 1.000000 0.000000
vt  0.267011 1.000000 0.000000
vt  0.267011 1.000000 0.000000
vt  0.698998 1.000000 0.000000
vt  0.698998 1.000000 0.000000
vt  0.698998 1.000000 0.000000
vt  0.755250 1.000000 0.000000
vt  0.755250 1.000000 0.000000
vt  0.805582 1.000000 0.000000
vt  0.805582 1.000000 0.000000
vt  0.849830 1.000000 0.000000
vt  0.849830 1.000000 0.000000
vt  0.849830 1.000000 0.000000
vt  0.921277 1.000000 0.000000
vt  0.921277 1.000000 0.000000
vt  0.921277 1.000000 0.000000
vt  0.980154 1.000000 0.000000
vt  0.980154 1.000000 0.000000
vt  0.980154 1.000000 0.000000
vt  0.980154 1.000000 0.000000
vt  0.980154 1.000000 0.000000
vt  0.980154 1.000000 0.000000
vt  0.872322 1.000000 0.000000
vt  0.872322 1.000000 0.000000
vt  0.872322 1.000000 0.000000
vt  0.784471 1.000000 0.000000
vt  0.784471 1.000000 0.000000
vt  0.702968 1.000000 0.000000
vt  0.702968 1.000000 0.000000
vt  0.702968 1.000000 0.000000
vt  0.370212 1.000000 0.000000
vt  0.370212 1.000000 0.000000
vt  0.370212 1.000000 0.000000
vt  0.096995 1.000000 0.000000
vt  0.096995 1.000000 0.000000
vt  0.096995 1.000000 0.000000
vt  0.096333 1.000000 0.000000
vt  0.096333 1.000000 0.000000
vt  0.096333 1.000000 0.000000
vt  0.098015 1.000000 0.000000
vt  0.098015 1.000000 0.000000
vt  0.103610 1.000000 0.000000
vt  0.103610 1.000000 0.000000
vt  0.103610 1.000000 0.000000
vt  0.106918 1.000000 0.000000
vt  0.106918 1.000000 0.000000
vt  0.106918 1.000000 0.000000
vt  0.019595 1.000000 0.000000
vt  0.019595 1.000000 0.000000
vt  0.019595 1.000000 0.000000
vt  0.019595 1.000000 0.000000
vt  0.019595 1.000000 0.000000
vt  0.019595 1.000000 0.000000
vt  0.135364 1.000000 0.000000
vt  0.135364 1.000000 0.000000
vt  0.135364 1.000000 0.000000
vt  0.557428 1.000000 0.000000
vt  0.557428 1.000000 0.000000
vt  0.557428 1.000000 0.000000
vt  0.676353 1.000000 0.000000
vt  0.676353 1.000000 0.000000
vt  0.771373 1.000000 0.000000
vt  0.771373 1.000000 0.000000
vt  0.842557 1.000000 0.000000
vt  0.842557 1.000000 0.000000
vt  0.842557 1.000000 0.000000
vt  0.886103 1.000000 0.000000
vt  0.886103 1.000000 0.000000
vt  0.937153 1.000000 0.000000
vt  0.937153 1.000000 0.000000
vt  0.937153 1.000000 0.000000
vt  0.980154 1.000000 0.000000
vt  0.980154 1.000000 0.000000
vt  0.980154 1.000000 0.000000
vt  0.980154 1.000000 0.000000
vt  0.980154 1.000000 0.000000
vt  0.980154 1.000000 0.000000
vt  0.854461 1.000000 0.000000
vt  0.854461 1.000000 0.000000
vt  0.854461 1.000000 0.000000
vt  0.743999 1.000000 0.000000
vt  0.743999 1.000000 0.000000
vt  0.622921 1.000000 0.000000
vt  0.622921 1.000000 0.000000
vt  0.622921 1.000000 0.000000
vt  0.348381 1.000000 0.000000
vt  0.348381 1.000000 0.000000
vt  0.348381 1.000000 0.000000
vt  0.283872 1.000000 0.000000
vt  0.283872 1.000000 0.000000
vt  0.164472 1.000000 0.000000
vt  0.164472 1.000000 0.000000
vt  0.164472 1.000000 0.000000
vt  0.084426 1.000000 0.000000
vt  0.084426 1.000000 0.000000
vt  0.084426 1.000000 0.000000
vt  0.155211 1.000000 0.000000
vt  0.155211 1.000000 0.000000
vt  0.155211 1.000000 0.000000
vt  0.288842 1.000000 0.000000
vt  0.288842 1.000000 0.000000
vt  0.288842 1.000000 0.000000
vt  0.458859 1.000000 0.000000
vt  0.458859 1.000000 0.000000
vt  0.458859 1.000000 0.000000
vt  0.515040 1.000000 0.000000
vt  0.515040 1.000000 0.000000
vt  0.568943 1.000000 0.000000
vt  0.568943 1.000000 0.000000
vt  0.620599 1.000000 0.000000
vt  0.620599 1.000000 0.000000
vt  0.670047 1.000000 0.000000
vt  0.670047 1.000000 0.000000
vt  0.717332 1.000000 0.000000
vt  0.717332 1.000000 0.000000
vt  0.762506 1.000000 0.000000
vt  0.762506 1.000000 0.000000
vt  0.762506 1.000000 0.000000
vt  0.980154 1.000000 0.000000
vt  0.980154 1.000000 0.000000
vt  0.980154 1.000000 0.000000
vt  0.980154 1.000000 0.000000
vt  0.980154 1.000000 0.000000
vt  0.980154 1.000000 0.000000
vt  0.867030 1.000000 0.000000
vt  0.867030 1.000000 0.000000
vt  0.867030 1.000000 0.000000
vt  0.832048 1.000000 0.000000
vt  0.832048 1.000000 0.000000
vt  0.791902 1.000000 0.000000
vt  0.791902 1.000000 0.000000
vt  0.746593 1.000000 0.000000
vt  0.746593 1.000000 0.000000
vt  0.696122 1.000000 0.000000
vt  0.696122 1.000000 0.000000
vt  0.640493 1.000000 0.000000
vt  0.640493 1.000000 0.000000
vt  0.579707 1.000000 0.000000
vt  0.579707 1.000000 0.000000
vt  0.513767 1.000000 0.000000
vt  0.513767 1.000000 0.000000
vt  0.513767 1.000000 0.000000
vt  0.282888 1.000000 0.000000
vt  0.282888 1.000000 0.000000
vt  0.282888 1.000000 0.000000
vt  0.176802 1.000000 0.000000
vt  0.176802 1.000000 0.000000
vt  0.100303 1.000000 0.000000
vt  0.100303 1.000000 0.000000
vt  0.100303 1.000000 0.000000
vt  0.019595 1.000000 0.000000
vt  0.019595 1.000000 0.000000
vt  0.019595 1.000000 0.000000
vt  0.019595 1.000000 0.000000
vt  0.019595 1.000000 0.000000
vt  0.019595 1.000000 0.000000
vt  0.196888 1.000000 0.000000
vt  0.196888 1.000000 0.000000
vt  0.196888 1.000000 0.000000
vt  0.610352 1.000000 0.000000
vt  0.610352 1.000000 0.000000
vt  0.610352 1.000000 0.000000
vt  0.906061 1.000000 0.000000
vt  0.906061 1.000000 0.000000
vt  0.906061 1.000000 0.000000
vt  0.843215 1.000000 0.000000
vt  0.843215 1.000000 0.000000
vt  0.843215 1.000000 0.000000
vt  0.797969 1.000000 0.000000
vt  0.797969 1.000000 0.000000
vt  0.733783 1.000000 0.000000
vt  0.733783 1.000000 0.000000
vt  0.650706 1.000000 0.000000
vt  0.650706 1.000000 0.000000
vt  0.650706 1.000000 0.000000
vt  0.448935 1.000000 0.000000
vt  0.448935 1.000000 0.000000
vt  0.448935 1.000000 0.000000
vt  0.321435 1.000000 0.000000
vt  0.321435 1.000000 0.000000
vt  0.160503 1.000000 0.000000
vt  0.160503 1.000000 0.000000
vt  0.160503 1.000000 0.000000
vt  0.019595 1.000000 0.000000
vt  0.019595 1.000000 0.000000
vt  0.019595 1.000000 0.000000
vt  0.000410 1.000000 0.000000
vt  0.000410 1.000000 0.000000
vt  0.000410 1.000000 0.000000
vt  0.064579 1.000000 0.000000
vt  0.064579 1.000000 0.000000
vt  0.064579 1.000000 0.000000
vt  0.120149 1.000000 0.000000
vt  0.120149 1.000000 0.000000
vt  0.120149 1.000000 0.000000
vt  0.202842 1.000000 0.000000
vt  0.202842 1.000000 0.000000
vt  0.202842 1.000000 0.000000
vt  0.390720 1.000000 0.000000
vt  0.390720 1.000000 0.000000
vt  0.390720 1.000000 0.000000
vt  0.906061 1.000000 0.000000
vt  0.906061 1.000000 0.000000
vt  0.906061 1.000000 0.000000
vt  0.560736 1.000000 0.000000
vt  0.560736 1.000000 0.000000
vt  0.560736 1.000000 0.000000
vt  0.298104 1.000000 0.000000
vt  0.298104 1.000000 0.000000
vt  0.298104 1.000000 0.000000
vt  0.216073 1.000000 0.000000
vt  0.216073 1.000000 0.000000
vt  0.216073 1.000000 0.000000
vt  0.139995 1.000000 0.000000
vt  0.139995 1.000000 0.000000
vt  0.139995 1.000000 0.000000
vt  0.019595 1.000000 0.000000
vt  0.019595 1.000000 0.000000
vt  0.019595 1.000000 0.000000
vt  0.019595 1.000000 0.000000
vt  0.019595 1.000000 0.000000
vt  0.019595 1.000000 0.000000
vt  0.160503 1.000000 0.000000
vt  0.160503 1.000000 0.000000
vt  0.160503 1.000000 0.000000
vt  0.528982 1.000000 0.000000
vt  0.528982 1.000000 0.000000
vt  0.528982 1.000000 0.000000
vt  0.810137 1.000000 0.000000
vt  0.810137 1.000000 0.000000
vt  0.810137 1.000000 0.000000
vt  0.863651 1.000000 0.000000
vt  0.863651 1.000000 0.000000
vt  0.914661 1.000000 0.000000
vt  0.914661 1.000000 0.000000
vt  0.914661 1.000000 0.000000
vt  0.957000 1.000000 0.000000
vt  0.957000 1.000000 0.000000
vt  0.957000 1.000000 0.000000
vt  1.000000 1.000000 0.000000
vt  1.000000 1.000000 0.000000
vt  1.000000 1.000000 0.000000
vt  0.949723 1.000000 0.000000
vt  0.949723 1.000000 0.000000
vt  0.949723 1.000000 0.000000
vt  0.898919 1.000000 0.000000
vt  0.898919 1.000000 0.000000
vt  0.840329 1.000000 0.000000
vt  0.840329 1.000000 0.000000
vt  0.773770 1.000000 0.000000
vt  0.773770 1.000000 0.000000
vt  0.699087 1.000000 0.000000
vt  0.699087 1.000000 0.000000
vt  0.616152 1.000000 0.000000
vt  0.616152 1.000000 0.000000
vt  0.616152 1.000000 0.000000
vt  0.467799 1.000000 0.000000
vt  0.467799 1.000000 0.000000
vt  0.345735 1.000000 0.000000
vt  0.345735 1.000000 0.000000
vt  0.345735 1.000000 0.000000
vt  0.173734 1.000000 0.000000
vt  0.173734 1.000000 0.000000
vt  0.173734 1.000000 0.000000
vt  0.019595 1.000000 0.000000
vt  0.019595 1.000000 0.000000
vt  0.019595 1.000000 0.000000
vt  0.019595 1.000000 0.000000
vt  0.019595 1.000000 0.000000
vt  0.019595 1.000000 0.000000
vt  0.197549 1.000000 0.000000
vt  0.197549 1.000000 0.000000
vt  0.197549 1.000000 0.000000
vt  0.349043 1.000000 0.000000
vt  0.349043 1.000000 0.000000
vt  0.349043 1.000000 0.000000
vt  0.349043 1.000000 0.000000
vt  0.349043 1.000000 0.000000
vt  0.349043 1.000000 0.000000
vt  0.183657 1.000000 0.000000
vt  0.183657 1.000000 0.000000
vt  0.183657 1.000000 0.000000
vt  0.130580 1.000000 0.000000
vt  0.130580 1.000000 0.000000
vt  0.085087 1.000000 0.000000
vt  0.085087 1.000000 0.000000
vt  0.085087 1.000000 0.000000
vt  0.019595 1.000000 0.000000
vt  0.019595 1.000000 0.000000
vt  0.019595 1.000000 0.000000
vt  0.019595 1.000000 0.000000
vt  0.019595 1.000000 0.000000
vt  0.019595 1.000000 0.000000
vt  0.426443 1.000000 0.000000
vt  0.426443 1.000000 0.000000
vt  0.426443 1.000000 0.000000
vt  0.426443 1.000000 0.000000
vt  0.426443 1.000000 0.000000
vt  0.426443 1.000000 0.000000
vt  0.596459 1.000000 0.000000
vt  0.596459 1.000000 0.000000
vt  0.596459 1.000000 0.000000
vt  0.784337 1.000000 0.000000
vt  0.784337 1.000000 0.000000
vt  0.784337 1.000000 0.000000
vt  0.906723 1.000000 0.000000
vt  0.906723 1.000000 0.000000
vt  0.906723 1.000000 0.000000
vt  0.744645 1.000000 0.000000
vt  0.744645 1.000000 0.000000
vt  0.744645 1.000000 0.000000
vt  0.651035 1.000000 0.000000
vt  0.651035 1.000000 0.000000
vt  0.572989 1.000000 0.000000
vt  0.572989 1.000000 0.000000
vt  0.510459 1.000000 0.000000
vt  0.510459 1.000000 0.000000
vt  0.510459 1.000000 0.000000
vt  0.120149 1.000000 0.000000
vt  0.120149 1.000000 0.000000
vt  0.120149 1.000000 0.000000
vt  0.132347 1.000000 0.000000
vt  0.132347 1.000000 0.000000
vt  0.147072 1.000000 0.000000
vt  0.147072 1.000000 0.000000
vt  0.164321 1.000000 0.000000
vt  0.164321 1.000000 0.000000
vt  0.184086 1.000000 0.000000
vt  0.184086 1.000000 0.000000
vt  0.206364 1.000000 0.000000
vt  0.206364 1.000000 0.000000
vt  0.231144 1.000000 0.000000
vt  0.231144 1.000000 0.000000
vt  0.258420 1.000000 0.000000
vt  0.258420 1.000000 0.000000
vt  0.288181 1.000000 0.000000
vt  0.288181 1.000000 0.000000
vt  0.288181 1.000000 0.000000
vt  0.697675 1.000000 0.000000
vt  0.697675 1.000000 0.000000
vt  0.697675 1.000000 0.000000
vt  0.817908 1.000000 0.000000
vt  0.817908 1.000000 0.000000
vt  0.918630 1.000000 0.000000
vt  0.918630 1.000000 0.000000
vt  0.918630 1.000000 0.000000
vt  0.980154 1.000000 0.000000
vt  0.980154 1.000000 0.000000
vt  0.980154 1.000000 0.000000
vt  0.980154 1.000000 0.000000
vt  0.980154 1.000000 0.000000
vt  0.980154 1.000000 0.000000
vt  0.933184 1.000000 0.000000
vt  0.933184 1.000000 0.000000
vt  0.933184 1.000000 0.000000
vt  0.914075 1.000000 0.000000
vt  0.914075 1.000000 0.000000
vt  0.892491 1.000000 0.000000
vt  0.892491 1.000000 0.000000
vt  0.868443 1.000000 0.000000
vt  0.868443 1.000000 0.000000
vt  0.841943 1.000000 0.000000
vt  0.841943 1.000000 0.000000
vt  0.813004 1.000000 0.000000
vt  0.813004 1.000000 0.000000
vt  0.781642 1.000000 0.000000
vt  0.781642 1.000000 0.000000
vt  0.747873 1.000000 0.000000
vt  0.747873 1.000000 0.000000
vt  0.711718 1.000000 0.000000
vt  0.711718 1.000000 0.000000
vt  0.673198 1.000000 0.000000
vt  0.673198 1.000000 0.000000
vt  0.673198 1.000000 0.000000
vt  0.437028 1.000000 0.000000
vt  0.437028 1.000000 0.000000
vt  0.437028 1.000000 0.000000
vt  0.409639 1.000000 0.000000
vt  0.409639 1.000000 0.000000
vt  0.377161 1.000000 0.000000
vt  0.377161 1.000000 0.000000
vt  0.339588 1.000000 0.000000
vt  0.339588 1.000000 0.000000
vt  0.296911 1.000000 0.000000
vt  0.296911 1.000000 0.000000
vt  0.249126 1.000000 0.000000
vt  0.249126 1.000000 0.000000
vt  0.196226 1.000000 0.000000
vt  0.196226 1.000000 0.000000
vt  0.196226 1.000000 0.000000
vt  0.090380 1.000000 0.000000
vt  0.090380 1.000000 0.000000
vt  0.090380 1.000000 0.000000
vt  0.241211 1.000000 0.000000
vt  0.241211 1.000000 0.000000
vt  0.241211 1.000000 0.000000
vt  0.507813 1.000000 0.000000
vt  0.507813 1.000000 0.000000
vt  0.507813 1.000000 0.000000
vt  0.783014 1.000000 0.000000
vt  0.783014 1.000000 0.000000
vt  0.783014 1.000000 0.000000
vt  0.858923 1.000000 0.000000
vt  0.858923 1.000000 0.000000
vt  0.941784 1.000000 0.000000
vt  0.941784 1.000000 0.000000
vt  0.941784 1.000000 0.000000
vt  0.980154 1.000000 0.000000
vt  0.980154 1.000000 0.000000
vt  0.980154 1.000000 0.000000
vt  0.980154 1.000000 0.000000
vt  0.980154 1.000000 0.000000
vt  0.980154 1.000000 0.000000
vt  0.901430 1.000000 0.000000
vt  0.901430 1.000000 0.000000
vt  0.901430 1.000000 0.000000
vt  0.828241 1.000000 0.000000
vt  0.828241 1.000000 0.000000
vt  0.739352 1.000000 0.000000
vt  0.739352 1.000000 0.000000
vt  0.739352 1.000000 0.000000
vt  0.448274 1.000000 0.000000
vt  0.448274 1.000000 0.000000
vt  0.448274 1.000000 0.000000
vt  0.161826 1.000000 0.000000
vt  0.161826 1.000000 0.000000
vt  0.161826 1.000000 0.000000
vt  0.106257 1.000000 0.000000
vt  0.106257 1.000000 0.000000
vt  0.106257 1.000000 0.000000
vt  0.019595 1.000000 0.000000
vt  0.019595 1.000000 0.000000
vt  0.019595 1.000000 0.000000
vt  0.000410 1.000000 0.000000
vt  0.000410 1.000000 0.000000
vt  0.000410 1.000000 0.000000
vt  0.227319 1.000000 0.000000
vt  0.227319 1.000000 0.000000
vt  0.227319 1.000000 0.000000
vt  0.264715 1.000000 0.000000
vt  0.264715 1.000000 0.000000
vt  0.304041 1.000000 0.000000
vt  0.304041 1.000000 0.000000
vt  0.345352 1.000000 0.000000
vt  0.345352 1.000000 0.000000
vt  0.388696 1.000000 0.000000
vt  0.388696 1.000000 0.000000
vt  0.434119 1.000000 0.000000
vt  0.434119 1.000000 0.000000
vt  0.481659 1.000000 0.000000
vt  0.481659 1.000000 0.000000
vt  0.531352 1.000000 0.000000
vt  0.531352 1.000000 0.000000
vt  0.583228 1.000000 0.000000
vt  0.583228 1.000000 0.000000
vt  0.583228 1.000000 0.000000
vt  0.896138 1.000000 0.000000
vt  0.896138 1.000000 0.000000
vt  0.896138 1.000000 0.000000
vt  0.456874 1.000000 0.000000
vt  0.456874 1.000000 0.000000
vt  0.456874 1.000000 0.000000
vt  0.241211 1.000000 0.000000
vt  0.241211 1.000000 0.000000
vt  0.241211 1.000000 0.000000
vt  0.159401 1.000000 0.000000
vt  0.159401 1.000000 0.000000
vt  0.094349 1.000000 0.000000
vt  0.094349 1.000000 0.000000
vt  0.094349 1.000000 0.000000
vt  0.019595 1.000000 0.000000
vt  0.019595 1.000000 0.000000
vt  0.019595 1.000000 0.000000
vt  0.019595 1.000000 0.000000
vt  0.019595 1.000000 0.000000
vt  0.019595 1.000000 0.000000
vt  0.197549 1.000000 0.000000
vt  0.197549 1.000000 0.000000
vt  0.197549 1.000000 0.000000
vt  0.478705 1.000000 0.000000
vt  0.478705 1.000000 0.000000
vt  0.478705 1.000000 0.000000
vt  0.759860 1.000000 0.000000
vt  0.759860 1.000000 0.000000
vt  0.759860 1.000000 0.000000
vt  0.814340 1.000000 0.000000
vt  0.814340 1.000000 0.000000
vt  0.872322 1.000000 0.000000
vt  0.872322 1.000000 0.000000
vt  0.872322 1.000000 0.000000
vt  0.980154 1.000000 0.000000
vt  0.980154 1.000000 0.000000
vt  0.980154 1.000000 0.000000
vt  0.980154 1.000000 0.000000
vt  0.980154 1.000000 0.000000
vt  0.980154 1.000000 0.000000
vt  0.925246 1.000000 0.000000
vt  0.925246 1.000000 0.000000
vt  0.925246 1.000000 0.000000
vt  0.794922 1.000000 0.000000
vt  0.794922 1.000000 0.000000
vt  0.794922 1.000000 0.000000
vt  0.345073 1.000000 0.000000
vt  0.345073 1.000000 0.000000
vt  0.345073 1.000000 0.000000
vt  0.161826 1.000000 0.000000
vt  0.161826 1.000000 0.000000
vt  0.161826 1.000000 0.000000
vt  0.019595 1.000000 0.000000
vt  0.019595 1.000000 0.000000
vt  0.019595 1.000000 0.000000
vt  0.019595 1.000000 0.000000
vt  0.019595 1.000000 0.000000
vt  0.019595 1.000000 0.000000

vn  0.000000 0.000000 -1.000000
vn  -0.897171 0.441684 0.000000
vn  -0.899109 0.437724 0.000000
vn  0.000000 0.000000 -1.000000
vn  -0.974676 0.223623 0.000000
vn  0.000000 0.000000 -1.000000
vn  -0.999996 0.002941 0.000000
vn  -0.999996 0.002941 0.000000
vn  0.000000 0.000000 -1.000000
vn  -0.991817 -0.127665 0.000000
vn  0.000000 0.000000 -1.000000
vn  -0.965147 -0.261710 0.000000
vn  0.000000 0.000000 -1.000000
vn  -0.853207 -0.521572 0.000000
vn  -0.853207 -0.521572 0.000000
vn  0.000000 0.000000 -1.000000
vn  -0.702371 -0.711811 0.000000
vn  0.000000 0.000000 -1.000000
vn  -0.496122 -0.868253 0.000000
vn  0.000000 0.000000 -1.000000
vn  -0.002667 -0.999996 0.000000
vn  -0.002667 -0.999996 0.000000
vn  0.000000 0.000000 -1.000000
vn  0.490563 -0.871406 0.000000
vn  0.000000 0.000000 -1.000000
vn  0.692796 -0.721134 0.000000
vn  0.000000 0.000000 -1.000000
vn  0.840749 -0.541425 0.000000
vn  0.840749 -0.541425 0.000000
vn  0.000000 0.000000 -1.000000
vn  0.909181 -0.416402 0.000000
vn  0.000000 0.000000 -1.000000
vn  0.959746 -0.280869 0.000000
vn  0.000000 0.000000 -1.000000
vn  0.999997 0.002557 0.000000
vn  0.999997 0.002557 0.000000
vn  0.000000 0.000000 -1.000000
vn  0.988878 0.148731 0.000000
vn  0.000000 0.000000 -1.000000
vn  0.953401 0.301707 0.000000
vn  0.000000 0.000000 -1.000000
vn  0.800820 0.598904 0.000000
vn  0.800820 0.598904 0.000000
vn  0.000000 0.000000 -1.000000
vn  0.443589 0.896230 0.000000
vn  0.000000 0.000000 -1.000000
vn  0.224829 0.974398 0.000000
vn  0.000000 0.000000 -1.000000
vn  0.007518 0.999972 0.000000
vn  0.007518 0.999972 0.000000
vn  0.000000 0.000000 -1.000000
vn  -0.216312 0.976324 0.000000
vn  0.000000 0.000000 -1.000000
vn  -0.431905 0.901919 0.000000
vn  -0.431905 0.901919 0.000000
vn  0.000000 0.000000 -1.000000
vn  -0.710335 0.703863 0.000000
vn  0.000000 0.000000 -1.000000
vn  -0.817787 0.575521 0.000000
vn  0.000000 0.000000 -1.000000
vn  0.999957 0.009259 0.000000
vn  0.999841 -0.017854 0.000000
vn  0.000000 0.000000 -1.000000
vn  0.990292 -0.139006 0.000000
vn  0.000000 0.000000 -1.000000
vn  0.957024 -0.290008 0.000000
vn  0.957024 -0.290008 0.000000
vn  0.000000 0.000000 -1.000000
vn  0.883310 -0.468789 0.000000
vn  0.000000 0.000000 -1.000000
vn  0.778413 -0.627753 0.000000
vn  0.778413 -0.627753 0.000000
vn  0.000000 0.000000 -1.000000
vn  0.626778 -0.779198 0.000000
vn  0.000000 0.000000 -1.000000
vn  0.435962 -0.899965 0.000000
vn  0.000000 0.000000 -1.000000
vn  -0.003636 -0.999993 0.000000
vn  -0.003636 -0.999993 0.000000
vn  0.000000 0.000000 -1.000000
vn  -0.235957 -0.971763 0.000000
vn  0.000000 0.000000 -1.000000
vn  -0.467789 -0.883840 0.000000
vn  0.000000 0.000000 -1.000000
vn  -0.832754 -0.553644 0.000000
vn  -0.832754 -0.553644 0.000000
vn  0.000000 0.000000 -1.000000
vn  -0.962622 -0.270848 0.000000
vn  0.000000 0.000000 -1.000000
vn  -0.991602 -0.129325 0.000000
vn  0.000000 0.000000 -1.000000
vn  -0.999992 0.004032 0.000000
vn  -0.999992 0.004032 0.000000
vn  0.000000 0.000000 -1.000000
vn  -0.986505 0.163731 0.000000
vn  0.000000 0.000000 -1.000000
vn  -0.947712 0.319127 0.000000
vn  -0.947712 0.319127 0.000000
vn  0.000000 0.000000 -1.000000
vn  -0.890595 0.454798 0.000000
vn  0.000000 0.000000 -1.000000
vn  -0.811651 0.584143 0.000000
vn  -0.811651 0.584143 0.000000
vn  0.000000 0.000000 -1.000000
vn  -0.686328 0.727292 0.000000
vn  0.000000 0.000000 -1.000000
vn  -0.531289 0.847190 0.000000
vn  -0.531289 0.847190 0.000000
vn  0.000000 0.000000 -1.000000
vn  -0.279452 0.960160 0.000000
vn  0.000000 0.000000 -1.000000
vn  -0.008064 0.999967 0.000000
vn  -0.008064 0.999967 0.000000
vn  0.000000 0.000000 -1.000000
vn  0.243548 0.969889 0.000000
vn  0.000000 0.000000 -1.000000
vn  0.486858 0.873481 0.000000
vn  0.486858 0.873481 0.000000
vn  0.000000 0.000000 -1.000000
vn  0.770085 0.637941 0.000000
vn  0.000000 0.000000 -1.000000
vn  0.868933 0.494930 0.000000
vn  0.000000 0.000000 -1.000000
vn  0.937113 0.349027 0.000000
vn  0.937113 0.349027 0.000000
vn  0.000000 0.000000 -1.000000
vn  0.986903 0.161315 0.000000
vn  0.000000 0.000000 -1.000000
vn  -0.983020 0.183497 0.000000
vn  -0.986394 0.164399 0.000000
vn  0.000000 0.000000 -1.000000
vn  -0.983020 0.183497 0.000000
vn  0.000000 -1.000000 0.000000
vn  0.000000 0.000000 -1.000000
vn  0.000000 -1.000000 0.000000
vn  0.998299 -0.058295 0.000000
vn  0.000000 0.000000 -1.000000
vn  0.998299 -0.058295 0.000000
vn  0.997164 -0.075257 0.000000
vn  0.000000 0.000000 -1.000000
vn  0.993825 -0.110962 0.000000
vn  0.000000 0.000000 -1.000000
vn  0.988902 -0.148568 0.000000
vn  0.988902 -0.148568 0.000000
vn  0.000000 0.000000 -1.000000
vn  0.988902 -0.148568 0.000000
vn  0.988619 -0.150441 0.000000
vn  0.000000 0.000000 -1.000000
vn  0.980876 -0.194635 0.000000
vn  0.000000 0.000000 -1.000000
vn  0.971628 -0.236515 0.000000
vn  0.971628 -0.236515 0.000000
vn  0.000000 0.000000 -1.000000
vn  0.906925 -0.421292 0.000000
vn  0.000000 0.000000 -1.000000
vn  0.794911 -0.606726 0.000000
vn  0.000000 0.000000 -1.000000
vn  0.432731 -0.901523 0.000000
vn  0.432731 -0.901523 0.000000
vn  0.000000 0.000000 -1.000000
vn  0.214885 -0.976639 0.000000
vn  0.000000 0.000000 -1.000000
vn  -0.010525 -0.999945 0.000000
vn  -0.010525 -0.999945 0.000000
vn  0.000000 0.000000 -1.000000
vn  -0.207007 -0.978339 0.000000
vn  0.000000 0.000000 -1.000000
vn  -0.402329 -0.915495 0.000000
vn  0.000000 0.000000 -1.000000
vn  -0.734803 -0.678281 0.000000
vn  -0.734803 -0.678281 0.000000
vn  0.000000 0.000000 -1.000000
vn  -0.940174 -0.340695 0.000000
vn  0.000000 0.000000 -1.000000
vn  -0.986276 -0.165102 0.000000
vn  0.000000 0.000000 -1.000000
vn  -1.000000 0.000000 0.000000
vn  -1.000000 0.000000 0.000000
vn  0.000000 0.000000 -1.000000
vn  -0.997712 0.067600 0.000000
vn  0.000000 0.000000 -1.000000
vn  -0.989275 0.146067 0.000000
vn  -0.989275 0.146067 0.000000
vn  0.000000 0.000000 -1.000000
vn  -0.989275 0.146067 0.000000
vn  -0.989146 0.146938 0.000000
vn  0.000000 0.000000 -1.000000
vn  -0.989146 0.146938 0.000000
vn  -0.992194 0.124702 0.000000
vn  0.000000 0.000000 -1.000000
vn  -0.992194 0.124702 0.000000
vn  0.000000 -1.000000 0.000000
vn  0.000000 0.000000 -1.000000
vn  0.000000 -1.000000 0.000000
vn  0.999363 -0.035692 0.000000
vn  0.000000 0.000000 -1.000000
vn  0.999363 -0.035692 0.000000
vn  0.999201 -0.039968 0.000000
vn  0.000000 0.000000 -1.000000
vn  0.993278 -0.115750 0.000000
vn  0.000000 0.000000 -1.000000
vn  0.986394 -0.164399 0.000000
vn  0.986394 -0.164399 0.000000
vn  0.000000 0.000000 -1.000000
vn  0.976482 -0.215599 0.000000
vn  0.000000 0.000000 -1.000000
vn  0.959811 -0.280646 0.000000
vn  0.959811 -0.280646 0.000000
vn  0.000000 0.000000 -1.000000
vn  0.838461 -0.544962 0.000000
vn  0.000000 0.000000 -1.000000
vn  0.619286 -0.785165 0.000000
vn  0.000000 0.000000 -1.000000
vn  0.012120 -0.999927 0.000000
vn  0.012120 -0.999927 0.000000
vn  0.000000 0.000000 -1.000000
vn  -0.304542 -0.952499 0.000000
vn  0.000000 0.000000 -1.000000
vn  -0.588172 -0.808736 0.000000
vn  -0.588172 -0.808736 0.000000
vn  0.000000 0.000000 -1.000000
vn  -0.906031 -0.423211 0.000000
vn  0.000000 0.000000 -1.000000
vn  -0.979453 -0.201675 0.000000
vn  0.000000 0.000000 -1.000000
vn  -0.999972 0.007519 0.000000
vn  -0.999972 0.007519 0.000000
vn  0.000000 0.000000 -1.000000
vn  -0.997097 0.076145 0.000000
vn  0.000000 0.000000 -1.000000
vn  -0.989253 0.146211 0.000000
vn  -0.989253 0.146211 0.000000
vn  0.000000 0.000000 -1.000000
vn  -0.989253 0.146211 0.000000
vn  -0.991712 0.128481 0.000000
vn  0.000000 0.000000 -1.000000
vn  -0.991712 0.128481 0.000000
vn  0.000000 -1.000000 0.000000
vn  0.000000 0.000000 -1.000000
vn  0.000000 -1.000000 0.000000
vn  0.996883 -0.078891 0.000000
vn  0.000000 0.000000 -1.000000
vn  0.996883 -0.078891 0.000000
vn  0.997054 -0.076697 0.000000
vn  0.000000 0.000000 -1.000000
vn  0.993173 -0.116648 0.000000
vn  0.000000 0.000000 -1.000000
vn  0.989950 -0.141421 0.000000
vn  0.989950 -0.141421 0.000000
vn  0.000000 0.000000 -1.000000
vn  0.989950 -0.141421 0.000000
vn  0.991228 -0.132165 0.000000
vn  0.000000 0.000000 -1.000000
vn  0.997860 -0.065381 0.000000
vn  0.000000 0.000000 -1.000000
vn  0.999978 0.006622 0.000000
vn  0.999978 0.006622 0.000000
vn  0.000000 0.000000 -1.000000
vn  0.983865 0.178910 0.000000
vn  0.000000 0.000000 -1.000000
vn  0.933861 0.357635 0.000000
vn  0.000000 0.000000 -1.000000
vn  0.727339 0.686279 0.000000
vn  0.727339 0.686279 0.000000
vn  0.000000 0.000000 -1.000000
vn  0.396281 0.918129 0.000000
vn  0.000000 0.000000 -1.000000
vn  0.199101 0.979979 0.000000
vn  0.000000 0.000000 -1.000000
vn  0.000000 1.000000 0.000000
vn  0.000000 1.000000 0.000000
vn  0.000000 0.000000 -1.000000
vn  -0.232793 0.972526 0.000000
vn  0.000000 0.000000 -1.000000
vn  -0.460565 0.887626 0.000000
vn  0.000000 0.000000 -1.000000
vn  -0.816967 0.576684 0.000000
vn  -0.816967 0.576684 0.000000
vn  0.000000 0.000000 -1.000000
vn  -0.816967 0.576684 0.000000
vn  0.894426 0.447215 0.000000
vn  0.000000 0.000000 -1.000000
vn  0.894426 0.447215 0.000000
vn  0.883788 0.467887 0.000000
vn  0.000000 0.000000 -1.000000
vn  0.731170 0.682195 0.000000
vn  0.000000 0.000000 -1.000000
vn  0.514411 0.857544 0.000000
vn  0.000000 0.000000 -1.000000
vn  -0.004717 0.999989 0.000000
vn  -0.004717 0.999989 0.000000
vn  0.000000 0.000000 -1.000000
vn  -0.209353 0.977840 0.000000
vn  0.000000 0.000000 -1.000000
vn  -0.414941 0.909848 0.000000
vn  0.000000 0.000000 -1.000000
vn  -0.762294 0.647231 0.000000
vn  -0.762294 0.647231 0.000000
vn  0.000000 0.000000 -1.000000
vn  -0.762294 0.647231 0.000000
vn  0.988372 0.152056 0.000000
vn  0.000000 0.000000 -1.000000
vn  0.988372 0.152056 0.000000
vn  0.982661 0.185410 0.000000
vn  0.000000 0.000000 -1.000000
vn  0.982661 0.185410 0.000000
vn  -0.126964 0.991907 0.000000
vn  0.000000 0.000000 -1.000000
vn  -0.126964 0.991907 0.000000
vn  -0.981883 -0.189487 0.000000
vn  0.000000 0.000000 -1.000000
vn  -0.981883 -0.189487 0.000000
vn  -0.986394 -0.164399 0.000000
vn  0.000000 0.000000 -1.000000
vn  -0.996589 -0.082527 0.000000
vn  0.000000 0.000000 -1.000000
vn  -0.999968 0.007999 0.000000
vn  -0.999968 0.007999 0.000000
vn  0.000000 0.000000 -1.000000
vn  -0.994880 0.101060 0.000000
vn  0.000000 0.000000 -1.000000
vn  -0.986394 0.164399 0.000000
vn  -0.986394 0.164399 0.000000
vn  0.000000 0.000000 -1.000000
vn  -0.983745 0.179573 0.000000
vn  -0.160071 0.987105 0.000000
vn  0.000000 0.000000 -1.000000
vn  -0.983745 0.179573 0.000000
vn  0.157116 -0.987580 0.000000
vn  0.000000 0.000000 -1.000000
vn  0.157116 -0.987580 0.000000
vn  0.136637 -0.990621 0.000000
vn  0.000000 0.000000 -1.000000
vn  0.067991 -0.997686 0.000000
vn  0.000000 0.000000 -1.000000
vn  -0.008474 -0.999964 0.000000
vn  -0.008474 -0.999964 0.000000
vn  0.000000 0.000000 -1.000000
vn  -0.056715 -0.998390 0.000000
vn  0.000000 0.000000 -1.000000
vn  -0.107137 -0.994244 0.000000
vn  0.000000 0.000000 -1.000000
vn  -0.159556 -0.987189 0.000000
vn  0.000000 0.000000 -1.000000
vn  -0.213731 -0.976893 0.000000
vn  0.000000 0.000000 -1.000000
vn  -0.269364 -0.963038 0.000000
vn  0.000000 0.000000 -1.000000
vn  -0.326100 -0.945335 0.000000
vn  0.000000 0.000000 -1.000000
vn  -0.383523 -0.923531 0.000000
vn  0.000000 0.000000 -1.000000
vn  -0.441168 -0.897425 0.000000
vn  0.000000 0.000000 -1.000000
vn  -0.517482 -0.855694 0.000000
vn  0.000000 0.000000 -1.000000
vn  -0.591971 -0.805959 0.000000
vn  0.000000 0.000000 -1.000000
vn  -0.663279 -0.748372 0.000000
vn  0.000000 0.000000 -1.000000
vn  -0.730070 -0.683372 0.000000
vn  0.000000 0.000000 -1.000000
vn  -0.791099 -0.611688 0.000000
vn  0.000000 0.000000 -1.000000
vn  -0.845290 -0.534307 0.000000
vn  0.000000 0.000000 -1.000000
vn  -0.891800 -0.452431 0.000000
vn  0.000000 0.000000 -1.000000
vn  -0.930061 -0.367405 0.000000
vn  0.000000 0.000000 -1.000000
vn  -0.959811 -0.280648 0.000000
vn  0.000000 0.000000 -1.000000
vn  -0.981087 -0.193569 0.000000
vn  0.000000 0.000000 -1.000000
vn  -0.994206 -0.107496 0.000000
vn  0.000000 0.000000 -1.000000
vn  -0.999721 -0.023617 0.000000
vn  -0.994423 0.105468 0.000000
vn  0.000000 0.000000 -1.000000
vn  -0.994423 0.105468 0.000000
vn  0.119145 0.992877 0.000000
vn  0.000000 0.000000 -1.000000
vn  0.119145 0.992877 0.000000
vn  0.114624 0.993409 0.000000
vn  0.000000 0.000000 -1.000000
vn  0.058974 0.998259 0.000000
vn  0.000000 0.000000 -1.000000
vn  0.000000 1.000000 0.000000
vn  0.000000 1.000000 0.000000
vn  0.000000 0.000000 -1.000000
vn  -0.089178 0.996016 0.000000
vn  0.000000 0.000000 -1.000000
vn  -0.178885 0.983870 0.000000
vn  -0.178885 0.983870 0.000000
vn  0.000000 0.000000 -1.000000
vn  -0.330084 0.943951 0.000000
vn  0.000000 0.000000 -1.000000
vn  -0.479813 0.877371 0.000000
vn  0.000000 0.000000 -1.000000
vn  -0.743541 0.668690 0.000000
vn  -0.743541 0.668690 0.000000
vn  0.000000 0.000000 -1.000000
vn  -0.850517 0.525948 0.000000
vn  0.000000 0.000000 -1.000000
vn  -0.932992 0.359898 0.000000
vn  0.000000 0.000000 -1.000000
vn  -0.999986 -0.005291 0.000000
vn  -0.999986 -0.005291 0.000000
vn  0.000000 0.000000 -1.000000
vn  -0.981346 -0.192249 0.000000
vn  0.000000 0.000000 -1.000000
vn  -0.923887 -0.382664 0.000000
vn  0.000000 0.000000 -1.000000
vn  -0.697783 -0.716310 0.000000
vn  -0.697783 -0.716310 0.000000
vn  0.000000 0.000000 -1.000000
vn  -0.368214 -0.929741 0.000000
vn  0.000000 0.000000 -1.000000
vn  -0.180509 -0.983573 0.000000
vn  0.000000 0.000000 -1.000000
vn  0.005494 -0.999985 0.000000
vn  0.005494 -0.999985 0.000000
vn  0.000000 0.000000 -1.000000
vn  0.186910 -0.982377 0.000000
vn  0.000000 0.000000 -1.000000
vn  0.364635 -0.931151 0.000000
vn  0.000000 0.000000 -1.000000
vn  0.671990 -0.740561 0.000000
vn  0.671990 -0.740561 0.000000
vn  0.000000 0.000000 -1.000000
vn  0.671990 -0.740561 0.000000
vn  -0.999635 0.027020 0.000000
vn  0.000000 0.000000 -1.000000
vn  -0.999635 0.027020 0.000000
vn  -0.998052 -0.062382 0.000000
vn  0.000000 0.000000 -1.000000
vn  -0.998052 -0.062382 0.000000
vn  0.000000 -1.000000 0.000000
vn  0.000000 0.000000 -1.000000
vn  0.000000 -1.000000 0.000000
vn  0.999856 -0.016946 0.000000
vn  0.000000 0.000000 -1.000000
vn  0.999856 -0.016946 0.000000
vn  0.999232 -0.039187 0.000000
vn  0.000000 0.000000 -1.000000
vn  0.993320 -0.115396 0.000000
vn  0.000000 0.000000 -1.000000
vn  0.987763 -0.155963 0.000000
vn  0.987763 -0.155963 0.000000
vn  0.000000 0.000000 -1.000000
vn  0.987763 -0.155963 0.000000
vn  0.995038 -0.099498 0.000000
vn  0.000000 0.000000 -1.000000
vn  0.997806 -0.066208 0.000000
vn  0.000000 0.000000 -1.000000
vn  0.999987 0.005181 0.000000
vn  0.999987 0.005181 0.000000
vn  0.000000 0.000000 -1.000000
vn  0.904527 0.426416 0.000000
vn  0.000000 0.000000 -1.000000
vn  0.612898 0.790162 0.000000
vn  0.000000 0.000000 -1.000000
vn  0.224510 0.974472 0.000000
vn  0.224510 0.974472 0.000000
vn  0.000000 0.000000 -1.000000
vn  0.114121 0.993467 0.000000
vn  0.000000 0.000000 -1.000000
vn  0.000000 1.000000 0.000000
vn  0.000000 1.000000 0.000000
vn  0.000000 0.000000 -1.000000
vn  -0.080783 0.996732 0.000000
vn  0.000000 0.000000 -1.000000
vn  -0.160071 0.987105 0.000000
vn  -0.160071 0.987105 0.000000
vn  0.000000 0.000000 -1.000000
vn  -0.993346 0.115169 0.000000
vn  -0.173785 -0.984784 0.000000
vn  0.000000 0.000000 -1.000000
vn  -0.993346 0.115169 0.000000
vn  -0.991228 0.132164 0.000000
vn  0.000000 0.000000 -1.000000
vn  -0.979966 0.199166 0.000000
vn  0.000000 0.000000 -1.000000
vn  -0.964369 0.264561 0.000000
vn  -0.964369 0.264561 0.000000
vn  0.000000 0.000000 -1.000000
vn  -0.863417 0.504490 0.000000
vn  0.000000 0.000000 -1.000000
vn  -0.696475 0.717581 0.000000
vn  -0.696475 0.717581 0.000000
vn  0.000000 0.000000 -1.000000
vn  -0.552322 0.833631 0.000000
vn  0.000000 0.000000 -1.000000
vn  -0.382811 0.923827 0.000000
vn  0.000000 0.000000 -1.000000
vn  -0.007519 0.999972 0.000000
vn  -0.007519 0.999972 0.000000
vn  0.000000 0.000000 -1.000000
vn  0.178758 0.983893 0.000000
vn  0.000000 0.000000 -1.000000
vn  0.370126 0.928981 0.000000
vn  0.000000 0.000000 -1.000000
vn  0.711901 0.702280 0.000000
vn  0.711901 0.702280 0.000000
vn  0.000000 0.000000 -1.000000
vn  0.928377 0.371641 0.000000
vn  0.000000 0.000000 -1.000000
vn  0.981963 0.189071 0.000000
vn  0.000000 0.000000 -1.000000
vn  0.999921 0.012577 0.000000
vn  0.999921 0.012577 0.000000
vn  0.000000 0.000000 -1.000000
vn  0.851879 -0.523739 0.000000
vn  0.000000 0.000000 -1.000000
vn  0.669888 -0.742462 0.000000
vn  0.000000 0.000000 -1.000000
vn  0.451725 -0.892157 0.000000
vn  0.451725 -0.892157 0.000000
vn  0.000000 0.000000 -1.000000
vn  0.212987 -0.977055 0.000000
vn  0.000000 0.000000 -1.000000
vn  -0.006849 -0.999977 0.000000
vn  -0.006849 -0.999977 0.000000
vn  0.000000 0.000000 -1.000000
vn  -0.051374 -0.998679 0.000000
vn  0.000000 0.000000 -1.000000
vn  -0.173785 -0.984784 0.000000
vn  -0.173785 -0.984784 0.000000
vn  0.000000 0.000000 -1.000000
vn  -0.981588 0.191012 0.000000
vn  -0.981588 0.191012 0.000000
vn  0.000000 0.000000 -1.000000
vn  -0.981588 0.191012 0.000000
vn  0.000000 -1.000000 0.000000
vn  0.000000 0.000000 -1.000000
vn  0.000000 -1.000000 0.000000
vn  0.997290 -0.073569 0.000000
vn  0.000000 0.000000 -1.000000
vn  0.997290 -0.073569 0.000000
vn  0.995946 -0.089958 0.000000
vn  0.000000 0.000000 -1.000000
vn  0.995946 -0.089958 0.000000
vn  0.994153 -0.107979 0.000000
vn  0.000000 0.000000 -1.000000
vn  0.994153 -0.107979 0.000000
vn  0.990257 -0.139255 0.000000
vn  0.000000 0.000000 -1.000000
vn  0.990257 -0.139255 0.000000
vn  0.993884 -0.110425 0.000000
vn  0.000000 0.000000 -1.000000
vn  0.979582 -0.201044 0.000000
vn  0.000000 0.000000 -1.000000
vn  0.959146 -0.282912 0.000000
vn  0.959146 -0.282912 0.000000
vn  0.000000 0.000000 -1.000000
vn  0.738657 -0.674082 0.000000
vn  0.000000 0.000000 -1.000000
vn  0.365921 -0.930646 0.000000
vn  0.000000 0.000000 -1.000000
vn  -0.027767 -0.999614 0.000000
vn  -0.027767 -0.999614 0.000000
vn  0.000000 0.000000 -1.000000
vn  -0.027767 -0.999614 0.000000
vn  0.996865 -0.079117 0.000000
vn  0.000000 0.000000 -1.000000
vn  0.996865 -0.079117 0.000000
vn  0.060494 0.998169 0.000000
vn  0.000000 0.000000 -1.000000
vn  0.060494 0.998169 0.000000
vn  -0.015150 0.999885 0.000000
vn  0.000000 0.000000 -1.000000
vn  -0.198241 0.980153 0.000000
vn  0.000000 0.000000 -1.000000
vn  -0.386067 0.922471 0.000000
vn  0.000000 0.000000 -1.000000
vn  -0.719847 0.694133 0.000000
vn  -0.719847 0.694133 0.000000
vn  0.000000 0.000000 -1.000000
vn  -0.719847 0.694133 0.000000
vn  0.994782 0.102027 0.000000
vn  0.000000 0.000000 -1.000000
vn  0.994782 0.102027 0.000000
vn  0.986394 0.164401 0.000000
vn  0.000000 0.000000 -1.000000
vn  0.986394 0.164401 0.000000
vn  -0.122155 0.992511 0.000000
vn  0.000000 0.000000 -1.000000
vn  -0.122155 0.992511 0.000000
vn  -0.985098 -0.171997 0.000000
vn  0.000000 0.000000 -1.000000
vn  -0.985098 -0.171997 0.000000
vn  -0.988798 -0.149257 0.000000
vn  0.000000 0.000000 -1.000000
vn  -0.997547 -0.069998 0.000000
vn  0.000000 0.000000 -1.000000
vn  -0.999952 0.009803 0.000000
vn  -0.999952 0.009803 0.000000
vn  0.000000 0.000000 -1.000000
vn  -0.999027 0.044103 0.000000
vn  0.000000 0.000000 -1.000000
vn  -0.992847 0.119393 0.000000
vn  -0.992847 0.119393 0.000000
vn  0.000000 0.000000 -1.000000
vn  -0.992847 0.119393 0.000000
vn  -0.990733 0.135827 0.000000
vn  0.000000 0.000000 -1.000000
vn  -0.990292 0.139002 0.000000
vn  0.000000 0.000000 -1.000000
vn  -0.987902 0.155082 0.000000
vn  0.000000 0.000000 -1.000000
vn  -0.976317 0.216344 0.000000
vn  -0.976317 0.216344 0.000000
vn  0.000000 0.000000 -1.000000
vn  -0.976317 0.216344 0.000000
vn  0.000000 -1.000000 0.000000
vn  0.000000 0.000000 -1.000000
vn  0.000000 -1.000000 0.000000
vn  0.978234 -0.207503 0.000000
vn  0.000000 0.000000 -1.000000
vn  0.978234 -0.207503 0.000000
vn  -0.081034 0.996711 0.000000
vn  0.000000 0.000000 -1.000000
vn  -0.081034 0.996711 0.000000
vn  -0.090535 0.995893 0.000000
vn  0.000000 0.000000 -1.000000
vn  -0.027283 0.999628 0.000000
vn  0.000000 0.000000 -1.000000
vn  0.000000 1.000000 0.000000
vn  0.000000 1.000000 0.000000
vn  0.000000 0.000000 -1.000000
vn  0.000000 1.000000 0.000000
vn  0.987613 -0.156911 0.000000
vn  0.000000 0.000000 -1.000000
vn  0.987613 -0.156911 0.000000
vn  0.991029 -0.133650 0.000000
vn  0.000000 0.000000 -1.000000
vn  0.991029 -0.133650 0.000000
vn  0.989781 -0.142596 0.000000
vn  0.000000 0.000000 -1.000000
vn  0.989781 -0.142596 0.000000
vn  -0.016127 -0.999870 0.000000
vn  0.000000 0.000000 -1.000000
vn  -0.016127 -0.999870 0.000000
vn  -0.016127 -0.999870 0.000000
vn  0.000000 0.000000 -1.000000
vn  -0.016127 -0.999870 0.000000
vn  -0.068541 -0.997648 0.000000
vn  0.000000 0.000000 -1.000000
vn  -0.068541 -0.997648 0.000000
vn  0.982339 -0.187111 0.000000
vn  0.000000 0.000000 -1.000000
vn  0.982339 -0.187111 0.000000
vn  -0.174691 0.984623 0.000000
vn  0.000000 0.000000 -1.000000
vn  -0.174691 0.984623 0.000000
vn  -0.149806 0.988715 0.000000
vn  0.000000 0.000000 -1.000000
vn  -0.034560 0.999403 0.000000
vn  0.000000 0.000000 -1.000000
vn  0.006826 0.999977 0.000000
vn  0.006826 0.999977 0.000000
vn  0.000000 0.000000 -1.000000
vn  0.006826 0.999977 0.000000
vn  0.992423 -0.122871 0.000000
vn  0.000000 0.000000 -1.000000
vn  0.992423 -0.122871 0.000000
vn  0.991735 -0.128301 0.000000
vn  0.000000 0.000000 -1.000000
vn  0.991735 -0.128301 0.000000
vn  0.991600 -0.129339 0.000000
vn  0.000000 0.000000 -1.000000
vn  0.991600 -0.129339 0.000000
vn  -0.006309 -0.999980 0.000000
vn  0.000000 0.000000 -1.000000
vn  -0.006309 -0.999980 0.000000
vn  -0.034168 -0.999416 0.000000
vn  0.000000 0.000000 -1.000000
vn  -0.034168 -0.999416 0.000000
vn  -0.100610 -0.994926 0.000000
vn  0.000000 0.000000 -1.000000
vn  -0.100610 -0.994926 0.000000
vn  0.998169 -0.060492 0.000000
vn  0.000000 0.000000 -1.000000
vn  0.998169 -0.060492 0.000000
vn  0.000000 1.000000 0.000000
vn  0.000000 0.000000 -1.000000
vn  0.000000 1.000000 0.000000
vn  -0.999917 -0.012901 0.000000
vn  0.000000 0.000000 -1.000000
vn  -0.999917 -0.012901 0.000000
vn  -0.999522 0.030911 0.000000
vn  0.000000 0.000000 -1.000000
vn  -0.997086 0.076284 0.000000
vn  0.000000 0.000000 -1.000000
vn  -0.994838 0.101481 0.000000
vn  0.000000 0.000000 -1.000000
vn  -0.993103 0.117248 0.000000
vn  0.000000 0.000000 -1.000000
vn  -0.991792 0.127859 0.000000
vn  0.000000 0.000000 -1.000000
vn  -0.990798 0.135346 0.000000
vn  -0.990798 0.135346 0.000000
vn  0.000000 0.000000 -1.000000
vn  -0.990837 0.135063 0.000000
vn  0.000000 0.000000 -1.000000
vn  -0.990859 0.134903 0.000000
vn  0.000000 0.000000 -1.000000
vn  -0.990862 0.134879 0.000000
vn  0.000000 0.000000 -1.000000
vn  -0.990844 0.135009 0.000000
vn  0.000000 0.000000 -1.000000
vn  -0.990803 0.135311 0.000000
vn  0.000000 0.000000 -1.000000
vn  -0.990735 0.135808 0.000000
vn  0.000000 0.000000 -1.000000
vn  -0.990636 0.136527 0.000000
vn  0.000000 0.000000 -1.000000
vn  -0.990502 0.137499 0.000000
vn  0.000000 0.000000 -1.000000
vn  -0.990326 0.138762 0.000000
vn  0.000000 0.000000 -1.000000
vn  -0.990100 0.140363 0.000000
vn  0.000000 0.000000 -1.000000
vn  -0.989815 0.142358 0.000000
vn  0.000000 0.000000 -1.000000
vn  -0.989459 0.144816 0.000000
vn  0.000000 0.000000 -1.000000
vn  -0.989014 0.147823 0.000000
vn  0.000000 0.000000 -1.000000
vn  -0.988459 0.151491 0.000000
vn  0.000000 0.000000 -1.000000
vn  -0.987763 0.155960 0.000000
vn  0.000000 0.000000 -1.000000
vn  -0.986887 0.161415 0.000000
vn  0.000000 0.000000 -1.000000
vn  -0.985770 0.168102 0.000000
vn  0.000000 0.000000 -1.000000
vn  -0.984326 0.176356 0.000000
vn  0.000000 0.000000 -1.000000
vn  -0.982428 0.186644 0.000000
vn  0.000000 0.000000 -1.000000
vn  -0.979870 0.199638 0.000000
vn  0.000000 0.000000 -1.000000
vn  -0.991557 0.129668 0.000000
vn  0.230027 0.973184 0.000000
vn  0.000000 0.000000 -1.000000
vn  -0.991557 0.129668 0.000000
vn  -0.270065 -0.962842 0.000000
vn  0.000000 0.000000 -1.000000
vn  -0.270065 -0.962842 0.000000
vn  -0.242535 -0.970143 0.000000
vn  0.000000 0.000000 -1.000000
vn  -0.120962 -0.992657 0.000000
vn  0.000000 0.000000 -1.000000
vn  0.004425 -0.999990 0.000000
vn  0.004425 -0.999990 0.000000
vn  0.000000 0.000000 -1.000000
vn  0.153565 -0.988139 0.000000
vn  0.000000 0.000000 -1.000000
vn  0.312233 -0.950006 0.000000
vn  0.000000 0.000000 -1.000000
vn  0.622584 -0.782553 0.000000
vn  0.622584 -0.782553 0.000000
vn  0.000000 0.000000 -1.000000
vn  0.777610 -0.628747 0.000000
vn  0.000000 0.000000 -1.000000
vn  0.900223 -0.435428 0.000000
vn  0.000000 0.000000 -1.000000
vn  0.999981 0.006172 0.000000
vn  0.999981 0.006172 0.000000
vn  0.000000 0.000000 -1.000000
vn  0.985547 0.169403 0.000000
vn  0.000000 0.000000 -1.000000
vn  0.941480 0.337070 0.000000
vn  0.941480 0.337070 0.000000
vn  0.000000 0.000000 -1.000000
vn  0.874324 0.485342 0.000000
vn  0.000000 0.000000 -1.000000
vn  0.788313 0.615274 0.000000
vn  0.788313 0.615274 0.000000
vn  0.000000 0.000000 -1.000000
vn  0.754293 0.656538 0.000000
vn  0.000000 0.000000 -1.000000
vn  0.684510 0.729004 0.000000
vn  0.684510 0.729004 0.000000
vn  0.000000 0.000000 -1.000000
vn  0.684510 0.729004 0.000000
vn  0.664363 0.747410 0.000000
vn  0.000000 0.000000 -1.000000
vn  0.750486 0.660886 0.000000
vn  0.000000 0.000000 -1.000000
vn  0.825304 0.564689 0.000000
vn  0.825304 0.564689 0.000000
vn  0.000000 0.000000 -1.000000
vn  0.916702 0.399573 0.000000
vn  0.000000 0.000000 -1.000000
vn  0.973839 0.227239 0.000000
vn  0.943854 0.330363 0.000000
vn  0.000000 0.000000 -1.000000
vn  0.986694 0.162590 0.000000
vn  0.000000 0.000000 -1.000000
vn  1.000000 0.000000 0.000000
vn  1.000000 0.000000 0.000000
vn  0.000000 0.000000 -1.000000
vn  0.881299 -0.472559 0.000000
vn  0.000000 0.000000 -1.000000
vn  0.737623 -0.675213 0.000000
vn  0.000000 0.000000 -1.000000
vn  0.560308 -0.828285 0.000000
vn  0.560308 -0.828285 0.000000
vn  0.000000 0.000000 -1.000000
vn  0.277890 -0.960613 0.000000
vn  0.000000 0.000000 -1.000000
vn  0.007407 -0.999973 0.000000
vn  0.007407 -0.999973 0.000000
vn  0.000000 0.000000 -1.000000
vn  -0.121815 -0.992553 0.000000
vn  0.000000 0.000000 -1.000000
vn  -0.255154 -0.966901 0.000000
vn  -0.255154 -0.966901 0.000000
vn  0.000000 0.000000 -1.000000
vn  -0.255154 -0.966901 0.000000
vn  0.986789 -0.162011 0.000000
vn  0.000000 0.000000 -1.000000
vn  0.986789 -0.162011 0.000000
vn  0.255892 0.966705 0.000000
vn  0.000000 0.000000 -1.000000
vn  0.255892 0.966705 0.000000
vn  0.236670 0.971590 0.000000
vn  0.000000 0.000000 -1.000000
vn  0.120788 0.992678 0.000000
vn  0.000000 0.000000 -1.000000
vn  0.000000 1.000000 0.000000
vn  0.000000 1.000000 0.000000
vn  0.000000 0.000000 -1.000000
vn  -0.068374 0.997660 0.000000
vn  0.000000 0.000000 -1.000000
vn  -0.140267 0.990114 0.000000
vn  -0.140267 0.990114 0.000000
vn  0.000000 0.000000 -1.000000
vn  -0.410217 0.911988 0.000000
vn  0.000000 0.000000 -1.000000
vn  -0.659325 0.751858 0.000000
vn  -0.659325 0.751858 0.000000
vn  0.000000 0.000000 -1.000000
vn  -0.911873 0.410473 0.000000
vn  0.000000 0.000000 -1.000000
vn  -0.978671 0.205432 0.000000
vn  0.000000 0.000000 -1.000000
vn  -1.000000 0.000000 0.000000
vn  -1.000000 0.000000 0.000000
vn  0.000000 0.000000 -1.000000
vn  -0.956427 -0.291972 0.000000
vn  0.000000 0.000000 -1.000000
vn  -0.841975 -0.539516 0.000000
vn  -0.841975 -0.539516 0.000000
vn  0.000000 0.000000 -1.000000
vn  -0.799468 -0.600709 0.000000
vn  0.000000 0.000000 -1.000000
vn  -0.751164 -0.660116 0.000000
vn  -0.751164 -0.660116 0.000000
vn  0.000000 0.000000 -1.000000
vn  -0.714681 -0.699451 0.000000
vn  0.000000 0.000000 -1.000000
vn  -0.680450 -0.732795 0.000000
vn  -0.680450 -0.732795 0.000000
vn  0.000000 0.000000 -1.000000
vn  -0.680450 -0.732795 0.000000
vn  -0.685371 -0.728194 0.000000
vn  0.000000 0.000000 -1.000000
vn  -0.746069 -0.665869 0.000000
vn  0.000000 0.000000 -1.000000
vn  -0.800001 -0.599999 0.000000
vn  -0.800001 -0.599999 0.000000
vn  0.000000 0.000000 -1.000000
vn  -0.889934 -0.456090 0.000000
vn  0.000000 0.000000 -1.000000
vn  -0.953584 -0.301126 0.000000
vn  -0.953584 -0.301126 0.000000
vn  0.000000 0.000000 -1.000000
vn  -0.988207 -0.153124 0.000000
vn  0.000000 0.000000 -1.000000
vn  -0.999960 -0.008928 0.000000
vn  -0.999960 -0.008928 0.000000
vn  0.000000 0.000000 -1.000000
vn  -0.880608 0.473845 0.000000
vn  0.000000 0.000000 -1.000000
vn  -0.731719 0.681606 0.000000
vn  0.000000 0.000000 -1.000000
vn  -0.545880 0.837863 0.000000
vn  -0.545880 0.837863 0.000000
vn  0.000000 0.000000 -1.000000
vn  -0.263082 0.964773 0.000000
vn  0.000000 0.000000 -1.000000
vn  0.007042 0.999975 0.000000
vn  0.007042 0.999975 0.000000
vn  0.000000 0.000000 -1.000000
vn  0.106112 0.994354 0.000000
vn  0.000000 0.000000 -1.000000
vn  0.221621 0.975133 0.000000
vn  0.221621 0.975133 0.000000
vn  0.000000 0.000000 -1.000000
vn  0.221621 0.975133 0.000000
vn  0.230027 0.973184 0.000000
vn  0.000000 0.000000 -1.000000
vn  -0.991557 0.129668 0.000000
vn  0.230027 0.973184 0.000000
vn  0.000000 0.000000 -1.000000
vn  -0.991557 0.129668 0.000000
vn  -0.270065 -0.962842 0.000000
vn  0.000000 0.000000 -1.000000
vn  -0.270065 -0.962842 0.000000
vn  -0.242535 -0.970143 0.000000
vn  0.000000 0.000000 -1.000000
vn  -0.120962 -0.992657 0.000000
vn  0.000000 0.000000 -1.000000
vn  0.004425 -0.999990 0.000000
vn  0.004425 -0.999990 0.000000
vn  0.000000 0.000000 -1.000000
vn  0.153565 -0.988139 0.000000
vn  0.000000 0.000000 -1.000000
vn  0.312233 -0.950006 0.000000
vn  0.000000 0.000000 -1.000000
vn  0.622584 -0.782553 0.000000
vn  0.622584 -0.782553 0.000000
vn  0.000000 0.000000 -1.000000
vn  0.777610 -0.628747 0.000000
vn  0.000000 0.000000 -1.000000
vn  0.900223 -0.435428 0.000000
vn  0.000000 0.000000 -1.000000
vn  0.999981 0.006172 0.000000
vn  0.999981 0.006172 0.000000
vn  0.000000 0.000000 -1.000000
vn  0.985547 0.169403 0.000000
vn  0.000000 0.000000 -1.000000
vn  0.941480 0.337070 0.000000
vn  0.941480 0.337070 0.000000
vn  0.000000 0.000000 -1.000000
vn  0.874324 0.485342 0.000000
vn  0.000000 0.000000 -1.000000
vn  0.788313 0.615274 0.000000
vn  0.788313 0.615274 0.000000
vn  0.000000 0.000000 -1.000000
vn  0.754293 0.656538 0.000000
vn  0.000000 0.000000 -1.000000
vn  0.684510 0.729004 0.000000
vn  0.684510 0.729004 0.000000
vn  0.000000 0.000000 -1.000000
vn  0.684510 0.729004 0.000000
vn  0.664363 0.747410 0.000000
vn  0.000000 0.000000 -1.000000
vn  0.750486 0.660886 0.000000
vn  0.000000 0.000000 -1.000000
vn  0.825304 0.564689 0.000000
vn  0.825304 0.564689 0.000000
vn  0.000000 0.000000 -1.000000
vn  0.916702 0.399573 0.000000
vn  0.000000 0.000000 -1.000000
vn  0.973839 0.227239 0.000000
vn  0.943854 0.330363 0.000000
vn  0.000000 0.000000 -1.000000
vn  0.986694 0.162590 0.000000
vn  0.000000 0.000000 -1.000000
vn  1.000000 0.000000 0.000000
vn  1.000000 0.000000 0.000000
vn  0.000000 0.000000 -1.000000
vn  0.881299 -0.472559 0.000000
vn  0.000000 0.000000 -1.000000
vn  0.737623 -0.675213 0.000000
vn  0.000000 0.000000 -1.000000
vn  0.560308 -0.828285 0.000000
vn  0.560308 -0.828285 0.000000
vn  0.000000 0.000000 -1.000000
vn  0.277890 -0.960613 0.000000
vn  0.000000 0.000000 -1.000000
vn  0.007407 -0.999973 0.000000
vn  0.007407 -0.999973 0.000000
vn  0.000000 0.000000 -1.000000
vn  -0.121815 -0.992553 0.000000
vn  0.000000 0.000000 -1.000000
vn  -0.255154 -0.966901 0.000000
vn  -0.255154 -0.966901 0.000000
vn  0.000000 0.000000 -1.000000
vn  -0.255154 -0.966901 0.000000
vn  0.986789 -0.162011 0.000000
vn  0.000000 0.000000 -1.000000
vn  0.986789 -0.162011 0.000000
vn  0.255892 0.966705 0.000000
vn  0.000000 0.000000 -1.000000
vn  0.255892 0.966705 0.000000
vn  0.236670 0.971590 0.000000
vn  0.000000 0.000000 -1.000000
vn  0.120788 0.992678 0.000000
vn  0.000000 0.000000 -1.000000
vn  0.000000 1.000000 0.000000
vn  0.000000 1.000000 0.000000
vn  0.000000 0.000000 -1.000000
vn  -0.068374 0.997660 0.000000
vn  0.000000 0.000000 -1.000000
vn  -0.140267 0.990114 0.000000
vn  -0.140267 0.990114 0.000000
vn  0.000000 0.000000 -1.000000
vn  -0.410217 0.911988 0.000000
vn  0.000000 0.000000 -1.000000
vn  -0.659322 0.751860 0.000000
vn  -0.659322 0.751860 0.000000
vn  0.000000 0.000000 -1.000000
vn  -0.911872 0.410474 0.000000
vn  0.000000 0.000000 -1.000000
vn  -0.978671 0.205433 0.000000
vn  0.000000 0.000000 -1.000000
vn  -1.000000 0.000000 0.000000
vn  -1.000000 0.000000 0.000000
vn  0.000000 0.000000 -1.000000
vn  -0.956427 -0.291972 0.000000
vn  0.000000 0.000000 -1.000000
vn  -0.841975 -0.539516 0.000000
vn  -0.841975 -0.539516 0.000000
vn  0.000000 0.000000 -1.000000
vn  -0.799468 -0.600709 0.000000
vn  0.000000 0.000000 -1.000000
vn  -0.751164 -0.660116 0.000000
vn  -0.751164 -0.660116 0.000000
vn  0.000000 0.000000 -1.000000
vn  -0.714681 -0.699451 0.000000
vn  0.000000 0.000000 -1.000000
vn  -0.680450 -0.732795 0.000000
vn  -0.680450 -0.732795 0.000000
vn  0.000000 0.000000 -1.000000
vn  -0.680450 -0.732795 0.000000
vn  -0.685371 -0.728194 0.000000
vn  0.000000 0.000000 -1.000000
vn  -0.746069 -0.665869 0.000000
vn  0.000000 0.000000 -1.000000
vn  -0.800001 -0.599999 0.000000
vn  -0.800001 -0.599999 0.000000
vn  0.000000 0.000000 -1.000000
vn  -0.889934 -0.456090 0.000000
vn  0.000000 0.000000 -1.000000
vn  -0.953584 -0.301126 0.000000
vn  -0.953584 -0.301126 0.000000
vn  0.000000 0.000000 -1.000000
vn  -0.988207 -0.153124 0.000000
vn  0.000000 0.000000 -1.000000
vn  -0.999960 -0.008928 0.000000
vn  -0.999960 -0.008928 0.000000
vn  0.000000 0.000000 -1.000000
vn  -0.880608 0.473845 0.000000
vn  0.000000 0.000000 -1.000000
vn  -0.731719 0.681606 0.000000
vn  0.000000 0.000000 -1.000000
vn  -0.545880 0.837863 0.000000
vn  -0.545880 0.837863 0.000000
vn  0.000000 0.000000 -1.000000
vn  -0.263082 0.964773 0.000000
vn  0.000000 0.000000 -1.000000
vn  0.007042 0.999975 0.000000
vn  0.007042 0.999975 0.000000
vn  0.000000 0.000000 -1.000000
vn  0.106112 0.994354 0.000000
vn  0.000000 0.000000 -1.000000
vn  0.221621 0.975133 0.000000
vn  0.221621 0.975133 0.000000
vn  0.000000 0.000000 -1.000000
vn  0.221621 0.975133 0.000000
vn  0.230027 0.973184 0.000000
vn  0.000000 0.000000 -1.000000
vn  -0.896939 0.442154 0.000000
vn  -0.908007 0.418955 0.000000
vn  0.000000 0.000000 -1.000000
vn  -0.896939 0.442154 0.000000
vn  0.000000 -1.000000 0.000000
vn  0.000000 0.000000 -1.000000
vn  0.000000 -1.000000 0.000000
vn  0.951527 -0.307567 0.000000
vn  0.000000 0.000000 -1.000000
vn  0.951527 -0.307567 0.000000
vn  0.943859 -0.330348 0.000000
vn  0.000000 0.000000 -1.000000
vn  0.935554 -0.353184 0.000000
vn  0.000000 0.000000 -1.000000
vn  0.920662 -0.390361 0.000000
vn  0.920662 -0.390361 0.000000
vn  0.000000 0.000000 -1.000000
vn  0.920662 -0.390361 0.000000
vn  0.000000 -1.000000 0.000000
vn  0.000000 0.000000 -1.000000
vn  0.000000 -1.000000 0.000000
vn  -0.982824 -0.184546 0.000000
vn  0.000000 0.000000 -1.000000
vn  -0.982824 -0.184546 0.000000
vn  -0.985692 -0.168558 0.000000
vn  0.000000 0.000000 -1.000000
vn  -0.985692 -0.168558 0.000000
vn  0.000000 -1.000000 0.000000
vn  0.000000 0.000000 -1.000000
vn  0.000000 -1.000000 0.000000
vn  0.973252 0.229739 0.000000
vn  0.000000 0.000000 -1.000000
vn  0.973252 0.229739 0.000000
vn  0.978350 0.206957 0.000000
vn  0.000000 0.000000 -1.000000
vn  0.978350 0.206957 0.000000
vn  0.980233 0.197846 0.000000
vn  0.000000 0.000000 -1.000000
vn  0.983779 0.179387 0.000000
vn  0.000000 0.000000 -1.000000
vn  0.986324 0.164816 0.000000
vn  0.986324 0.164816 0.000000
vn  0.000000 0.000000 -1.000000
vn  0.987223 0.159343 0.000000
vn  0.000000 0.000000 -1.000000
vn  0.989050 0.147579 0.000000
vn  0.000000 0.000000 -1.000000
vn  0.991904 0.126986 0.000000
vn  0.000000 0.000000 -1.000000
vn  0.995630 0.093389 0.000000
vn  0.000000 0.000000 -1.000000
vn  0.999222 0.039441 0.000000
vn  0.999222 0.039441 0.000000
vn  0.000000 0.000000 -1.000000
vn  0.999222 0.039441 0.000000
vn  -0.254494 0.967074 0.000000
vn  0.000000 0.000000 -1.000000
vn  -0.254494 0.967074 0.000000
vn  -0.962649 0.270751 0.000000
vn  0.000000 0.000000 -1.000000
vn  -0.962649 0.270751 0.000000
vn  -0.956674 0.291160 0.000000
vn  0.000000 0.000000 -1.000000
vn  -0.941616 0.336688 0.000000
vn  0.000000 0.000000 -1.000000
vn  -0.908084 0.418787 0.000000
vn  -0.908084 0.418787 0.000000
vn  0.000000 0.000000 -1.000000
vn  -0.908084 0.418787 0.000000
vn  -0.908007 0.418955 0.000000
vn  0.000000 0.000000 -1.000000
vn  0.901412 -0.432962 0.000000
vn  0.000000 1.000000 0.000000
vn  0.000000 0.000000 -1.000000
vn  0.901412 -0.432962 0.000000
vn  0.905066 -0.425271 0.000000
vn  0.000000 0.000000 -1.000000
vn  0.910930 -0.412562 0.000000
vn  0.000000 0.000000 -1.000000
vn  0.914870 -0.403749 0.000000
vn  0.000000 0.000000 -1.000000
vn  0.917783 -0.397082 0.000000
vn  0.917783 -0.397082 0.000000
vn  0.000000 0.000000 -1.000000
vn  0.917783 -0.397082 0.000000
vn  -0.989517 -0.144415 0.000000
vn  0.000000 0.000000 -1.000000
vn  -0.989517 -0.144415 0.000000
vn  -0.989241 -0.146295 0.000000
vn  0.000000 0.000000 -1.000000
vn  -0.989241 -0.146295 0.000000
vn  -0.988103 -0.153792 0.000000
vn  0.000000 0.000000 -1.000000
vn  -0.988103 -0.153792 0.000000
vn  0.000000 1.000000 0.000000
vn  0.000000 0.000000 -1.000000
vn  -0.978181 0.207755 0.000000
vn  -0.978181 0.207755 0.000000
vn  0.000000 0.000000 -1.000000
vn  -0.978181 0.207755 0.000000
vn  0.000000 -1.000000 0.000000
vn  0.000000 0.000000 -1.000000
vn  0.000000 -1.000000 0.000000
vn  0.975133 -0.221619 0.000000
vn  0.000000 0.000000 -1.000000
vn  0.975133 -0.221619 0.000000
vn  -0.067414 0.997725 0.000000
vn  0.000000 0.000000 -1.000000
vn  -0.067414 0.997725 0.000000
vn  -0.078961 0.996878 0.000000
vn  0.000000 0.000000 -1.000000
vn  -0.038975 0.999240 0.000000
vn  0.000000 0.000000 -1.000000
vn  0.004630 0.999989 0.000000
vn  0.004630 0.999989 0.000000
vn  0.000000 0.000000 -1.000000
vn  0.004630 0.999989 0.000000
vn  0.989949 -0.141422 0.000000
vn  0.000000 0.000000 -1.000000
vn  0.989949 -0.141422 0.000000
vn  0.990985 -0.133969 0.000000
vn  0.000000 0.000000 -1.000000
vn  0.990985 -0.133969 0.000000
vn  0.993061 -0.117602 0.000000
vn  0.000000 0.000000 -1.000000
vn  0.986098 -0.166167 0.000000
vn  0.000000 0.000000 -1.000000
vn  0.978931 -0.204191 0.000000
vn  0.978931 -0.204191 0.000000
vn  0.000000 0.000000 -1.000000
vn  0.978931 -0.204191 0.000000
vn  0.000000 1.000000 0.000000
vn  0.000000 0.000000 -1.000000
vn  0.000000 1.000000 0.000000
vn  -0.998425 -0.056096 0.000000
vn  0.000000 0.000000 -1.000000
vn  -0.998425 -0.056096 0.000000
vn  -0.999829 0.018514 0.000000
vn  0.000000 0.000000 -1.000000
vn  -0.999829 0.018514 0.000000
vn  -0.995349 0.096330 0.000000
vn  0.000000 0.000000 -1.000000
vn  -0.994694 0.102881 0.000000
vn  0.000000 0.000000 -1.000000
vn  -0.993050 0.117693 0.000000
vn  0.000000 0.000000 -1.000000
vn  -0.990429 0.138024 0.000000
vn  -0.990429 0.138024 0.000000
vn  0.000000 0.000000 -1.000000
vn  -0.990429 0.138024 0.000000
vn  -0.989461 0.144799 0.000000
vn  0.000000 0.000000 -1.000000
vn  -0.986169 0.165744 0.000000
vn  0.000000 0.000000 -1.000000
vn  -0.977227 0.212197 0.000000
vn  -0.986226 0.165402 0.000000
vn  0.000000 0.000000 -1.000000
vn  -0.977227 0.212197 0.000000
vn  0.000000 -1.000000 0.000000
vn  0.000000 0.000000 -1.000000
vn  0.000000 -1.000000 0.000000
vn  0.996158 -0.087573 0.000000
vn  0.000000 0.000000 -1.000000
vn  0.996158 -0.087573 0.000000
vn  0.993671 -0.112334 0.000000
vn  0.000000 0.000000 -1.000000
vn  0.993671 -0.112334 0.000000
vn  0.990733 -0.135824 0.000000
vn  0.000000 0.000000 -1.000000
vn  0.990733 -0.135824 0.000000
vn  0.987642 -0.156729 0.000000
vn  0.000000 0.000000 -1.000000
vn  0.987642 -0.156729 0.000000
vn  0.988174 -0.153338 0.000000
vn  0.000000 0.000000 -1.000000
vn  0.988174 -0.153338 0.000000
vn  -0.977526 -0.210815 0.000000
vn  0.000000 0.000000 -1.000000
vn  -0.977526 -0.210815 0.000000
vn  -0.979095 -0.203402 0.000000
vn  0.000000 0.000000 -1.000000
vn  -0.979095 -0.203402 0.000000
vn  -0.983490 -0.180963 0.000000
vn  0.000000 0.000000 -1.000000
vn  -0.983490 -0.180963 0.000000
vn  -0.989949 -0.141421 0.000000
vn  0.000000 0.000000 -1.000000
vn  -0.989949 -0.141421 0.000000
vn  -0.995723 -0.092389 0.000000
vn  0.000000 0.000000 -1.000000
vn  -0.995723 -0.092389 0.000000
vn  0.145639 -0.989338 0.000000
vn  0.000000 0.000000 -1.000000
vn  0.145639 -0.989338 0.000000
vn  0.919590 -0.392878 0.000000
vn  0.000000 0.000000 -1.000000
vn  0.919590 -0.392878 0.000000
vn  0.920194 -0.391463 0.000000
vn  0.000000 0.000000 -1.000000
vn  0.911453 -0.411405 0.000000
vn  0.000000 0.000000 -1.000000
vn  0.901984 -0.431769 0.000000
vn  0.901984 -0.431769 0.000000
vn  0.000000 0.000000 -1.000000
vn  0.901984 -0.431769 0.000000
vn  0.904526 -0.426418 0.000000
vn  0.000000 0.000000 -1.000000
vn  0.898043 -0.439907 0.000000
vn  0.000000 0.000000 -1.000000
vn  0.885721 -0.464218 0.000000
vn  0.000000 0.000000 -1.000000
vn  0.857492 -0.514497 0.000000
vn  0.857492 -0.514497 0.000000
vn  0.000000 0.000000 -1.000000
vn  0.857492 -0.514497 0.000000
vn  -0.992782 0.119934 0.000000
vn  0.000000 0.000000 -1.000000
vn  -0.992782 0.119934 0.000000
vn  -0.992302 0.123839 0.000000
vn  0.000000 0.000000 -1.000000
vn  -0.992302 0.123839 0.000000
vn  -0.989044 0.147618 0.000000
vn  0.000000 0.000000 -1.000000
vn  -0.989044 0.147618 0.000000
vn  0.000000 -1.000000 0.000000
vn  0.000000 0.000000 -1.000000
vn  0.000000 -1.000000 0.000000
vn  0.999698 -0.024581 0.000000
vn  0.000000 0.000000 -1.000000
vn  0.999698 -0.024581 0.000000
vn  0.999480 -0.032239 0.000000
vn  0.000000 0.000000 -1.000000
vn  0.996068 -0.088589 0.000000
vn  0.000000 0.000000 -1.000000
vn  0.994125 -0.108243 0.000000
vn  0.994125 -0.108243 0.000000
vn  0.000000 0.000000 -1.000000
vn  0.994125 -0.108243 0.000000
vn  0.994278 -0.106823 0.000000
vn  0.000000 0.000000 -1.000000
vn  0.994003 -0.109352 0.000000
vn  0.000000 0.000000 -1.000000
vn  0.993627 -0.112718 0.000000
vn  0.000000 0.000000 -1.000000
vn  0.993112 -0.117165 0.000000
vn  0.000000 0.000000 -1.000000
vn  0.992402 -0.123039 0.000000
vn  0.000000 0.000000 -1.000000
vn  0.991402 -0.130854 0.000000
vn  0.000000 0.000000 -1.000000
vn  0.989953 -0.141400 0.000000
vn  0.000000 0.000000 -1.000000
vn  0.987762 -0.155966 0.000000
vn  0.987762 -0.155966 0.000000
vn  0.000000 0.000000 -1.000000
vn  0.987762 -0.155966 0.000000
vn  0.000000 1.000000 0.000000
vn  0.000000 0.000000 -1.000000
vn  0.000000 1.000000 0.000000
vn  -0.893884 0.448299 0.000000
vn  0.000000 0.000000 -1.000000
vn  -0.893884 0.448299 0.000000
vn  -0.898383 0.439212 0.000000
vn  0.000000 0.000000 -1.000000
vn  -0.898246 0.439493 0.000000
vn  0.000000 0.000000 -1.000000
vn  -0.898981 0.437987 0.000000
vn  0.000000 0.000000 -1.000000
vn  -0.900491 0.434875 0.000000
vn  0.000000 0.000000 -1.000000
vn  -0.902685 0.430303 0.000000
vn  0.000000 0.000000 -1.000000
vn  -0.905476 0.424397 0.000000
vn  0.000000 0.000000 -1.000000
vn  -0.908785 0.417264 0.000000
vn  -0.908785 0.417264 0.000000
vn  0.000000 0.000000 -1.000000
vn  -0.908785 0.417264 0.000000
vn  -0.918438 0.395564 0.000000
vn  0.000000 0.000000 -1.000000
vn  -0.918438 0.395564 0.000000
vn  -0.924856 0.380317 0.000000
vn  0.000000 0.000000 -1.000000
vn  -0.924856 0.380317 0.000000
vn  0.987896 0.155121 0.000000
vn  0.000000 0.000000 -1.000000
vn  0.987896 0.155121 0.000000
vn  0.985520 0.169557 0.000000
vn  0.000000 0.000000 -1.000000
vn  0.983169 0.182696 0.000000
vn  0.000000 0.000000 -1.000000
vn  0.976297 0.216433 0.000000
vn  0.976297 0.216433 0.000000
vn  0.000000 0.000000 -1.000000
vn  0.976297 0.216433 0.000000
vn  0.972807 0.231618 0.000000
vn  0.000000 0.000000 -1.000000
vn  0.978823 0.204710 0.000000
vn  0.000000 0.000000 -1.000000
vn  0.982519 0.186162 0.000000
vn  0.982519 0.186162 0.000000
vn  0.000000 0.000000 -1.000000
vn  0.982519 0.186162 0.000000
vn  0.000000 1.000000 0.000000
vn  0.000000 0.000000 -1.000000
vn  0.000000 1.000000 0.000000
vn  -0.999527 0.030753 0.000000
vn  0.000000 0.000000 -1.000000
vn  -0.999527 0.030753 0.000000
vn  -0.999289 0.037707 0.000000
vn  0.000000 0.000000 -1.000000
vn  -0.995459 0.095194 0.000000
vn  0.000000 0.000000 -1.000000
vn  -0.989799 0.142468 0.000000
vn  -0.989799 0.142468 0.000000
vn  0.000000 0.000000 -1.000000
vn  -0.988060 0.154071 0.000000
vn  0.000000 0.000000 -1.000000
vn  -0.986982 0.160830 0.000000
vn  0.000000 0.000000 -1.000000
vn  -0.986226 0.165402 0.000000
vn  -0.986226 0.165402 0.000000
vn  0.000000 0.000000 -1.000000
vn  -0.896939 0.442154 0.000000
vn  -0.908007 0.418955 0.000000
vn  0.000000 0.000000 -1.000000
vn  -0.896939 0.442154 0.000000
vn  0.000000 -1.000000 0.000000
vn  0.000000 0.000000 -1.000000
vn  0.000000 -1.000000 0.000000
vn  0.951529 -0.307560 0.000000
vn  0.000000 0.000000 -1.000000
vn  0.951529 -0.307560 0.000000
vn  0.943854 -0.330363 0.000000
vn  0.000000 0.000000 -1.000000
vn  0.935552 -0.353188 0.000000
vn  0.000000 0.000000 -1.000000
vn  0.920663 -0.390359 0.000000
vn  0.920663 -0.390359 0.000000
vn  0.000000 0.000000 -1.000000
vn  0.920663 -0.390359 0.000000
vn  0.000000 -1.000000 0.000000
vn  0.000000 0.000000 -1.000000
vn  0.000000 -1.000000 0.000000
vn  -0.982823 -0.184552 0.000000
vn  0.000000 0.000000 -1.000000
vn  -0.982823 -0.184552 0.000000
vn  -0.985693 -0.168552 0.000000
vn  0.000000 0.000000 -1.000000
vn  -0.985693 -0.168552 0.000000
vn  0.000000 -1.000000 0.000000
vn  0.000000 0.000000 -1.000000
vn  0.000000 -1.000000 0.000000
vn  0.973252 0.229739 0.000000
vn  0.000000 0.000000 -1.000000
vn  0.973252 0.229739 0.000000
vn  0.978349 0.206960 0.000000
vn  0.000000 0.000000 -1.000000
vn  0.978349 0.206960 0.000000
vn  0.980233 0.197846 0.000000
vn  0.000000 0.000000 -1.000000
vn  0.983779 0.179385 0.000000
vn  0.000000 0.000000 -1.000000
vn  0.986324 0.164818 0.000000
vn  0.986324 0.164818 0.000000
vn  0.000000 0.000000 -1.000000
vn  0.987223 0.159346 0.000000
vn  0.000000 0.000000 -1.000000
vn  0.989050 0.147581 0.000000
vn  0.000000 0.000000 -1.000000
vn  0.991904 0.126988 0.000000
vn  0.000000 0.000000 -1.000000
vn  0.995630 0.093387 0.000000
vn  0.000000 0.000000 -1.000000
vn  0.999222 0.039431 0.000000
vn  0.999222 0.039431 0.000000
vn  0.000000 0.000000 -1.000000
vn  0.999222 0.039431 0.000000
vn  -0.254493 0.967075 0.000000
vn  0.000000 0.000000 -1.000000
vn  -0.254493 0.967075 0.000000
vn  -0.962649 0.270751 0.000000
vn  0.000000 0.000000 -1.000000
vn  -0.962649 0.270751 0.000000
vn  -0.956679 0.291146 0.000000
vn  0.000000 0.000000 -1.000000
vn  -0.941617 0.336686 0.000000
vn  0.000000 0.000000 -1.000000
vn  -0.908084 0.418787 0.000000
vn  -0.908084 0.418787 0.000000
vn  0.000000 0.000000 -1.000000
vn  -0.908084 0.418787 0.000000
vn  -0.908007 0.418955 0.000000
vn  0.000000 0.000000 -1.000000
vn  0.901412 -0.432962 0.000000
vn  0.000000 1.000000 0.000000
vn  0.000000 0.000000 -1.000000
vn  0.901412 -0.432962 0.000000
vn  0.905066 -0.425271 0.000000
vn  0.000000 0.000000 -1.000000
vn  0.910928 -0.412565 0.000000
vn  0.000000 0.000000 -1.000000
vn  0.914869 -0.403751 0.000000
vn  0.000000 0.000000 -1.000000
vn  0.917784 -0.397080 0.000000
vn  0.917784 -0.397080 0.000000
vn  0.000000 0.000000 -1.000000
vn  0.917784 -0.397080 0.000000
vn  -0.989517 -0.144419 0.000000
vn  0.000000 0.000000 -1.000000
vn  -0.989517 -0.144419 0.000000
vn  -0.989241 -0.146293 0.000000
vn  0.000000 0.000000 -1.000000
vn  -0.989241 -0.146293 0.000000
vn  -0.988103 -0.153792 0.000000
vn  0.000000 0.000000 -1.000000
vn  -0.988103 -0.153792 0.000000
vn  0.000000 1.000000 0.000000
vn  0.000000 0.000000 -1.000000
vn  -0.971628 0.236514 0.000000
vn  -0.971628 0.236514 0.000000
vn  0.000000 0.000000 -1.000000
vn  -0.971628 0.236514 0.000000
vn  0.000000 -1.000000 0.000000
vn  0.000000 0.000000 -1.000000
vn  0.000000 -1.000000 0.000000
vn  0.999022 -0.044208 0.000000
vn  0.000000 0.000000 -1.000000
vn  0.999022 -0.044208 0.000000
vn  0.998619 -0.052543 0.000000
vn  0.000000 0.000000 -1.000000
vn  0.994461 -0.105103 0.000000
vn  0.000000 0.000000 -1.000000
vn  0.991803 -0.127779 0.000000
vn  0.991803 -0.127779 0.000000
vn  0.000000 0.000000 -1.000000
vn  0.991803 -0.127779 0.000000
vn  0.992641 -0.121091 0.000000
vn  0.000000 0.000000 -1.000000
vn  0.992641 -0.121091 0.000000
vn  -0.916824 -0.399292 0.000000
vn  0.000000 0.000000 -1.000000
vn  -0.916824 -0.399292 0.000000
vn  -0.920909 -0.389778 0.000000
vn  0.000000 0.000000 -1.000000
vn  -0.920691 -0.390293 0.000000
vn  0.000000 0.000000 -1.000000
vn  -0.921050 -0.389445 0.000000
vn  0.000000 0.000000 -1.000000
vn  -0.922068 -0.387029 0.000000
vn  0.000000 0.000000 -1.000000
vn  -0.923836 -0.382790 0.000000
vn  0.000000 0.000000 -1.000000
vn  -0.926451 -0.376415 0.000000
vn  0.000000 0.000000 -1.000000
vn  -0.930018 -0.367513 0.000000
vn  0.000000 0.000000 -1.000000
vn  -0.934645 -0.355583 0.000000
vn  0.000000 0.000000 -1.000000
vn  -0.940432 -0.339981 0.000000
vn  -0.940432 -0.339981 0.000000
vn  0.000000 0.000000 -1.000000
vn  -0.940432 -0.339981 0.000000
vn  0.142107 -0.989851 0.000000
vn  0.000000 0.000000 -1.000000
vn  0.142107 -0.989851 0.000000
vn  0.995112 -0.098751 0.000000
vn  0.000000 0.000000 -1.000000
vn  0.995112 -0.098751 0.000000
vn  0.992989 -0.118206 0.000000
vn  0.000000 0.000000 -1.000000
vn  0.992989 -0.118206 0.000000
vn  0.990844 -0.135011 0.000000
vn  0.000000 0.000000 -1.000000
vn  0.990844 -0.135011 0.000000
vn  0.990526 -0.137323 0.000000
vn  0.000000 0.000000 -1.000000
vn  0.990526 -0.137323 0.000000
vn  0.991656 -0.128915 0.000000
vn  0.000000 0.000000 -1.000000
vn  0.988213 -0.153084 0.000000
vn  0.000000 0.000000 -1.000000
vn  0.981830 -0.189760 0.000000
vn  0.981830 -0.189760 0.000000
vn  0.000000 0.000000 -1.000000
vn  0.981830 -0.189760 0.000000
vn  0.000000 1.000000 0.000000
vn  0.000000 0.000000 -1.000000
vn  0.000000 1.000000 0.000000
vn  -0.998666 0.051640 0.000000
vn  0.000000 0.000000 -1.000000
vn  -0.998666 0.051640 0.000000
vn  -0.997684 0.068020 0.000000
vn  0.000000 0.000000 -1.000000
vn  -0.995665 0.093017 0.000000
vn  0.000000 0.000000 -1.000000
vn  -0.990420 0.138086 0.000000
vn  -0.990420 0.138086 0.000000
vn  0.000000 0.000000 -1.000000
vn  -0.990420 0.138086 0.000000
vn  -0.992087 0.125551 0.000000
vn  0.000000 0.000000 -1.000000
vn  -0.992087 0.125551 0.000000
vn  -0.993062 0.117596 0.000000
vn  0.000000 0.000000 -1.000000
vn  -0.993062 0.117596 0.000000
vn  0.943857 0.330356 0.000000
vn  0.000000 0.000000 -1.000000
vn  0.943857 0.330356 0.000000
vn  0.942257 0.334891 0.000000
vn  0.000000 0.000000 -1.000000
vn  0.941479 0.337070 0.000000
vn  0.000000 0.000000 -1.000000
vn  0.940181 0.340676 0.000000
vn  0.000000 0.000000 -1.000000
vn  0.938157 0.346210 0.000000
vn  0.000000 0.000000 -1.000000
vn  0.935073 0.354456 0.000000
vn  0.000000 0.000000 -1.000000
vn  0.930343 0.366691 0.000000
vn  0.000000 0.000000 -1.000000
vn  0.922848 0.385164 0.000000
vn  0.922848 0.385164 0.000000
vn  0.000000 0.000000 -1.000000
vn  0.922848 0.385164 0.000000
vn  0.921250 0.388971 0.000000
vn  0.000000 0.000000 -1.000000
vn  0.921444 0.388511 0.000000
vn  0.000000 0.000000 -1.000000
vn  0.921024 0.389506 0.000000
vn  0.000000 0.000000 -1.000000
vn  0.919851 0.392267 0.000000
vn  0.000000 0.000000 -1.000000
vn  0.917735 0.397193 0.000000
vn  0.000000 0.000000 -1.000000
vn  0.914399 0.404813 0.000000
vn  0.000000 0.000000 -1.000000
vn  0.909438 0.415839 0.000000
vn  0.000000 0.000000 -1.000000
vn  0.902231 0.431253 0.000000
vn  0.000000 0.000000 -1.000000
vn  0.891791 0.452447 0.000000
vn  0.000000 0.000000 -1.000000
vn  0.876477 0.481443 0.000000
vn  0.876477 0.481443 0.000000
vn  0.000000 0.000000 -1.000000
vn  0.876477 0.481443 0.000000
vn  0.000000 1.000000 0.000000
vn  0.000000 0.000000 -1.000000
vn  0.000000 1.000000 0.000000
vn  -0.998558 0.053690 0.000000
vn  0.000000 0.000000 -1.000000
vn  -0.998558 0.053690 0.000000
vn  -0.997969 0.063696 0.000000
vn  0.000000 0.000000 -1.000000
vn  -0.994253 0.107059 0.000000
vn  0.000000 0.000000 -1.000000
vn  -0.990486 0.137611 0.000000
vn  -0.990486 0.137611 0.000000
vn  0.000000 0.000000 -1.000000
vn  -0.990486 0.137611 0.000000
vn  -0.989949 0.141424 0.000000
vn  0.000000 0.000000 -1.000000
vn  -0.990039 0.140793 0.000000
vn  0.000000 0.000000 -1.000000
vn  -0.989916 0.141652 0.000000
vn  0.000000 0.000000 -1.000000
vn  -0.989506 0.144491 0.000000
vn  0.000000 0.000000 -1.000000
vn  -0.988681 0.150033 0.000000
vn  0.000000 0.000000 -1.000000
vn  -0.987215 0.159393 0.000000
vn  0.000000 0.000000 -1.000000
vn  -0.984679 0.174375 0.000000
vn  0.000000 0.000000 -1.000000
vn  -0.980180 0.198110 0.000000
vn  0.000000 0.000000 -1.000000
vn  -0.985692 0.168558 0.000000
vn  -0.990501 0.137505 0.000000
vn  0.000000 0.000000 -1.000000
vn  -0.985692 0.168558 0.000000
vn  0.000000 -1.000000 0.000000
vn  0.000000 0.000000 -1.000000
vn  0.000000 -1.000000 0.000000
vn  0.995702 -0.092618 0.000000
vn  0.000000 0.000000 -1.000000
vn  0.995702 -0.092618 0.000000
vn  0.992112 -0.125357 0.000000
vn  0.000000 0.000000 -1.000000
vn  0.992112 -0.125357 0.000000
vn  0.991164 -0.132643 0.000000
vn  0.000000 0.000000 -1.000000
vn  0.991164 -0.132643 0.000000
vn  0.987845 -0.155442 0.000000
vn  0.000000 0.000000 -1.000000
vn  0.987845 -0.155442 0.000000
vn  0.984056 -0.177856 0.000000
vn  0.000000 0.000000 -1.000000
vn  0.984056 -0.177856 0.000000
vn  0.000000 1.000000 0.000000
vn  0.000000 0.000000 -1.000000
vn  0.000000 1.000000 0.000000
vn  -0.999925 0.012268 0.000000
vn  0.000000 0.000000 -1.000000
vn  -0.999925 0.012268 0.000000
vn  -0.997924 0.064401 0.000000
vn  0.000000 0.000000 -1.000000
vn  -0.997246 0.074171 0.000000
vn  0.000000 0.000000 -1.000000
vn  -0.990816 0.135216 0.000000
vn  -0.990816 0.135216 0.000000
vn  0.000000 0.000000 -1.000000
vn  -0.990816 0.135216 0.000000
vn  -0.990501 0.137505 0.000000
vn  0.000000 0.000000 1.000000
vn  -0.897171 0.441684 0.000000
vn  -0.899109 0.437724 0.000000
vn  0.000000 0.000000 1.000000
vn  -0.817787 0.575521 0.000000
vn  0.000000 0.000000 1.000000
vn  -0.710335 0.703863 0.000000
vn  0.000000 0.000000 1.000000
vn  -0.431905 0.901919 0.000000
vn  -0.431905 0.901919 0.000000
vn  0.000000 0.000000 1.000000
vn  -0.216312 0.976324 0.000000
vn  0.000000 0.000000 1.000000
vn  0.007518 0.999972 0.000000
vn  0.007518 0.999972 0.000000
vn  0.000000 0.000000 1.000000
vn  0.224829 0.974398 0.000000
vn  0.000000 0.000000 1.000000
vn  0.443589 0.896230 0.000000
vn  0.000000 0.000000 1.000000
vn  0.800820 0.598904 0.000000
vn  0.800820 0.598904 0.000000
vn  0.000000 0.000000 1.000000
vn  0.953401 0.301707 0.000000
vn  0.000000 0.000000 1.000000
vn  0.988878 0.148731 0.000000
vn  0.000000 0.000000 1.000000
vn  0.999997 0.002557 0.000000
vn  0.999997 0.002557 0.000000
vn  0.000000 0.000000 1.000000
vn  0.959746 -0.280869 0.000000
vn  0.000000 0.000000 1.000000
vn  0.909181 -0.416402 0.000000
vn  0.000000 0.000000 1.000000
vn  0.840749 -0.541425 0.000000
vn  0.840749 -0.541425 0.000000
vn  0.000000 0.000000 1.000000
vn  0.692796 -0.721134 0.000000
vn  0.000000 0.000000 1.000000
vn  0.490563 -0.871406 0.000000
vn  0.000000 0.000000 1.000000
vn  -0.002667 -0.999996 0.000000
vn  -0.002667 -0.999996 0.000000
vn  0.000000 0.000000 1.000000
vn  -0.496122 -0.868253 0.000000
vn  0.000000 0.000000 1.000000
vn  -0.702371 -0.711811 0.000000
vn  0.000000 0.000000 1.000000
vn  -0.853207 -0.521572 0.000000
vn  -0.853207 -0.521572 0.000000
vn  0.000000 0.000000 1.000000
vn  -0.965147 -0.261710 0.000000
vn  0.000000 0.000000 1.000000
vn  -0.991817 -0.127665 0.000000
vn  0.000000 0.000000 1.000000
vn  -0.999996 0.002941 0.000000
vn  -0.999996 0.002941 0.000000
vn  0.000000 0.000000 1.000000
vn  -0.974676 0.223623 0.000000
vn  0.000000 0.000000 1.000000
vn  0.999957 0.009259 0.000000
vn  0.999841 -0.017854 0.000000
vn  0.000000 0.000000 1.000000
vn  0.986903 0.161315 0.000000
vn  0.000000 0.000000 1.000000
vn  0.937113 0.349027 0.000000
vn  0.937113 0.349027 0.000000
vn  0.000000 0.000000 1.000000
vn  0.868933 0.494930 0.000000
vn  0.000000 0.000000 1.000000
vn  0.770085 0.637941 0.000000
vn  0.000000 0.000000 1.000000
vn  0.486858 0.873481 0.000000
vn  0.486858 0.873481 0.000000
vn  0.000000 0.000000 1.000000
vn  0.243548 0.969889 0.000000
vn  0.000000 0.000000 1.000000
vn  -0.008064 0.999967 0.000000
vn  -0.008064 0.999967 0.000000
vn  0.000000 0.000000 1.000000
vn  -0.279452 0.960160 0.000000
vn  0.000000 0.000000 1.000000
vn  -0.531289 0.847190 0.000000
vn  -0.531289 0.847190 0.000000
vn  0.000000 0.000000 1.000000
vn  -0.686328 0.727292 0.000000
vn  0.000000 0.000000 1.000000
vn  -0.811651 0.584143 0.000000
vn  -0.811651 0.584143 0.000000
vn  0.000000 0.000000 1.000000
vn  -0.890595 0.454798 0.000000
vn  0.000000 0.000000 1.000000
vn  -0.947712 0.319127 0.000000
vn  -0.947712 0.319127 0.000000
vn  0.000000 0.000000 1.000000
vn  -0.986505 0.163731 0.000000
vn  0.000000 0.000000 1.000000
vn  -0.999992 0.004032 0.000000
vn  -0.999992 0.004032 0.000000
vn  0.000000 0.000000 1.000000
vn  -0.991602 -0.129325 0.000000
vn  0.000000 0.000000 1.000000
vn  -0.962622 -0.270848 0.000000
vn  0.000000 0.000000 1.000000
vn  -0.832754 -0.553644 0.000000
vn  -0.832754 -0.553644 0.000000
vn  0.000000 0.000000 1.000000
vn  -0.467789 -0.883840 0.000000
vn  0.000000 0.000000 1.000000
vn  -0.235957 -0.971763 0.000000
vn  0.000000 0.000000 1.000000
vn  -0.003636 -0.999993 0.000000
vn  -0.003636 -0.999993 0.000000
vn  0.000000 0.000000 1.000000
vn  0.435962 -0.899965 0.000000
vn  0.000000 0.000000 1.000000
vn  0.626778 -0.779198 0.000000
vn  0.000000 0.000000 1.000000
vn  0.778413 -0.627753 0.000000
vn  0.778413 -0.627753 0.000000
vn  0.000000 0.000000 1.000000
vn  0.883310 -0.468789 0.000000
vn  0.000000 0.000000 1.000000
vn  0.957024 -0.290008 0.000000
vn  0.957024 -0.290008 0.000000
vn  0.000000 0.000000 1.000000
vn  0.990292 -0.139006 0.000000
vn  0.000000 0.000000 1.000000
vn  -0.983020 0.183497 0.000000
vn  -0.986394 0.164399 0.000000
vn  0.000000 0.000000 1.000000
vn  -0.986394 0.164399 0.000000
vn  -0.986394 0.164399 0.000000
vn  0.000000 0.000000 1.000000
vn  -0.994880 0.101060 0.000000
vn  0.000000 0.000000 1.000000
vn  -0.999968 0.007999 0.000000
vn  -0.999968 0.007999 0.000000
vn  0.000000 0.000000 1.000000
vn  -0.996589 -0.082527 0.000000
vn  0.000000 0.000000 1.000000
vn  -0.981883 -0.189487 0.000000
vn  -0.986394 -0.164399 0.000000
vn  0.000000 0.000000 1.000000
vn  -0.126964 0.991907 0.000000
vn  -0.981883 -0.189487 0.000000
vn  0.000000 0.000000 1.000000
vn  0.982661 0.185410 0.000000
vn  -0.126964 0.991907 0.000000
vn  0.000000 0.000000 1.000000
vn  0.988372 0.152056 0.000000
vn  0.982661 0.185410 0.000000
vn  0.000000 0.000000 1.000000
vn  -0.762294 0.647231 0.000000
vn  0.988372 0.152056 0.000000
vn  0.000000 0.000000 1.000000
vn  -0.762294 0.647231 0.000000
vn  -0.762294 0.647231 0.000000
vn  0.000000 0.000000 1.000000
vn  -0.414941 0.909848 0.000000
vn  0.000000 0.000000 1.000000
vn  -0.209353 0.977840 0.000000
vn  0.000000 0.000000 1.000000
vn  -0.004717 0.999989 0.000000
vn  -0.004717 0.999989 0.000000
vn  0.000000 0.000000 1.000000
vn  0.514411 0.857544 0.000000
vn  0.000000 0.000000 1.000000
vn  0.731170 0.682195 0.000000
vn  0.000000 0.000000 1.000000
vn  0.894426 0.447215 0.000000
vn  0.883788 0.467887 0.000000
vn  0.000000 0.000000 1.000000
vn  -0.816967 0.576684 0.000000
vn  0.894426 0.447215 0.000000
vn  0.000000 0.000000 1.000000
vn  -0.816967 0.576684 0.000000
vn  -0.816967 0.576684 0.000000
vn  0.000000 0.000000 1.000000
vn  -0.460565 0.887626 0.000000
vn  0.000000 0.000000 1.000000
vn  -0.232793 0.972526 0.000000
vn  0.000000 0.000000 1.000000
vn  0.000000 1.000000 0.000000
vn  0.000000 1.000000 0.000000
vn  0.000000 0.000000 1.000000
vn  0.199101 0.979979 0.000000
vn  0.000000 0.000000 1.000000
vn  0.396281 0.918129 0.000000
vn  0.000000 0.000000 1.000000
vn  0.727339 0.686279 0.000000
vn  0.727339 0.686279 0.000000
vn  0.000000 0.000000 1.000000
vn  0.933861 0.357635 0.000000
vn  0.000000 0.000000 1.000000
vn  0.983865 0.178910 0.000000
vn  0.000000 0.000000 1.000000
vn  0.999978 0.006622 0.000000
vn  0.999978 0.006622 0.000000
vn  0.000000 0.000000 1.000000
vn  0.997860 -0.065381 0.000000
vn  0.000000 0.000000 1.000000
vn  0.989950 -0.141421 0.000000
vn  0.991228 -0.132165 0.000000
vn  0.000000 0.000000 1.000000
vn  0.989950 -0.141421 0.000000
vn  0.989950 -0.141421 0.000000
vn  0.000000 0.000000 1.000000
vn  0.993173 -0.116648 0.000000
vn  0.000000 0.000000 1.000000
vn  0.996883 -0.078891 0.000000
vn  0.997054 -0.076697 0.000000
vn  0.000000 0.000000 1.000000
vn  0.000000 -1.000000 0.000000
vn  0.996883 -0.078891 0.000000
vn  0.000000 0.000000 1.000000
vn  -0.991712 0.128481 0.000000
vn  0.000000 -1.000000 0.000000
vn  0.000000 0.000000 1.000000
vn  -0.989253 0.146211 0.000000
vn  -0.991712 0.128481 0.000000
vn  0.000000 0.000000 1.000000
vn  -0.989253 0.146211 0.000000
vn  -0.989253 0.146211 0.000000
vn  0.000000 0.000000 1.000000
vn  -0.997097 0.076145 0.000000
vn  0.000000 0.000000 1.000000
vn  -0.999972 0.007519 0.000000
vn  -0.999972 0.007519 0.000000
vn  0.000000 0.000000 1.000000
vn  -0.979453 -0.201675 0.000000
vn  0.000000 0.000000 1.000000
vn  -0.906031 -0.423211 0.000000
vn  0.000000 0.000000 1.000000
vn  -0.588172 -0.808736 0.000000
vn  -0.588172 -0.808736 0.000000
vn  0.000000 0.000000 1.000000
vn  -0.304542 -0.952499 0.000000
vn  0.000000 0.000000 1.000000
vn  0.012120 -0.999927 0.000000
vn  0.012120 -0.999927 0.000000
vn  0.000000 0.000000 1.000000
vn  0.619286 -0.785165 0.000000
vn  0.000000 0.000000 1.000000
vn  0.838461 -0.544962 0.000000
vn  0.000000 0.000000 1.000000
vn  0.959811 -0.280646 0.000000
vn  0.959811 -0.280646 0.000000
vn  0.000000 0.000000 1.000000
vn  0.976482 -0.215599 0.000000
vn  0.000000 0.000000 1.000000
vn  0.986394 -0.164399 0.000000
vn  0.986394 -0.164399 0.000000
vn  0.000000 0.000000 1.000000
vn  0.993278 -0.115750 0.000000
vn  0.000000 0.000000 1.000000
vn  0.999363 -0.035692 0.000000
vn  0.999201 -0.039968 0.000000
vn  0.000000 0.000000 1.000000
vn  0.000000 -1.000000 0.000000
vn  0.999363 -0.035692 0.000000
vn  0.000000 0.000000 1.000000
vn  -0.992194 0.124702 0.000000
vn  0.000000 -1.000000 0.000000
vn  0.000000 0.000000 1.000000
vn  -0.989146 0.146938 0.000000
vn  -0.992194 0.124702 0.000000
vn  0.000000 0.000000 1.000000
vn  -0.989275 0.146067 0.000000
vn  -0.989146 0.146938 0.000000
vn  0.000000 0.000000 1.000000
vn  -0.989275 0.146067 0.000000
vn  -0.989275 0.146067 0.000000
vn  0.000000 0.000000 1.000000
vn  -0.997712 0.067600 0.000000
vn  0.000000 0.000000 1.000000
vn  -1.000000 0.000000 0.000000
vn  -1.000000 0.000000 0.000000
vn  0.000000 0.000000 1.000000
vn  -0.986276 -0.165102 0.000000
vn  0.000000 0.000000 1.000000
vn  -0.940174 -0.340695 0.000000
vn  0.000000 0.000000 1.000000
vn  -0.734803 -0.678281 0.000000
vn  -0.734803 -0.678281 0.000000
vn  0.000000 0.000000 1.000000
vn  -0.402329 -0.915495 0.000000
vn  0.000000 0.000000 1.000000
vn  -0.207007 -0.978339 0.000000
vn  0.000000 0.000000 1.000000
vn  -0.010525 -0.999945 0.000000
vn  -0.010525 -0.999945 0.000000
vn  0.000000 0.000000 1.000000
vn  0.214885 -0.976639 0.000000
vn  0.000000 0.000000 1.000000
vn  0.432731 -0.901523 0.000000
vn  0.432731 -0.901523 0.000000
vn  0.000000 0.000000 1.000000
vn  0.794911 -0.606726 0.000000
vn  0.000000 0.000000 1.000000
vn  0.906925 -0.421292 0.000000
vn  0.000000 0.000000 1.000000
vn  0.971628 -0.236515 0.000000
vn  0.971628 -0.236515 0.000000
vn  0.000000 0.000000 1.000000
vn  0.980876 -0.194635 0.000000
vn  0.000000 0.000000 1.000000
vn  0.988902 -0.148568 0.000000
vn  0.988619 -0.150441 0.000000
vn  0.000000 0.000000 1.000000
vn  0.988902 -0.148568 0.000000
vn  0.988902 -0.148568 0.000000
vn  0.000000 0.000000 1.000000
vn  0.993825 -0.110962 0.000000
vn  0.000000 0.000000 1.000000
vn  0.998299 -0.058295 0.000000
vn  0.997164 -0.075257 0.000000
vn  0.000000 0.000000 1.000000
vn  0.000000 -1.000000 0.000000
vn  0.998299 -0.058295 0.000000
vn  0.000000 0.000000 1.000000
vn  -0.983020 0.183497 0.000000
vn  0.000000 -1.000000 0.000000
vn  0.000000 0.000000 1.000000
vn  -0.983745 0.179573 0.000000
vn  -0.160071 0.987105 0.000000
vn  0.000000 0.000000 1.000000
vn  -0.160071 0.987105 0.000000
vn  -0.160071 0.987105 0.000000
vn  0.000000 0.000000 1.000000
vn  -0.080783 0.996732 0.000000
vn  0.000000 0.000000 1.000000
vn  0.000000 1.000000 0.000000
vn  0.000000 1.000000 0.000000
vn  0.000000 0.000000 1.000000
vn  0.114121 0.993467 0.000000
vn  0.000000 0.000000 1.000000
vn  0.224510 0.974472 0.000000
vn  0.224510 0.974472 0.000000
vn  0.000000 0.000000 1.000000
vn  0.612898 0.790162 0.000000
vn  0.000000 0.000000 1.000000
vn  0.904527 0.426416 0.000000
vn  0.000000 0.000000 1.000000
vn  0.999987 0.005181 0.000000
vn  0.999987 0.005181 0.000000
vn  0.000000 0.000000 1.000000
vn  0.997806 -0.066208 0.000000
vn  0.000000 0.000000 1.000000
vn  0.987763 -0.155963 0.000000
vn  0.995038 -0.099498 0.000000
vn  0.000000 0.000000 1.000000
vn  0.987763 -0.155963 0.000000
vn  0.987763 -0.155963 0.000000
vn  0.000000 0.000000 1.000000
vn  0.993320 -0.115396 0.000000
vn  0.000000 0.000000 1.000000
vn  0.999856 -0.016946 0.000000
vn  0.999232 -0.039187 0.000000
vn  0.000000 0.000000 1.000000
vn  0.000000 -1.000000 0.000000
vn  0.999856 -0.016946 0.000000
vn  0.000000 0.000000 1.000000
vn  -0.998052 -0.062382 0.000000
vn  0.000000 -1.000000 0.000000
vn  0.000000 0.000000 1.000000
vn  -0.999635 0.027020 0.000000
vn  -0.998052 -0.062382 0.000000
vn  0.000000 0.000000 1.000000
vn  0.671990 -0.740561 0.000000
vn  -0.999635 0.027020 0.000000
vn  0.000000 0.000000 1.000000
vn  0.671990 -0.740561 0.000000
vn  0.671990 -0.740561 0.000000
vn  0.000000 0.000000 1.000000
vn  0.364635 -0.931151 0.000000
vn  0.000000 0.000000 1.000000
vn  0.186910 -0.982377 0.000000
vn  0.000000 0.000000 1.000000
vn  0.005494 -0.999985 0.000000
vn  0.005494 -0.999985 0.000000
vn  0.000000 0.000000 1.000000
vn  -0.180509 -0.983573 0.000000
vn  0.000000 0.000000 1.000000
vn  -0.368214 -0.929741 0.000000
vn  0.000000 0.000000 1.000000
vn  -0.697783 -0.716310 0.000000
vn  -0.697783 -0.716310 0.000000
vn  0.000000 0.000000 1.000000
vn  -0.923887 -0.382664 0.000000
vn  0.000000 0.000000 1.000000
vn  -0.981346 -0.192249 0.000000
vn  0.000000 0.000000 1.000000
vn  -0.999986 -0.005291 0.000000
vn  -0.999986 -0.005291 0.000000
vn  0.000000 0.000000 1.000000
vn  -0.932992 0.359898 0.000000
vn  0.000000 0.000000 1.000000
vn  -0.850517 0.525948 0.000000
vn  0.000000 0.000000 1.000000
vn  -0.743541 0.668690 0.000000
vn  -0.743541 0.668690 0.000000
vn  0.000000 0.000000 1.000000
vn  -0.479813 0.877371 0.000000
vn  0.000000 0.000000 1.000000
vn  -0.330084 0.943951 0.000000
vn  0.000000 0.000000 1.000000
vn  -0.178885 0.983870 0.000000
vn  -0.178885 0.983870 0.000000
vn  0.000000 0.000000 1.000000
vn  -0.089178 0.996016 0.000000
vn  0.000000 0.000000 1.000000
vn  0.000000 1.000000 0.000000
vn  0.000000 1.000000 0.000000
vn  0.000000 0.000000 1.000000
vn  0.058974 0.998259 0.000000
vn  0.000000 0.000000 1.000000
vn  0.119145 0.992877 0.000000
vn  0.114624 0.993409 0.000000
vn  0.000000 0.000000 1.000000
vn  -0.994423 0.105468 0.000000
vn  0.119145 0.992877 0.000000
vn  0.000000 0.000000 1.000000
vn  -0.999721 -0.023617 0.000000
vn  -0.994423 0.105468 0.000000
vn  0.000000 0.000000 1.000000
vn  -0.994206 -0.107496 0.000000
vn  0.000000 0.000000 1.000000
vn  -0.981087 -0.193569 0.000000
vn  0.000000 0.000000 1.000000
vn  -0.959811 -0.280648 0.000000
vn  0.000000 0.000000 1.000000
vn  -0.930061 -0.367405 0.000000
vn  0.000000 0.000000 1.000000
vn  -0.891800 -0.452431 0.000000
vn  0.000000 0.000000 1.000000
vn  -0.845290 -0.534307 0.000000
vn  0.000000 0.000000 1.000000
vn  -0.791099 -0.611688 0.000000
vn  0.000000 0.000000 1.000000
vn  -0.730070 -0.683372 0.000000
vn  0.000000 0.000000 1.000000
vn  -0.663279 -0.748372 0.000000
vn  0.000000 0.000000 1.000000
vn  -0.591971 -0.805959 0.000000
vn  0.000000 0.000000 1.000000
vn  -0.517482 -0.855694 0.000000
vn  0.000000 0.000000 1.000000
vn  -0.441168 -0.897425 0.000000
vn  0.000000 0.000000 1.000000
vn  -0.383523 -0.923531 0.000000
vn  0.000000 0.000000 1.000000
vn  -0.326100 -0.945335 0.000000
vn  0.000000 0.000000 1.000000
vn  -0.269364 -0.963038 0.000000
vn  0.000000 0.000000 1.000000
vn  -0.213731 -0.976893 0.000000
vn  0.000000 0.000000 1.000000
vn  -0.159556 -0.987189 0.000000
vn  0.000000 0.000000 1.000000
vn  -0.107137 -0.994244 0.000000
vn  0.000000 0.000000 1.000000
vn  -0.056715 -0.998390 0.000000
vn  0.000000 0.000000 1.000000
vn  -0.008474 -0.999964 0.000000
vn  -0.008474 -0.999964 0.000000
vn  0.000000 0.000000 1.000000
vn  0.067991 -0.997686 0.000000
vn  0.000000 0.000000 1.000000
vn  0.157116 -0.987580 0.000000
vn  0.136637 -0.990621 0.000000
vn  0.000000 0.000000 1.000000
vn  -0.983745 0.179573 0.000000
vn  0.157116 -0.987580 0.000000
vn  0.000000 0.000000 1.000000
vn  -0.993346 0.115169 0.000000
vn  -0.173785 -0.984784 0.000000
vn  0.000000 0.000000 1.000000
vn  -0.173785 -0.984784 0.000000
vn  -0.173785 -0.984784 0.000000
vn  0.000000 0.000000 1.000000
vn  -0.051374 -0.998679 0.000000
vn  0.000000 0.000000 1.000000
vn  -0.006849 -0.999977 0.000000
vn  -0.006849 -0.999977 0.000000
vn  0.000000 0.000000 1.000000
vn  0.212987 -0.977055 0.000000
vn  0.000000 0.000000 1.000000
vn  0.451725 -0.892157 0.000000
vn  0.451725 -0.892157 0.000000
vn  0.000000 0.000000 1.000000
vn  0.669888 -0.742462 0.000000
vn  0.000000 0.000000 1.000000
vn  0.851879 -0.523739 0.000000
vn  0.000000 0.000000 1.000000
vn  0.999921 0.012577 0.000000
vn  0.999921 0.012577 0.000000
vn  0.000000 0.000000 1.000000
vn  0.981963 0.189071 0.000000
vn  0.000000 0.000000 1.000000
vn  0.928377 0.371641 0.000000
vn  0.000000 0.000000 1.000000
vn  0.711901 0.702280 0.000000
vn  0.711901 0.702280 0.000000
vn  0.000000 0.000000 1.000000
vn  0.370126 0.928981 0.000000
vn  0.000000 0.000000 1.000000
vn  0.178758 0.983893 0.000000
vn  0.000000 0.000000 1.000000
vn  -0.007519 0.999972 0.000000
vn  -0.007519 0.999972 0.000000
vn  0.000000 0.000000 1.000000
vn  -0.382811 0.923827 0.000000
vn  0.000000 0.000000 1.000000
vn  -0.552322 0.833631 0.000000
vn  0.000000 0.000000 1.000000
vn  -0.696475 0.717581 0.000000
vn  -0.696475 0.717581 0.000000
vn  0.000000 0.000000 1.000000
vn  -0.863417 0.504490 0.000000
vn  0.000000 0.000000 1.000000
vn  -0.964369 0.264561 0.000000
vn  -0.964369 0.264561 0.000000
vn  0.000000 0.000000 1.000000
vn  -0.979966 0.199166 0.000000
vn  0.000000 0.000000 1.000000
vn  -0.993346 0.115169 0.000000
vn  -0.991228 0.132164 0.000000
vn  0.000000 0.000000 1.000000
vn  -0.981588 0.191012 0.000000
vn  -0.981588 0.191012 0.000000
vn  0.000000 0.000000 1.000000
vn  -0.987902 0.155082 0.000000
vn  0.000000 0.000000 1.000000
vn  -0.990292 0.139002 0.000000
vn  0.000000 0.000000 1.000000
vn  -0.992847 0.119393 0.000000
vn  -0.990733 0.135827 0.000000
vn  0.000000 0.000000 1.000000
vn  -0.992847 0.119393 0.000000
vn  -0.992847 0.119393 0.000000
vn  0.000000 0.000000 1.000000
vn  -0.999027 0.044103 0.000000
vn  0.000000 0.000000 1.000000
vn  -0.999952 0.009803 0.000000
vn  -0.999952 0.009803 0.000000
vn  0.000000 0.000000 1.000000
vn  -0.997547 -0.069998 0.000000
vn  0.000000 0.000000 1.000000
vn  -0.985098 -0.171997 0.000000
vn  -0.988798 -0.149257 0.000000
vn  0.000000 0.000000 1.000000
vn  -0.122155 0.992511 0.000000
vn  -0.985098 -0.171997 0.000000
vn  0.000000 0.000000 1.000000
vn  0.986394 0.164401 0.000000
vn  -0.122155 0.992511 0.000000
vn  0.000000 0.000000 1.000000
vn  0.994782 0.102027 0.000000
vn  0.986394 0.164401 0.000000
vn  0.000000 0.000000 1.000000
vn  -0.719847 0.694133 0.000000
vn  0.994782 0.102027 0.000000
vn  0.000000 0.000000 1.000000
vn  -0.719847 0.694133 0.000000
vn  -0.719847 0.694133 0.000000
vn  0.000000 0.000000 1.000000
vn  -0.386067 0.922471 0.000000
vn  0.000000 0.000000 1.000000
vn  -0.198241 0.980153 0.000000
vn  0.000000 0.000000 1.000000
vn  0.060494 0.998169 0.000000
vn  -0.015150 0.999885 0.000000
vn  0.000000 0.000000 1.000000
vn  0.996865 -0.079117 0.000000
vn  0.060494 0.998169 0.000000
vn  0.000000 0.000000 1.000000
vn  -0.027767 -0.999614 0.000000
vn  0.996865 -0.079117 0.000000
vn  0.000000 0.000000 1.000000
vn  -0.027767 -0.999614 0.000000
vn  -0.027767 -0.999614 0.000000
vn  0.000000 0.000000 1.000000
vn  0.365921 -0.930646 0.000000
vn  0.000000 0.000000 1.000000
vn  0.738657 -0.674082 0.000000
vn  0.000000 0.000000 1.000000
vn  0.959146 -0.282912 0.000000
vn  0.959146 -0.282912 0.000000
vn  0.000000 0.000000 1.000000
vn  0.979582 -0.201044 0.000000
vn  0.000000 0.000000 1.000000
vn  0.990257 -0.139255 0.000000
vn  0.993884 -0.110425 0.000000
vn  0.000000 0.000000 1.000000
vn  0.994153 -0.107979 0.000000
vn  0.990257 -0.139255 0.000000
vn  0.000000 0.000000 1.000000
vn  0.995946 -0.089958 0.000000
vn  0.994153 -0.107979 0.000000
vn  0.000000 0.000000 1.000000
vn  0.997290 -0.073569 0.000000
vn  0.995946 -0.089958 0.000000
vn  0.000000 0.000000 1.000000
vn  0.000000 -1.000000 0.000000
vn  0.997290 -0.073569 0.000000
vn  0.000000 0.000000 1.000000
vn  -0.981588 0.191012 0.000000
vn  0.000000 -1.000000 0.000000
vn  0.000000 0.000000 1.000000
vn  -0.976317 0.216344 0.000000
vn  -0.976317 0.216344 0.000000
vn  0.000000 0.000000 1.000000
vn  -0.979870 0.199638 0.000000
vn  0.000000 0.000000 1.000000
vn  -0.982428 0.186644 0.000000
vn  0.000000 0.000000 1.000000
vn  -0.984326 0.176356 0.000000
vn  0.000000 0.000000 1.000000
vn  -0.985770 0.168102 0.000000
vn  0.000000 0.000000 1.000000
vn  -0.986887 0.161415 0.000000
vn  0.000000 0.000000 1.000000
vn  -0.987763 0.155960 0.000000
vn  0.000000 0.000000 1.000000
vn  -0.988459 0.151491 0.000000
vn  0.000000 0.000000 1.000000
vn  -0.989014 0.147823 0.000000
vn  0.000000 0.000000 1.000000
vn  -0.989459 0.144816 0.000000
vn  0.000000 0.000000 1.000000
vn  -0.989815 0.142358 0.000000
vn  0.000000 0.000000 1.000000
vn  -0.990100 0.140363 0.000000
vn  0.000000 0.000000 1.000000
vn  -0.990326 0.138762 0.000000
vn  0.000000 0.000000 1.000000
vn  -0.990502 0.137499 0.000000
vn  0.000000 0.000000 1.000000
vn  -0.990636 0.136527 0.000000
vn  0.000000 0.000000 1.000000
vn  -0.990735 0.135808 0.000000
vn  0.000000 0.000000 1.000000
vn  -0.990803 0.135311 0.000000
vn  0.000000 0.000000 1.000000
vn  -0.990844 0.135009 0.000000
vn  0.000000 0.000000 1.000000
vn  -0.990862 0.134879 0.000000
vn  0.000000 0.000000 1.000000
vn  -0.990859 0.134903 0.000000
vn  0.000000 0.000000 1.000000
vn  -0.990837 0.135063 0.000000
vn  0.000000 0.000000 1.000000
vn  -0.990798 0.135346 0.000000
vn  -0.990798 0.135346 0.000000
vn  0.000000 0.000000 1.000000
vn  -0.991792 0.127859 0.000000
vn  0.000000 0.000000 1.000000
vn  -0.993103 0.117248 0.000000
vn  0.000000 0.000000 1.000000
vn  -0.994838 0.101481 0.000000
vn  0.000000 0.000000 1.000000
vn  -0.997086 0.076284 0.000000
vn  0.000000 0.000000 1.000000
vn  -0.999917 -0.012901 0.000000
vn  -0.999522 0.030911 0.000000
vn  0.000000 0.000000 1.000000
vn  0.000000 1.000000 0.000000
vn  -0.999917 -0.012901 0.000000
vn  0.000000 0.000000 1.000000
vn  0.998169 -0.060492 0.000000
vn  0.000000 1.000000 0.000000
vn  0.000000 0.000000 1.000000
vn  -0.100610 -0.994926 0.000000
vn  0.998169 -0.060492 0.000000
vn  0.000000 0.000000 1.000000
vn  -0.034168 -0.999416 0.000000
vn  -0.100610 -0.994926 0.000000
vn  0.000000 0.000000 1.000000
vn  -0.006309 -0.999980 0.000000
vn  -0.034168 -0.999416 0.000000
vn  0.000000 0.000000 1.000000
vn  0.991600 -0.129339 0.000000
vn  -0.006309 -0.999980 0.000000
vn  0.000000 0.000000 1.000000
vn  0.991735 -0.128301 0.000000
vn  0.991600 -0.129339 0.000000
vn  0.000000 0.000000 1.000000
vn  0.992423 -0.122871 0.000000
vn  0.991735 -0.128301 0.000000
vn  0.000000 0.000000 1.000000
vn  0.006826 0.999977 0.000000
vn  0.992423 -0.122871 0.000000
vn  0.000000 0.000000 1.000000
vn  0.006826 0.999977 0.000000
vn  0.006826 0.999977 0.000000
vn  0.000000 0.000000 1.000000
vn  -0.034560 0.999403 0.000000
vn  0.000000 0.000000 1.000000
vn  -0.174691 0.984623 0.000000
vn  -0.149806 0.988715 0.000000
vn  0.000000 0.000000 1.000000
vn  0.982339 -0.187111 0.000000
vn  -0.174691 0.984623 0.000000
vn  0.000000 0.000000 1.000000
vn  -0.068541 -0.997648 0.000000
vn  0.982339 -0.187111 0.000000
vn  0.000000 0.000000 1.000000
vn  -0.016127 -0.999870 0.000000
vn  -0.068541 -0.997648 0.000000
vn  0.000000 0.000000 1.000000
vn  -0.016127 -0.999870 0.000000
vn  -0.016127 -0.999870 0.000000
vn  0.000000 0.000000 1.000000
vn  0.989781 -0.142596 0.000000
vn  -0.016127 -0.999870 0.000000
vn  0.000000 0.000000 1.000000
vn  0.991029 -0.133650 0.000000
vn  0.989781 -0.142596 0.000000
vn  0.000000 0.000000 1.000000
vn  0.987613 -0.156911 0.000000
vn  0.991029 -0.133650 0.000000
vn  0.000000 0.000000 1.000000
vn  0.000000 1.000000 0.000000
vn  0.987613 -0.156911 0.000000
vn  0.000000 0.000000 1.000000
vn  0.000000 1.000000 0.000000
vn  0.000000 1.000000 0.000000
vn  0.000000 0.000000 1.000000
vn  -0.027283 0.999628 0.000000
vn  0.000000 0.000000 1.000000
vn  -0.081034 0.996711 0.000000
vn  -0.090535 0.995893 0.000000
vn  0.000000 0.000000 1.000000
vn  0.978234 -0.207503 0.000000
vn  -0.081034 0.996711 0.000000
vn  0.000000 0.000000 1.000000
vn  0.000000 -1.000000 0.000000
vn  0.978234 -0.207503 0.000000
vn  0.000000 0.000000 1.000000
vn  -0.976317 0.216344 0.000000
vn  0.000000 -1.000000 0.000000
vn  0.000000 0.000000 1.000000
vn  -0.991557 0.129668 0.000000
vn  0.230027 0.973184 0.000000
vn  0.000000 0.000000 1.000000
vn  0.221621 0.975133 0.000000
vn  0.230027 0.973184 0.000000
vn  0.000000 0.000000 1.000000
vn  0.221621 0.975133 0.000000
vn  0.221621 0.975133 0.000000
vn  0.000000 0.000000 1.000000
vn  0.106112 0.994354 0.000000
vn  0.000000 0.000000 1.000000
vn  0.007042 0.999975 0.000000
vn  0.007042 0.999975 0.000000
vn  0.000000 0.000000 1.000000
vn  -0.263082 0.964773 0.000000
vn  0.000000 0.000000 1.000000
vn  -0.545880 0.837863 0.000000
vn  -0.545880 0.837863 0.000000
vn  0.000000 0.000000 1.000000
vn  -0.731719 0.681606 0.000000
vn  0.000000 0.000000 1.000000
vn  -0.880608 0.473845 0.000000
vn  0.000000 0.000000 1.000000
vn  -0.999960 -0.008928 0.000000
vn  -0.999960 -0.008928 0.000000
vn  0.000000 0.000000 1.000000
vn  -0.988207 -0.153124 0.000000
vn  0.000000 0.000000 1.000000
vn  -0.953584 -0.301126 0.000000
vn  -0.953584 -0.301126 0.000000
vn  0.000000 0.000000 1.000000
vn  -0.889934 -0.456090 0.000000
vn  0.000000 0.000000 1.000000
vn  -0.800001 -0.599999 0.000000
vn  -0.800001 -0.599999 0.000000
vn  0.000000 0.000000 1.000000
vn  -0.746069 -0.665869 0.000000
vn  0.000000 0.000000 1.000000
vn  -0.680450 -0.732795 0.000000
vn  -0.685371 -0.728194 0.000000
vn  0.000000 0.000000 1.000000
vn  -0.680450 -0.732795 0.000000
vn  -0.680450 -0.732795 0.000000
vn  0.000000 0.000000 1.000000
vn  -0.714681 -0.699451 0.000000
vn  0.000000 0.000000 1.000000
vn  -0.751164 -0.660116 0.000000
vn  -0.751164 -0.660116 0.000000
vn  0.000000 0.000000 1.000000
vn  -0.799468 -0.600709 0.000000
vn  0.000000 0.000000 1.000000
vn  -0.841975 -0.539516 0.000000
vn  -0.841975 -0.539516 0.000000
vn  0.000000 0.000000 1.000000
vn  -0.956427 -0.291972 0.000000
vn  0.000000 0.000000 1.000000
vn  -1.000000 0.000000 0.000000
vn  -1.000000 0.000000 0.000000
vn  0.000000 0.000000 1.000000
vn  -0.978671 0.205432 0.000000
vn  0.000000 0.000000 1.000000
vn  -0.911873 0.410473 0.000000
vn  0.000000 0.000000 1.000000
vn  -0.659325 0.751858 0.000000
vn  -0.659325 0.751858 0.000000
vn  0.000000 0.000000 1.000000
vn  -0.410217 0.911988 0.000000
vn  0.000000 0.000000 1.000000
vn  -0.140267 0.990114 0.000000
vn  -0.140267 0.990114 0.000000
vn  0.000000 0.000000 1.000000
vn  -0.068374 0.997660 0.000000
vn  0.000000 0.000000 1.000000
vn  0.000000 1.000000 0.000000
vn  0.000000 1.000000 0.000000
vn  0.000000 0.000000 1.000000
vn  0.120788 0.992678 0.000000
vn  0.000000 0.000000 1.000000
vn  0.255892 0.966705 0.000000
vn  0.236670 0.971590 0.000000
vn  0.000000 0.000000 1.000000
vn  0.986789 -0.162011 0.000000
vn  0.255892 0.966705 0.000000
vn  0.000000 0.000000 1.000000
vn  -0.255154 -0.966901 0.000000
vn  0.986789 -0.162011 0.000000
vn  0.000000 0.000000 1.000000
vn  -0.255154 -0.966901 0.000000
vn  -0.255154 -0.966901 0.000000
vn  0.000000 0.000000 1.000000
vn  -0.121815 -0.992553 0.000000
vn  0.000000 0.000000 1.000000
vn  0.007407 -0.999973 0.000000
vn  0.007407 -0.999973 0.000000
vn  0.000000 0.000000 1.000000
vn  0.277890 -0.960613 0.000000
vn  0.000000 0.000000 1.000000
vn  0.560308 -0.828285 0.000000
vn  0.560308 -0.828285 0.000000
vn  0.000000 0.000000 1.000000
vn  0.737623 -0.675213 0.000000
vn  0.000000 0.000000 1.000000
vn  0.881299 -0.472559 0.000000
vn  0.000000 0.000000 1.000000
vn  1.000000 0.000000 0.000000
vn  1.000000 0.000000 0.000000
vn  0.000000 0.000000 1.000000
vn  0.986694 0.162590 0.000000
vn  0.000000 0.000000 1.000000
vn  0.973839 0.227239 0.000000
vn  0.943854 0.330363 0.000000
vn  0.000000 0.000000 1.000000
vn  0.916702 0.399573 0.000000
vn  0.000000 0.000000 1.000000
vn  0.825304 0.564689 0.000000
vn  0.825304 0.564689 0.000000
vn  0.000000 0.000000 1.000000
vn  0.750486 0.660886 0.000000
vn  0.000000 0.000000 1.000000
vn  0.684510 0.729004 0.000000
vn  0.664363 0.747410 0.000000
vn  0.000000 0.000000 1.000000
vn  0.684510 0.729004 0.000000
vn  0.684510 0.729004 0.000000
vn  0.000000 0.000000 1.000000
vn  0.754293 0.656538 0.000000
vn  0.000000 0.000000 1.000000
vn  0.788313 0.615274 0.000000
vn  0.788313 0.615274 0.000000
vn  0.000000 0.000000 1.000000
vn  0.874324 0.485342 0.000000
vn  0.000000 0.000000 1.000000
vn  0.941480 0.337070 0.000000
vn  0.941480 0.337070 0.000000
vn  0.000000 0.000000 1.000000
vn  0.985547 0.169403 0.000000
vn  0.000000 0.000000 1.000000
vn  0.999981 0.006172 0.000000
vn  0.999981 0.006172 0.000000
vn  0.000000 0.000000 1.000000
vn  0.900223 -0.435428 0.000000
vn  0.000000 0.000000 1.000000
vn  0.777610 -0.628747 0.000000
vn  0.000000 0.000000 1.000000
vn  0.622584 -0.782553 0.000000
vn  0.622584 -0.782553 0.000000
vn  0.000000 0.000000 1.000000
vn  0.312233 -0.950006 0.000000
vn  0.000000 0.000000 1.000000
vn  0.153565 -0.988139 0.000000
vn  0.000000 0.000000 1.000000
vn  0.004425 -0.999990 0.000000
vn  0.004425 -0.999990 0.000000
vn  0.000000 0.000000 1.000000
vn  -0.120962 -0.992657 0.000000
vn  0.000000 0.000000 1.000000
vn  -0.270065 -0.962842 0.000000
vn  -0.242535 -0.970143 0.000000
vn  0.000000 0.000000 1.000000
vn  -0.991557 0.129668 0.000000
vn  -0.270065 -0.962842 0.000000
vn  0.000000 0.000000 1.000000
vn  -0.991557 0.129668 0.000000
vn  0.230027 0.973184 0.000000
vn  0.000000 0.000000 1.000000
vn  0.221621 0.975133 0.000000
vn  0.230027 0.973184 0.000000
vn  0.000000 0.000000 1.000000
vn  0.221621 0.975133 0.000000
vn  0.221621 0.975133 0.000000
vn  0.000000 0.000000 1.000000
vn  0.106112 0.994354 0.000000
vn  0.000000 0.000000 1.000000
vn  0.007042 0.999975 0.000000
vn  0.007042 0.999975 0.000000
vn  0.000000 0.000000 1.000000
vn  -0.263082 0.964773 0.000000
vn  0.000000 0.000000 1.000000
vn  -0.545880 0.837863 0.000000
vn  -0.545880 0.837863 0.000000
vn  0.000000 0.000000 1.000000
vn  -0.731719 0.681606 0.000000
vn  0.000000 0.000000 1.000000
vn  -0.880608 0.473845 0.000000
vn  0.000000 0.000000 1.000000
vn  -0.999960 -0.008928 0.000000
vn  -0.999960 -0.008928 0.000000
vn  0.000000 0.000000 1.000000
vn  -0.988207 -0.153124 0.000000
vn  0.000000 0.000000 1.000000
vn  -0.953584 -0.301126 0.000000
vn  -0.953584 -0.301126 0.000000
vn  0.000000 0.000000 1.000000
vn  -0.889934 -0.456090 0.000000
vn  0.000000 0.000000 1.000000
vn  -0.800001 -0.599999 0.000000
vn  -0.800001 -0.599999 0.000000
vn  0.000000 0.000000 1.000000
vn  -0.746069 -0.665869 0.000000
vn  0.000000 0.000000 1.000000
vn  -0.680450 -0.732795 0.000000
vn  -0.685371 -0.728194 0.000000
vn  0.000000 0.000000 1.000000
vn  -0.680450 -0.732795 0.000000
vn  -0.680450 -0.732795 0.000000
vn  0.000000 0.000000 1.000000
vn  -0.714681 -0.699451 0.000000
vn  0.000000 0.000000 1.000000
vn  -0.751164 -0.660116 0.000000
vn  -0.751164 -0.660116 0.000000
vn  0.000000 0.000000 1.000000
vn  -0.799468 -0.600709 0.000000
vn  0.000000 0.000000 1.000000
vn  -0.841975 -0.539516 0.000000
vn  -0.841975 -0.539516 0.000000
vn  0.000000 0.000000 1.000000
vn  -0.956427 -0.291972 0.000000
vn  0.000000 0.000000 1.000000
vn  -1.000000 0.000000 0.000000
vn  -1.000000 0.000000 0.000000
vn  0.000000 0.000000 1.000000
vn  -0.978671 0.205433 0.000000
vn  0.000000 0.000000 1.000000
vn  -0.911872 0.410474 0.000000
vn  0.000000 0.000000 1.000000
vn  -0.659322 0.751860 0.000000
vn  -0.659322 0.751860 0.000000
vn  0.000000 0.000000 1.000000
vn  -0.410217 0.911988 0.000000
vn  0.000000 0.000000 1.000000
vn  -0.140267 0.990114 0.000000
vn  -0.140267 0.990114 0.000000
vn  0.000000 0.000000 1.000000
vn  -0.068374 0.997660 0.000000
vn  0.000000 0.000000 1.000000
vn  0.000000 1.000000 0.000000
vn  0.000000 1.000000 0.000000
vn  0.000000 0.000000 1.000000
vn  0.120788 0.992678 0.000000
vn  0.000000 0.000000 1.000000
vn  0.255892 0.966705 0.000000
vn  0.236670 0.971590 0.000000
vn  0.000000 0.000000 1.000000
vn  0.986789 -0.162011 0.000000
vn  0.255892 0.966705 0.000000
vn  0.000000 0.000000 1.000000
vn  -0.255154 -0.966901 0.000000
vn  0.986789 -0.162011 0.000000
vn  0.000000 0.000000 1.000000
vn  -0.255154 -0.966901 0.000000
vn  -0.255154 -0.966901 0.000000
vn  0.000000 0.000000 1.000000
vn  -0.121815 -0.992553 0.000000
vn  0.000000 0.000000 1.000000
vn  0.007407 -0.999973 0.000000
vn  0.007407 -0.999973 0.000000
vn  0.000000 0.000000 1.000000
vn  0.277890 -0.960613 0.000000
vn  0.000000 0.000000 1.000000
vn  0.560308 -0.828285 0.000000
vn  0.560308 -0.828285 0.000000
vn  0.000000 0.000000 1.000000
vn  0.737623 -0.675213 0.000000
vn  0.000000 0.000000 1.000000
vn  0.881299 -0.472559 0.000000
vn  0.000000 0.000000 1.000000
vn  1.000000 0.000000 0.000000
vn  1.000000 0.000000 0.000000
vn  0.000000 0.000000 1.000000
vn  0.986694 0.162590 0.000000
vn  0.000000 0.000000 1.000000
vn  0.973839 0.227239 0.000000
vn  0.943854 0.330363 0.000000
vn  0.000000 0.000000 1.000000
vn  0.916702 0.399573 0.000000
vn  0.000000 0.000000 1.000000
vn  0.825304 0.564689 0.000000
vn  0.825304 0.564689 0.000000
vn  0.000000 0.000000 1.000000
vn  0.750486 0.660886 0.000000
vn  0.000000 0.000000 1.000000
vn  0.684510 0.729004 0.000000
vn  0.664363 0.747410 0.000000
vn  0.000000 0.000000 1.000000
vn  0.684510 0.729004 0.000000
vn  0.684510 0.729004 0.000000
vn  0.000000 0.000000 1.000000
vn  0.754293 0.656538 0.000000
vn  0.000000 0.000000 1.000000
vn  0.788313 0.615274 0.000000
vn  0.788313 0.615274 0.000000
vn  0.000000 0.000000 1.000000
vn  0.874324 0.485342 0.000000
vn  0.000000 0.000000 1.000000
vn  0.941480 0.337070 0.000000
vn  0.941480 0.337070 0.000000
vn  0.000000 0.000000 1.000000
vn  0.985547 0.169403 0.000000
vn  0.000000 0.000000 1.000000
vn  0.999981 0.006172 0.000000
vn  0.999981 0.006172 0.000000
vn  0.000000 0.000000 1.000000
vn  0.900223 -0.435428 0.000000
vn  0.000000 0.000000 1.000000
vn  0.777610 -0.628747 0.000000
vn  0.000000 0.000000 1.000000
vn  0.622584 -0.782553 0.000000
vn  0.622584 -0.782553 0.000000
vn  0.000000 0.000000 1.000000
vn  0.312233 -0.950006 0.000000
vn  0.000000 0.000000 1.000000
vn  0.153565 -0.988139 0.000000
vn  0.000000 0.000000 1.000000
vn  0.004425 -0.999990 0.000000
vn  0.004425 -0.999990 0.000000
vn  0.000000 0.000000 1.000000
vn  -0.120962 -0.992657 0.000000
vn  0.000000 0.000000 1.000000
vn  -0.270065 -0.962842 0.000000
vn  -0.242535 -0.970143 0.000000
vn  0.000000 0.000000 1.000000
vn  -0.991557 0.129668 0.000000
vn  -0.270065 -0.962842 0.000000
vn  0.000000 0.000000 1.000000
vn  -0.896939 0.442154 0.000000
vn  -0.908007 0.418955 0.000000
vn  0.000000 0.000000 1.000000
vn  -0.908084 0.418787 0.000000
vn  -0.908007 0.418955 0.000000
vn  0.000000 0.000000 1.000000
vn  -0.908084 0.418787 0.000000
vn  -0.908084 0.418787 0.000000
vn  0.000000 0.000000 1.000000
vn  -0.941616 0.336688 0.000000
vn  0.000000 0.000000 1.000000
vn  -0.962649 0.270751 0.000000
vn  -0.956674 0.291160 0.000000
vn  0.000000 0.000000 1.000000
vn  -0.254494 0.967074 0.000000
vn  -0.962649 0.270751 0.000000
vn  0.000000 0.000000 1.000000
vn  0.999222 0.039441 0.000000
vn  -0.254494 0.967074 0.000000
vn  0.000000 0.000000 1.000000
vn  0.999222 0.039441 0.000000
vn  0.999222 0.039441 0.000000
vn  0.000000 0.000000 1.000000
vn  0.995630 0.093389 0.000000
vn  0.000000 0.000000 1.000000
vn  0.991904 0.126986 0.000000
vn  0.000000 0.000000 1.000000
vn  0.989050 0.147579 0.000000
vn  0.000000 0.000000 1.000000
vn  0.987223 0.159343 0.000000
vn  0.000000 0.000000 1.000000
vn  0.986324 0.164816 0.000000
vn  0.986324 0.164816 0.000000
vn  0.000000 0.000000 1.000000
vn  0.983779 0.179387 0.000000
vn  0.000000 0.000000 1.000000
vn  0.978350 0.206957 0.000000
vn  0.980233 0.197846 0.000000
vn  0.000000 0.000000 1.000000
vn  0.973252 0.229739 0.000000
vn  0.978350 0.206957 0.000000
vn  0.000000 0.000000 1.000000
vn  0.000000 -1.000000 0.000000
vn  0.973252 0.229739 0.000000
vn  0.000000 0.000000 1.000000
vn  -0.985692 -0.168558 0.000000
vn  0.000000 -1.000000 0.000000
vn  0.000000 0.000000 1.000000
vn  -0.982824 -0.184546 0.000000
vn  -0.985692 -0.168558 0.000000
vn  0.000000 0.000000 1.000000
vn  0.000000 -1.000000 0.000000
vn  -0.982824 -0.184546 0.000000
vn  0.000000 0.000000 1.000000
vn  0.920662 -0.390361 0.000000
vn  0.000000 -1.000000 0.000000
vn  0.000000 0.000000 1.000000
vn  0.920662 -0.390361 0.000000
vn  0.920662 -0.390361 0.000000
vn  0.000000 0.000000 1.000000
vn  0.935554 -0.353184 0.000000
vn  0.000000 0.000000 1.000000
vn  0.951527 -0.307567 0.000000
vn  0.943859 -0.330348 0.000000
vn  0.000000 0.000000 1.000000
vn  0.000000 -1.000000 0.000000
vn  0.951527 -0.307567 0.000000
vn  0.000000 0.000000 1.000000
vn  -0.896939 0.442154 0.000000
vn  0.000000 -1.000000 0.000000
vn  0.000000 0.000000 1.000000
vn  0.901412 -0.432962 0.000000
vn  0.000000 1.000000 0.000000
vn  0.000000 0.000000 1.000000
vn  -0.988103 -0.153792 0.000000
vn  0.000000 1.000000 0.000000
vn  0.000000 0.000000 1.000000
vn  -0.989241 -0.146295 0.000000
vn  -0.988103 -0.153792 0.000000
vn  0.000000 0.000000 1.000000
vn  -0.989517 -0.144415 0.000000
vn  -0.989241 -0.146295 0.000000
vn  0.000000 0.000000 1.000000
vn  0.917783 -0.397082 0.000000
vn  -0.989517 -0.144415 0.000000
vn  0.000000 0.000000 1.000000
vn  0.917783 -0.397082 0.000000
vn  0.917783 -0.397082 0.000000
vn  0.000000 0.000000 1.000000
vn  0.914870 -0.403749 0.000000
vn  0.000000 0.000000 1.000000
vn  0.910930 -0.412562 0.000000
vn  0.000000 0.000000 1.000000
vn  0.901412 -0.432962 0.000000
vn  0.905066 -0.425271 0.000000
vn  0.000000 0.000000 1.000000
vn  -0.978181 0.207755 0.000000
vn  -0.978181 0.207755 0.000000
vn  0.000000 0.000000 1.000000
vn  -0.986169 0.165744 0.000000
vn  0.000000 0.000000 1.000000
vn  -0.990429 0.138024 0.000000
vn  -0.989461 0.144799 0.000000
vn  0.000000 0.000000 1.000000
vn  -0.990429 0.138024 0.000000
vn  -0.990429 0.138024 0.000000
vn  0.000000 0.000000 1.000000
vn  -0.993050 0.117693 0.000000
vn  0.000000 0.000000 1.000000
vn  -0.994694 0.102881 0.000000
vn  0.000000 0.000000 1.000000
vn  -0.999829 0.018514 0.000000
vn  -0.995349 0.096330 0.000000
vn  0.000000 0.000000 1.000000
vn  -0.998425 -0.056096 0.000000
vn  -0.999829 0.018514 0.000000
vn  0.000000 0.000000 1.000000
vn  0.000000 1.000000 0.000000
vn  -0.998425 -0.056096 0.000000
vn  0.000000 0.000000 1.000000
vn  0.978931 -0.204191 0.000000
vn  0.000000 1.000000 0.000000
vn  0.000000 0.000000 1.000000
vn  0.978931 -0.204191 0.000000
vn  0.978931 -0.204191 0.000000
vn  0.000000 0.000000 1.000000
vn  0.986098 -0.166167 0.000000
vn  0.000000 0.000000 1.000000
vn  0.990985 -0.133969 0.000000
vn  0.993061 -0.117602 0.000000
vn  0.000000 0.000000 1.000000
vn  0.989949 -0.141422 0.000000
vn  0.990985 -0.133969 0.000000
vn  0.000000 0.000000 1.000000
vn  0.004630 0.999989 0.000000
vn  0.989949 -0.141422 0.000000
vn  0.000000 0.000000 1.000000
vn  0.004630 0.999989 0.000000
vn  0.004630 0.999989 0.000000
vn  0.000000 0.000000 1.000000
vn  -0.038975 0.999240 0.000000
vn  0.000000 0.000000 1.000000
vn  -0.067414 0.997725 0.000000
vn  -0.078961 0.996878 0.000000
vn  0.000000 0.000000 1.000000
vn  0.975133 -0.221619 0.000000
vn  -0.067414 0.997725 0.000000
vn  0.000000 0.000000 1.000000
vn  0.000000 -1.000000 0.000000
vn  0.975133 -0.221619 0.000000
vn  0.000000 0.000000 1.000000
vn  -0.978181 0.207755 0.000000
vn  0.000000 -1.000000 0.000000
vn  0.000000 0.000000 1.000000
vn  -0.977227 0.212197 0.000000
vn  -0.986226 0.165402 0.000000
vn  0.000000 0.000000 1.000000
vn  -0.986226 0.165402 0.000000
vn  -0.986226 0.165402 0.000000
vn  0.000000 0.000000 1.000000
vn  -0.986982 0.160830 0.000000
vn  0.000000 0.000000 1.000000
vn  -0.988060 0.154071 0.000000
vn  0.000000 0.000000 1.000000
vn  -0.989799 0.142468 0.000000
vn  -0.989799 0.142468 0.000000
vn  0.000000 0.000000 1.000000
vn  -0.995459 0.095194 0.000000
vn  0.000000 0.000000 1.000000
vn  -0.999527 0.030753 0.000000
vn  -0.999289 0.037707 0.000000
vn  0.000000 0.000000 1.000000
vn  0.000000 1.000000 0.000000
vn  -0.999527 0.030753 0.000000
vn  0.000000 0.000000 1.000000
vn  0.982519 0.186162 0.000000
vn  0.000000 1.000000 0.000000
vn  0.000000 0.000000 1.000000
vn  0.982519 0.186162 0.000000
vn  0.982519 0.186162 0.000000
vn  0.000000 0.000000 1.000000
vn  0.978823 0.204710 0.000000
vn  0.000000 0.000000 1.000000
vn  0.976297 0.216433 0.000000
vn  0.972807 0.231618 0.000000
vn  0.000000 0.000000 1.000000
vn  0.976297 0.216433 0.000000
vn  0.976297 0.216433 0.000000
vn  0.000000 0.000000 1.000000
vn  0.983169 0.182696 0.000000
vn  0.000000 0.000000 1.000000
vn  0.987896 0.155121 0.000000
vn  0.985520 0.169557 0.000000
vn  0.000000 0.000000 1.000000
vn  -0.924856 0.380317 0.000000
vn  0.987896 0.155121 0.000000
vn  0.000000 0.000000 1.000000
vn  -0.918438 0.395564 0.000000
vn  -0.924856 0.380317 0.000000
vn  0.000000 0.000000 1.000000
vn  -0.908785 0.417264 0.000000
vn  -0.918438 0.395564 0.000000
vn  0.000000 0.000000 1.000000
vn  -0.908785 0.417264 0.000000
vn  -0.908785 0.417264 0.000000
vn  0.000000 0.000000 1.000000
vn  -0.905476 0.424397 0.000000
vn  0.000000 0.000000 1.000000
vn  -0.902685 0.430303 0.000000
vn  0.000000 0.000000 1.000000
vn  -0.900491 0.434875 0.000000
vn  0.000000 0.000000 1.000000
vn  -0.898981 0.437987 0.000000
vn  0.000000 0.000000 1.000000
vn  -0.898246 0.439493 0.000000
vn  0.000000 0.000000 1.000000
vn  -0.893884 0.448299 0.000000
vn  -0.898383 0.439212 0.000000
vn  0.000000 0.000000 1.000000
vn  0.000000 1.000000 0.000000
vn  -0.893884 0.448299 0.000000
vn  0.000000 0.000000 1.000000
vn  0.987762 -0.155966 0.000000
vn  0.000000 1.000000 0.000000
vn  0.000000 0.000000 1.000000
vn  0.987762 -0.155966 0.000000
vn  0.987762 -0.155966 0.000000
vn  0.000000 0.000000 1.000000
vn  0.989953 -0.141400 0.000000
vn  0.000000 0.000000 1.000000
vn  0.991402 -0.130854 0.000000
vn  0.000000 0.000000 1.000000
vn  0.992402 -0.123039 0.000000
vn  0.000000 0.000000 1.000000
vn  0.993112 -0.117165 0.000000
vn  0.000000 0.000000 1.000000
vn  0.993627 -0.112718 0.000000
vn  0.000000 0.000000 1.000000
vn  0.994003 -0.109352 0.000000
vn  0.000000 0.000000 1.000000
vn  0.994125 -0.108243 0.000000
vn  0.994278 -0.106823 0.000000
vn  0.000000 0.000000 1.000000
vn  0.994125 -0.108243 0.000000
vn  0.994125 -0.108243 0.000000
vn  0.000000 0.000000 1.000000
vn  0.996068 -0.088589 0.000000
vn  0.000000 0.000000 1.000000
vn  0.999698 -0.024581 0.000000
vn  0.999480 -0.032239 0.000000
vn  0.000000 0.000000 1.000000
vn  0.000000 -1.000000 0.000000
vn  0.999698 -0.024581 0.000000
vn  0.000000 0.000000 1.000000
vn  -0.989044 0.147618 0.000000
vn  0.000000 -1.000000 0.000000
vn  0.000000 0.000000 1.000000
vn  -0.992302 0.123839 0.000000
vn  -0.989044 0.147618 0.000000
vn  0.000000 0.000000 1.000000
vn  -0.992782 0.119934 0.000000
vn  -0.992302 0.123839 0.000000
vn  0.000000 0.000000 1.000000
vn  0.857492 -0.514497 0.000000
vn  -0.992782 0.119934 0.000000
vn  0.000000 0.000000 1.000000
vn  0.857492 -0.514497 0.000000
vn  0.857492 -0.514497 0.000000
vn  0.000000 0.000000 1.000000
vn  0.885721 -0.464218 0.000000
vn  0.000000 0.000000 1.000000
vn  0.898043 -0.439907 0.000000
vn  0.000000 0.000000 1.000000
vn  0.901984 -0.431769 0.000000
vn  0.904526 -0.426418 0.000000
vn  0.000000 0.000000 1.000000
vn  0.901984 -0.431769 0.000000
vn  0.901984 -0.431769 0.000000
vn  0.000000 0.000000 1.000000
vn  0.911453 -0.411405 0.000000
vn  0.000000 0.000000 1.000000
vn  0.919590 -0.392878 0.000000
vn  0.920194 -0.391463 0.000000
vn  0.000000 0.000000 1.000000
vn  0.145639 -0.989338 0.000000
vn  0.919590 -0.392878 0.000000
vn  0.000000 0.000000 1.000000
vn  -0.995723 -0.092389 0.000000
vn  0.145639 -0.989338 0.000000
vn  0.000000 0.000000 1.000000
vn  -0.989949 -0.141421 0.000000
vn  -0.995723 -0.092389 0.000000
vn  0.000000 0.000000 1.000000
vn  -0.983490 -0.180963 0.000000
vn  -0.989949 -0.141421 0.000000
vn  0.000000 0.000000 1.000000
vn  -0.979095 -0.203402 0.000000
vn  -0.983490 -0.180963 0.000000
vn  0.000000 0.000000 1.000000
vn  -0.977526 -0.210815 0.000000
vn  -0.979095 -0.203402 0.000000
vn  0.000000 0.000000 1.000000
vn  0.988174 -0.153338 0.000000
vn  -0.977526 -0.210815 0.000000
vn  0.000000 0.000000 1.000000
vn  0.987642 -0.156729 0.000000
vn  0.988174 -0.153338 0.000000
vn  0.000000 0.000000 1.000000
vn  0.990733 -0.135824 0.000000
vn  0.987642 -0.156729 0.000000
vn  0.000000 0.000000 1.000000
vn  0.993671 -0.112334 0.000000
vn  0.990733 -0.135824 0.000000
vn  0.000000 0.000000 1.000000
vn  0.996158 -0.087573 0.000000
vn  0.993671 -0.112334 0.000000
vn  0.000000 0.000000 1.000000
vn  0.000000 -1.000000 0.000000
vn  0.996158 -0.087573 0.000000
vn  0.000000 0.000000 1.000000
vn  -0.977227 0.212197 0.000000
vn  0.000000 -1.000000 0.000000
vn  0.000000 0.000000 1.000000
vn  -0.896939 0.442154 0.000000
vn  -0.908007 0.418955 0.000000
vn  0.000000 0.000000 1.000000
vn  -0.908084 0.418787 0.000000
vn  -0.908007 0.418955 0.000000
vn  0.000000 0.000000 1.000000
vn  -0.908084 0.418787 0.000000
vn  -0.908084 0.418787 0.000000
vn  0.000000 0.000000 1.000000
vn  -0.941617 0.336686 0.000000
vn  0.000000 0.000000 1.000000
vn  -0.962649 0.270751 0.000000
vn  -0.956679 0.291146 0.000000
vn  0.000000 0.000000 1.000000
vn  -0.254493 0.967075 0.000000
vn  -0.962649 0.270751 0.000000
vn  0.000000 0.000000 1.000000
vn  0.999222 0.039431 0.000000
vn  -0.254493 0.967075 0.000000
vn  0.000000 0.000000 1.000000
vn  0.999222 0.039431 0.000000
vn  0.999222 0.039431 0.000000
vn  0.000000 0.000000 1.000000
vn  0.995630 0.093387 0.000000
vn  0.000000 0.000000 1.000000
vn  0.991904 0.126988 0.000000
vn  0.000000 0.000000 1.000000
vn  0.989050 0.147581 0.000000
vn  0.000000 0.000000 1.000000
vn  0.987223 0.159346 0.000000
vn  0.000000 0.000000 1.000000
vn  0.986324 0.164818 0.000000
vn  0.986324 0.164818 0.000000
vn  0.000000 0.000000 1.000000
vn  0.983779 0.179385 0.000000
vn  0.000000 0.000000 1.000000
vn  0.978349 0.206960 0.000000
vn  0.980233 0.197846 0.000000
vn  0.000000 0.000000 1.000000
vn  0.973252 0.229739 0.000000
vn  0.978349 0.206960 0.000000
vn  0.000000 0.000000 1.000000
vn  0.000000 -1.000000 0.000000
vn  0.973252 0.229739 0.000000
vn  0.000000 0.000000 1.000000
vn  -0.985693 -0.168552 0.000000
vn  0.000000 -1.000000 0.000000
vn  0.000000 0.000000 1.000000
vn  -0.982823 -0.184552 0.000000
vn  -0.985693 -0.168552 0.000000
vn  0.000000 0.000000 1.000000
vn  0.000000 -1.000000 0.000000
vn  -0.982823 -0.184552 0.000000
vn  0.000000 0.000000 1.000000
vn  0.920663 -0.390359 0.000000
vn  0.000000 -1.000000 0.000000
vn  0.000000 0.000000 1.000000
vn  0.920663 -0.390359 0.000000
vn  0.920663 -0.390359 0.000000
vn  0.000000 0.000000 1.000000
vn  0.935552 -0.353188 0.000000
vn  0.000000 0.000000 1.000000
vn  0.951529 -0.307560 0.000000
vn  0.943854 -0.330363 0.000000
vn  0.000000 0.000000 1.000000
vn  0.000000 -1.000000 0.000000
vn  0.951529 -0.307560 0.000000
vn  0.000000 0.000000 1.000000
vn  -0.896939 0.442154 0.000000
vn  0.000000 -1.000000 0.000000
vn  0.000000 0.000000 1.000000
vn  0.901412 -0.432962 0.000000
vn  0.000000 1.000000 0.000000
vn  0.000000 0.000000 1.000000
vn  -0.988103 -0.153792 0.000000
vn  0.000000 1.000000 0.000000
vn  0.000000 0.000000 1.000000
vn  -0.989241 -0.146293 0.000000
vn  -0.988103 -0.153792 0.000000
vn  0.000000 0.000000 1.000000
vn  -0.989517 -0.144419 0.000000
vn  -0.989241 -0.146293 0.000000
vn  0.000000 0.000000 1.000000
vn  0.917784 -0.397080 0.000000
vn  -0.989517 -0.144419 0.000000
vn  0.000000 0.000000 1.000000
vn  0.917784 -0.397080 0.000000
vn  0.917784 -0.397080 0.000000
vn  0.000000 0.000000 1.000000
vn  0.914869 -0.403751 0.000000
vn  0.000000 0.000000 1.000000
vn  0.910928 -0.412565 0.000000
vn  0.000000 0.000000 1.000000
vn  0.901412 -0.432962 0.000000
vn  0.905066 -0.425271 0.000000
vn  0.000000 0.000000 1.000000
vn  -0.971628 0.236514 0.000000
vn  -0.971628 0.236514 0.000000
vn  0.000000 0.000000 1.000000
vn  -0.980180 0.198110 0.000000
vn  0.000000 0.000000 1.000000
vn  -0.984679 0.174375 0.000000
vn  0.000000 0.000000 1.000000
vn  -0.987215 0.159393 0.000000
vn  0.000000 0.000000 1.000000
vn  -0.988681 0.150033 0.000000
vn  0.000000 0.000000 1.000000
vn  -0.989506 0.144491 0.000000
vn  0.000000 0.000000 1.000000
vn  -0.989916 0.141652 0.000000
vn  0.000000 0.000000 1.000000
vn  -0.990039 0.140793 0.000000
vn  0.000000 0.000000 1.000000
vn  -0.990486 0.137611 0.000000
vn  -0.989949 0.141424 0.000000
vn  0.000000 0.000000 1.000000
vn  -0.990486 0.137611 0.000000
vn  -0.990486 0.137611 0.000000
vn  0.000000 0.000000 1.000000
vn  -0.994253 0.107059 0.000000
vn  0.000000 0.000000 1.000000
vn  -0.998558 0.053690 0.000000
vn  -0.997969 0.063696 0.000000
vn  0.000000 0.000000 1.000000
vn  0.000000 1.000000 0.000000
vn  -0.998558 0.053690 0.000000
vn  0.000000 0.000000 1.000000
vn  0.876477 0.481443 0.000000
vn  0.000000 1.000000 0.000000
vn  0.000000 0.000000 1.000000
vn  0.876477 0.481443 0.000000
vn  0.876477 0.481443 0.000000
vn  0.000000 0.000000 1.000000
vn  0.891791 0.452447 0.000000
vn  0.000000 0.000000 1.000000
vn  0.902231 0.431253 0.000000
vn  0.000000 0.000000 1.000000
vn  0.909438 0.415839 0.000000
vn  0.000000 0.000000 1.000000
vn  0.914399 0.404813 0.000000
vn  0.000000 0.000000 1.000000
vn  0.917735 0.397193 0.000000
vn  0.000000 0.000000 1.000000
vn  0.919851 0.392267 0.000000
vn  0.000000 0.000000 1.000000
vn  0.921024 0.389506 0.000000
vn  0.000000 0.000000 1.000000
vn  0.921444 0.388511 0.000000
vn  0.000000 0.000000 1.000000
vn  0.922848 0.385164 0.000000
vn  0.921250 0.388971 0.000000
vn  0.000000 0.000000 1.000000
vn  0.922848 0.385164 0.000000
vn  0.922848 0.385164 0.000000
vn  0.000000 0.000000 1.000000
vn  0.930343 0.366691 0.000000
vn  0.000000 0.000000 1.000000
vn  0.935073 0.354456 0.000000
vn  0.000000 0.000000 1.000000
vn  0.938157 0.346210 0.000000
vn  0.000000 0.000000 1.000000
vn  0.940181 0.340676 0.000000
vn  0.000000 0.000000 1.000000
vn  0.941479 0.337070 0.000000
vn  0.000000 0.000000 1.000000
vn  0.943857 0.330356 0.000000
vn  0.942257 0.334891 0.000000
vn  0.000000 0.000000 1.000000
vn  -0.993062 0.117596 0.000000
vn  0.943857 0.330356 0.000000
vn  0.000000 0.000000 1.000000
vn  -0.992087 0.125551 0.000000
vn  -0.993062 0.117596 0.000000
vn  0.000000 0.000000 1.000000
vn  -0.990420 0.138086 0.000000
vn  -0.992087 0.125551 0.000000
vn  0.000000 0.000000 1.000000
vn  -0.990420 0.138086 0.000000
vn  -0.990420 0.138086 0.000000
vn  0.000000 0.000000 1.000000
vn  -0.995665 0.093017 0.000000
vn  0.000000 0.000000 1.000000
vn  -0.998666 0.051640 0.000000
vn  -0.997684 0.068020 0.000000
vn  0.000000 0.000000 1.000000
vn  0.000000 1.000000 0.000000
vn  -0.998666 0.051640 0.000000
vn  0.000000 0.000000 1.000000
vn  0.981830 -0.189760 0.000000
vn  0.000000 1.000000 0.000000
vn  0.000000 0.000000 1.000000
vn  0.981830 -0.189760 0.000000
vn  0.981830 -0.189760 0.000000
vn  0.000000 0.000000 1.000000
vn  0.988213 -0.153084 0.000000
vn  0.000000 0.000000 1.000000
vn  0.990526 -0.137323 0.000000
vn  0.991656 -0.128915 0.000000
vn  0.000000 0.000000 1.000000
vn  0.990844 -0.135011 0.000000
vn  0.990526 -0.137323 0.000000
vn  0.000000 0.000000 1.000000
vn  0.992989 -0.118206 0.000000
vn  0.990844 -0.135011 0.000000
vn  0.000000 0.000000 1.000000
vn  0.995112 -0.098751 0.000000
vn  0.992989 -0.118206 0.000000
vn  0.000000 0.000000 1.000000
vn  0.142107 -0.989851 0.000000
vn  0.995112 -0.098751 0.000000
vn  0.000000 0.000000 1.000000
vn  -0.940432 -0.339981 0.000000
vn  0.142107 -0.989851 0.000000
vn  0.000000 0.000000 1.000000
vn  -0.940432 -0.339981 0.000000
vn  -0.940432 -0.339981 0.000000
vn  0.000000 0.000000 1.000000
vn  -0.934645 -0.355583 0.000000
vn  0.000000 0.000000 1.000000
vn  -0.930018 -0.367513 0.000000
vn  0.000000 0.000000 1.000000
vn  -0.926451 -0.376415 0.000000
vn  0.000000 0.000000 1.000000
vn  -0.923836 -0.382790 0.000000
vn  0.000000 0.000000 1.000000
vn  -0.922068 -0.387029 0.000000
vn  0.000000 0.000000 1.000000
vn  -0.921050 -0.389445 0.000000
vn  0.000000 0.000000 1.000000
vn  -0.920691 -0.390293 0.000000
vn  0.000000 0.000000 1.000000
vn  -0.916824 -0.399292 0.000000
vn  -0.920909 -0.389778 0.000000
vn  0.000000 0.000000 1.000000
vn  0.992641 -0.121091 0.000000
vn  -0.916824 -0.399292 0.000000
vn  0.000000 0.000000 1.000000
vn  0.991803 -0.127779 0.000000
vn  0.992641 -0.121091 0.000000
vn  0.000000 0.000000 1.000000
vn  0.991803 -0.127779 0.000000
vn  0.991803 -0.127779 0.000000
vn  0.000000 0.000000 1.000000
vn  0.994461 -0.105103 0.000000
vn  0.000000 0.000000 1.000000
vn  0.999022 -0.044208 0.000000
vn  0.998619 -0.052543 0.000000
vn  0.000000 0.000000 1.000000
vn  0.000000 -1.000000 0.000000
vn  0.999022 -0.044208 0.000000
vn  0.000000 0.000000 1.000000
vn  -0.971628 0.236514 0.000000
vn  0.000000 -1.000000 0.000000
vn  0.000000 0.000000 1.000000
vn  -0.985692 0.168558 0.000000
vn  -0.990501 0.137505 0.000000
vn  0.000000 0.000000 1.000000
vn  -0.990816 0.135216 0.000000
vn  -0.990501 0.137505 0.000000
vn  0.000000 0.000000 1.000000
vn  -0.990816 0.135216 0.000000
vn  -0.990816 0.135216 0.000000
vn  0.000000 0.000000 1.000000
vn  -0.997246 0.074171 0.000000
vn  0.000000 0.000000 1.000000
vn  -0.999925 0.012268 0.000000
vn  -0.997924 0.064401 0.000000
vn  0.000000 0.000000 1.000000
vn  0.000000 1.000000 0.000000
vn  -0.999925 0.012268 0.000000
vn  0.000000 0.000000 1.000000
vn  0.984056 -0.177856 0.000000
vn  0.000000 1.000000 0.000000
vn  0.000000 0.000000 1.000000
vn  0.987845 -0.155442 0.000000
vn  0.984056 -0.177856 0.000000
vn  0.000000 0.000000 1.000000
vn  0.991164 -0.132643 0.000000
vn  0.987845 -0.155442 0.000000
vn  0.000000 0.000000 1.000000
vn  0.992112 -0.125357 0.000000
vn  0.991164 -0.132643 0.000000
vn  0.000000 0.000000 1.000000
vn  0.995702 -0.092618 0.000000
vn  0.992112 -0.125357 0.000000
vn  0.000000 0.000000 1.000000
vn  0.000000 -1.000000 0.000000
vn  0.995702 -0.092618 0.000000
vn  0.000000 0.000000 1.000000
vn  -0.985692 0.168558 0.000000
vn  0.000000 -1.000000 0.000000


g 0
g 1
usemtl DEFAULT_MTL
f 11/11/11  4/4/4  1/1/1
f 1683/1683/1683  2/2/2  5/5/5
f 13/13/13  11/11/11  1/1/1
f 58/58/58  13/13/13  1/1/1
f 1686/1686/1686  59/59/59  3/3/3
f 1686/1686/1686  3/3/3  1684/1684/1684
f 9/9/9  6/6/6  4/4/4
f 1740/1740/1740  5/5/5  7/7/7
f 11/11/11  9/9/9  4/4/4
f 1740/1740/1740  1683/1683/1683  5/5/5
f 1738/1738/1738  8/8/8  10/10/10
f 1740/1740/1740  7/7/7  1737/1737/1737
f 1735/1735/1735  10/10/10  12/12/12
f 1738/1738/1738  10/10/10  1735/1735/1735
f 1733/1733/1733  12/12/12  14/14/14
f 1735/1735/1735  12/12/12  1733/1733/1733
f 123/123/123  16/16/16  13/13/13
f 1731/1731/1731  15/15/15  17/17/17
f 60/60/60  13/13/13  58/58/58
f 126/126/126  13/13/13  60/60/60
f 126/126/126  123/123/123  13/13/13
f 1733/1733/1733  14/14/14  1730/1730/1730
f 119/119/119  18/18/18  16/16/16
f 1728/1728/1728  17/17/17  19/19/19
f 121/121/121  119/119/119  16/16/16
f 123/123/123  121/121/121  16/16/16
f 1731/1731/1731  17/17/17  1728/1728/1728
f 114/114/114  20/20/20  18/18/18
f 1726/1726/1726  19/19/19  21/21/21
f 116/116/116  114/114/114  18/18/18
f 119/119/119  116/116/116  18/18/18
f 1728/1728/1728  19/19/19  1726/1726/1726
f 106/106/106  23/23/23  20/20/20
f 1724/1724/1724  22/22/22  24/24/24
f 109/109/109  106/106/106  20/20/20
f 111/111/111  109/109/109  20/20/20
f 114/114/114  111/111/111  20/20/20
f 1726/1726/1726  21/21/21  1723/1723/1723
f 101/101/101  25/25/25  23/23/23
f 1721/1721/1721  24/24/24  26/26/26
f 104/104/104  101/101/101  23/23/23
f 106/106/106  104/104/104  23/23/23
f 1724/1724/1724  24/24/24  1721/1721/1721
f 96/96/96  27/27/27  25/25/25
f 1719/1719/1719  26/26/26  28/28/28
f 99/99/99  96/96/96  25/25/25
f 101/101/101  99/99/99  25/25/25
f 1721/1721/1721  26/26/26  1719/1719/1719
f 41/41/41  30/30/30  27/27/27
f 1717/1717/1717  29/29/29  31/31/31
f 91/91/91  41/41/41  27/27/27
f 94/94/94  91/91/91  27/27/27
f 96/96/96  94/94/94  27/27/27
f 1719/1719/1719  28/28/28  1716/1716/1716
f 39/39/39  32/32/32  30/30/30
f 1714/1714/1714  31/31/31  33/33/33
f 41/41/41  39/39/39  30/30/30
f 1717/1717/1717  31/31/31  1714/1714/1714
f 37/37/37  34/34/34  32/32/32
f 1712/1712/1712  33/33/33  35/35/35
f 39/39/39  37/37/37  32/32/32
f 1714/1714/1714  33/33/33  1712/1712/1712
f 1710/1710/1710  36/36/36  38/38/38
f 1712/1712/1712  35/35/35  1709/1709/1709
f 1707/1707/1707  38/38/38  40/40/40
f 1710/1710/1710  38/38/38  1707/1707/1707
f 1705/1705/1705  40/40/40  42/42/42
f 1707/1707/1707  40/40/40  1705/1705/1705
f 84/84/84  44/44/44  41/41/41
f 1703/1703/1703  43/43/43  45/45/45
f 87/87/87  84/84/84  41/41/41
f 89/89/89  87/87/87  41/41/41
f 91/91/91  89/89/89  41/41/41
f 1705/1705/1705  42/42/42  1702/1702/1702
f 82/82/82  46/46/46  44/44/44
f 1700/1700/1700  45/45/45  47/47/47
f 84/84/84  82/82/82  44/44/44
f 1703/1703/1703  45/45/45  1700/1700/1700
f 80/80/80  48/48/48  46/46/46
f 1698/1698/1698  47/47/47  49/49/49
f 82/82/82  80/80/80  46/46/46
f 1700/1700/1700  47/47/47  1698/1698/1698
f 77/77/77  51/51/51  48/48/48
f 1696/1696/1696  50/50/50  52/52/52
f 80/80/80  77/77/77  48/48/48
f 1698/1698/1698  49/49/49  1695/1695/1695
f 75/75/75  53/53/53  51/51/51
f 1693/1693/1693  52/52/52  54/54/54
f 77/77/77  75/75/75  51/51/51
f 1696/1696/1696  52/52/52  1693/1693/1693
f 70/70/70  56/56/56  53/53/53
f 1691/1691/1691  55/55/55  57/57/57
f 73/73/73  70/70/70  53/53/53
f 75/75/75  73/73/73  53/53/53
f 1693/1693/1693  54/54/54  1690/1690/1690
f 65/65/65  58/58/58  56/56/56
f 1688/1688/1688  57/57/57  59/59/59
f 68/68/68  65/65/65  56/56/56
f 70/70/70  68/68/68  56/56/56
f 1691/1691/1691  57/57/57  1688/1688/1688
f 63/63/63  60/60/60  58/58/58
f 65/65/65  63/63/63  58/58/58
f 1688/1688/1688  59/59/59  1686/1686/1686
f 1742/1742/1742  61/61/61  64/64/64
f 1745/1745/1745  127/127/127  62/62/62
f 1745/1745/1745  62/62/62  1743/1743/1743
f 1808/1808/1808  64/64/64  66/66/66
f 1808/1808/1808  1742/1742/1742  64/64/64
f 1806/1806/1806  67/67/67  69/69/69
f 1808/1808/1808  66/66/66  1805/1805/1805
f 1803/1803/1803  69/69/69  71/71/71
f 1806/1806/1806  69/69/69  1803/1803/1803
f 1801/1801/1801  72/72/72  74/74/74
f 1803/1803/1803  71/71/71  1800/1800/1800
f 1798/1798/1798  74/74/74  76/76/76
f 1801/1801/1801  74/74/74  1798/1798/1798
f 1796/1796/1796  76/76/76  78/78/78
f 1798/1798/1798  76/76/76  1796/1796/1796
f 1794/1794/1794  79/79/79  81/81/81
f 1796/1796/1796  78/78/78  1793/1793/1793
f 1791/1791/1791  81/81/81  83/83/83
f 1794/1794/1794  81/81/81  1791/1791/1791
f 1789/1789/1789  83/83/83  85/85/85
f 1791/1791/1791  83/83/83  1789/1789/1789
f 1787/1787/1787  86/86/86  88/88/88
f 1789/1789/1789  85/85/85  1786/1786/1786
f 1784/1784/1784  88/88/88  90/90/90
f 1787/1787/1787  88/88/88  1784/1784/1784
f 1782/1782/1782  90/90/90  92/92/92
f 1784/1784/1784  90/90/90  1782/1782/1782
f 1780/1780/1780  93/93/93  95/95/95
f 1782/1782/1782  92/92/92  1779/1779/1779
f 1777/1777/1777  95/95/95  97/97/97
f 1780/1780/1780  95/95/95  1777/1777/1777
f 1775/1775/1775  98/98/98  100/100/100
f 1777/1777/1777  97/97/97  1774/1774/1774
f 1772/1772/1772  100/100/100  102/102/102
f 1775/1775/1775  100/100/100  1772/1772/1772
f 1770/1770/1770  103/103/103  105/105/105
f 1772/1772/1772  102/102/102  1769/1769/1769
f 1767/1767/1767  105/105/105  107/107/107
f 1770/1770/1770  105/105/105  1767/1767/1767
f 1765/1765/1765  108/108/108  110/110/110
f 1767/1767/1767  107/107/107  1764/1764/1764
f 1762/1762/1762  110/110/110  112/112/112
f 1765/1765/1765  110/110/110  1762/1762/1762
f 1760/1760/1760  113/113/113  115/115/115
f 1762/1762/1762  112/112/112  1759/1759/1759
f 1757/1757/1757  115/115/115  117/117/117
f 1760/1760/1760  115/115/115  1757/1757/1757
f 1755/1755/1755  118/118/118  120/120/120
f 1757/1757/1757  117/117/117  1754/1754/1754
f 1752/1752/1752  120/120/120  122/122/122
f 1755/1755/1755  120/120/120  1752/1752/1752
f 1750/1750/1750  122/122/122  124/124/124
f 1752/1752/1752  122/122/122  1750/1750/1750
f 1748/1748/1748  125/125/125  127/127/127
f 1750/1750/1750  124/124/124  1747/1747/1747
f 1748/1748/1748  127/127/127  1745/1745/1745
f 134/134/134  131/131/131  128/128/128
f 2003/2003/2003  129/129/129  132/132/132
f 321/321/321  134/134/134  128/128/128
f 1814/1814/1814  323/323/323  130/130/130
f 1814/1814/1814  130/130/130  1811/1811/1811
f 2003/2003/2003  1810/1810/1810  129/129/129
f 2000/2000/2000  133/133/133  135/135/135
f 2004/2004/2004  133/133/133  2000/2000/2000
f 305/305/305  137/137/137  134/134/134
f 1997/1997/1997  136/136/136  138/138/138
f 316/316/316  305/305/305  134/134/134
f 319/319/319  316/316/316  134/134/134
f 321/321/321  319/319/319  134/134/134
f 2001/2001/2001  136/136/136  1997/1997/1997
f 305/305/305  140/140/140  137/137/137
f 1998/1998/1998  139/139/139  141/141/141
f 305/305/305  142/142/142  140/140/140
f 1995/1995/1995  141/141/141  143/143/143
f 1998/1998/1998  141/141/141  1995/1995/1995
f 302/302/302  145/145/145  142/142/142
f 1989/1989/1989  144/144/144  146/146/146
f 305/305/305  302/302/302  142/142/142
f 1993/1993/1993  144/144/144  1989/1989/1989
f 1995/1995/1995  143/143/143  1992/1992/1992
f 299/299/299  148/148/148  145/145/145
f 1990/1990/1990  147/147/147  149/149/149
f 302/302/302  299/299/299  145/145/145
f 296/296/296  150/150/150  148/148/148
f 1987/1987/1987  149/149/149  151/151/151
f 299/299/299  296/296/296  148/148/148
f 1990/1990/1990  149/149/149  1987/1987/1987
f 296/296/296  153/153/153  150/150/150
f 1985/1985/1985  152/152/152  154/154/154
f 1987/1987/1987  151/151/151  1984/1984/1984
f 294/294/294  155/155/155  153/153/153
f 1982/1982/1982  154/154/154  156/156/156
f 296/296/296  294/294/294  153/153/153
f 1985/1985/1985  154/154/154  1982/1982/1982
f 294/294/294  157/157/157  155/155/155
f 1980/1980/1980  156/156/156  158/158/158
f 1982/1982/1982  156/156/156  1980/1980/1980
f 292/292/292  160/160/160  157/157/157
f 1978/1978/1978  159/159/159  161/161/161
f 294/294/294  292/292/292  157/157/157
f 1980/1980/1980  158/158/158  1977/1977/1977
f 289/289/289  162/162/162  160/160/160
f 1975/1975/1975  161/161/161  163/163/163
f 292/292/292  289/289/289  160/160/160
f 1978/1978/1978  161/161/161  1975/1975/1975
f 289/289/289  165/165/165  162/162/162
f 1973/1973/1973  164/164/164  166/166/166
f 1975/1975/1975  163/163/163  1972/1972/1972
f 287/287/287  167/167/167  165/165/165
f 1970/1970/1970  166/166/166  168/168/168
f 289/289/289  287/287/287  165/165/165
f 1973/1973/1973  166/166/166  1970/1970/1970
f 287/287/287  169/169/169  167/167/167
f 1968/1968/1968  168/168/168  170/170/170
f 1970/1970/1970  168/168/168  1968/1968/1968
f 287/287/287  172/172/172  169/169/169
f 1966/1966/1966  171/171/171  173/173/173
f 1968/1968/1968  170/170/170  1965/1965/1965
f 285/285/285  174/174/174  172/172/172
f 1963/1963/1963  173/173/173  175/175/175
f 287/287/287  285/285/285  172/172/172
f 1966/1966/1966  173/173/173  1963/1963/1963
f 285/285/285  176/176/176  174/174/174
f 1961/1961/1961  175/175/175  177/177/177
f 1963/1963/1963  175/175/175  1961/1961/1961
f 285/285/285  179/179/179  176/176/176
f 1959/1959/1959  178/178/178  180/180/180
f 1961/1961/1961  177/177/177  1958/1958/1958
f 193/193/193  181/181/181  179/179/179
f 1956/1956/1956  180/180/180  182/182/182
f 285/285/285  193/193/193  179/179/179
f 1959/1959/1959  180/180/180  1956/1956/1956
f 190/190/190  184/184/184  181/181/181
f 1950/1950/1950  183/183/183  185/185/185
f 193/193/193  190/190/190  181/181/181
f 1954/1954/1954  183/183/183  1950/1950/1950
f 1956/1956/1956  182/182/182  1953/1953/1953
f 190/190/190  187/187/187  184/184/184
f 1951/1951/1951  186/186/186  188/188/188
f 1944/1944/1944  189/189/189  191/191/191
f 1948/1948/1948  189/189/189  1944/1944/1944
f 1951/1951/1951  188/188/188  1947/1947/1947
f 1941/1941/1941  192/192/192  194/194/194
f 1945/1945/1945  192/192/192  1941/1941/1941
f 282/282/282  196/196/196  193/193/193
f 1938/1938/1938  195/195/195  197/197/197
f 285/285/285  282/282/282  193/193/193
f 1942/1942/1942  195/195/195  1938/1938/1938
f 282/282/282  199/199/199  196/196/196
f 1939/1939/1939  198/198/198  200/200/200
f 276/276/276  201/201/201  199/199/199
f 1936/1936/1936  200/200/200  202/202/202
f 279/279/279  276/276/276  199/199/199
f 282/282/282  279/279/279  199/199/199
f 1939/1939/1939  200/200/200  1936/1936/1936
f 276/276/276  204/204/204  201/201/201
f 1934/1934/1934  203/203/203  205/205/205
f 1936/1936/1936  202/202/202  1933/1933/1933
f 276/276/276  206/206/206  204/204/204
f 1931/1931/1931  205/205/205  207/207/207
f 1934/1934/1934  205/205/205  1931/1931/1931
f 274/274/274  209/209/209  206/206/206
f 1929/1929/1929  208/208/208  210/210/210
f 276/276/276  274/274/274  206/206/206
f 1931/1931/1931  207/207/207  1928/1928/1928
f 274/274/274  211/211/211  209/209/209
f 1926/1926/1926  210/210/210  212/212/212
f 1929/1929/1929  210/210/210  1926/1926/1926
f 272/272/272  213/213/213  211/211/211
f 1924/1924/1924  212/212/212  214/214/214
f 274/274/274  272/272/272  211/211/211
f 1926/1926/1926  212/212/212  1924/1924/1924
f 269/269/269  216/216/216  213/213/213
f 1922/1922/1922  215/215/215  217/217/217
f 272/272/272  269/269/269  213/213/213
f 1924/1924/1924  214/214/214  1921/1921/1921
f 267/267/267  218/218/218  216/216/216
f 1919/1919/1919  217/217/217  219/219/219
f 269/269/269  267/267/267  216/216/216
f 1922/1922/1922  217/217/217  1919/1919/1919
f 265/265/265  221/221/221  218/218/218
f 1917/1917/1917  220/220/220  222/222/222
f 267/267/267  265/265/265  218/218/218
f 1919/1919/1919  219/219/219  1916/1916/1916
f 262/262/262  223/223/223  221/221/221
f 1914/1914/1914  222/222/222  224/224/224
f 265/265/265  262/262/262  221/221/221
f 1917/1917/1917  222/222/222  1914/1914/1914
f 262/262/262  225/225/225  223/223/223
f 1912/1912/1912  224/224/224  226/226/226
f 1914/1914/1914  224/224/224  1912/1912/1912
f 262/262/262  228/228/228  225/225/225
f 1910/1910/1910  227/227/227  229/229/229
f 1912/1912/1912  226/226/226  1909/1909/1909
f 262/262/262  230/230/230  228/228/228
f 1907/1907/1907  229/229/229  231/231/231
f 1910/1910/1910  229/229/229  1907/1907/1907
f 236/236/236  233/233/233  230/230/230
f 1905/1905/1905  232/232/232  234/234/234
f 262/262/262  236/236/236  230/230/230
f 1907/1907/1907  231/231/231  1904/1904/1904
f 1902/1902/1902  235/235/235  237/237/237
f 1905/1905/1905  234/234/234  1901/1901/1901
f 262/262/262  239/239/239  236/236/236
f 1895/1895/1895  238/238/238  240/240/240
f 1899/1899/1899  238/238/238  1895/1895/1895
f 1902/1902/1902  237/237/237  1898/1898/1898
f 260/260/260  242/242/242  239/239/239
f 1892/1892/1892  241/241/241  243/243/243
f 262/262/262  260/260/260  239/239/239
f 1896/1896/1896  241/241/241  1892/1892/1892
f 260/260/260  245/245/245  242/242/242
f 1893/1893/1893  244/244/244  246/246/246
f 260/260/260  247/247/247  245/245/245
f 1890/1890/1890  246/246/246  248/248/248
f 1893/1893/1893  246/246/246  1890/1890/1890
f 260/260/260  250/250/250  247/247/247
f 1884/1884/1884  249/249/249  251/251/251
f 1888/1888/1888  249/249/249  1884/1884/1884
f 1890/1890/1890  248/248/248  1887/1887/1887
f 258/258/258  253/253/253  250/250/250
f 1885/1885/1885  252/252/252  254/254/254
f 260/260/260  258/258/258  250/250/250
f 258/258/258  255/255/255  253/253/253
f 1882/1882/1882  254/254/254  256/256/256
f 1885/1885/1885  254/254/254  1882/1882/1882
f 1880/1880/1880  257/257/257  259/259/259
f 1882/1882/1882  256/256/256  1879/1879/1879
f 1877/1877/1877  259/259/259  261/261/261
f 1880/1880/1880  259/259/259  1877/1877/1877
f 1875/1875/1875  261/261/261  263/263/263
f 1877/1877/1877  261/261/261  1875/1875/1875
f 1873/1873/1873  264/264/264  266/266/266
f 1875/1875/1875  263/263/263  1872/1872/1872
f 1870/1870/1870  266/266/266  268/268/268
f 1873/1873/1873  266/266/266  1870/1870/1870
f 1868/1868/1868  268/268/268  270/270/270
f 1870/1870/1870  268/268/268  1868/1868/1868
f 1866/1866/1866  271/271/271  273/273/273
f 1868/1868/1868  270/270/270  1865/1865/1865
f 1863/1863/1863  273/273/273  275/275/275
f 1866/1866/1866  273/273/273  1863/1863/1863
f 1861/1861/1861  275/275/275  277/277/277
f 1863/1863/1863  275/275/275  1861/1861/1861
f 1855/1855/1855  278/278/278  280/280/280
f 1859/1859/1859  278/278/278  1855/1855/1855
f 1861/1861/1861  277/277/277  1858/1858/1858
f 1852/1852/1852  281/281/281  283/283/283
f 1856/1856/1856  281/281/281  1852/1852/1852
f 1853/1853/1853  284/284/284  286/286/286
f 1850/1850/1850  286/286/286  288/288/288
f 1853/1853/1853  286/286/286  1850/1850/1850
f 1848/1848/1848  288/288/288  290/290/290
f 1850/1850/1850  288/288/288  1848/1848/1848
f 1846/1846/1846  291/291/291  293/293/293
f 1848/1848/1848  290/290/290  1845/1845/1845
f 1843/1843/1843  293/293/293  295/295/295
f 1846/1846/1846  293/293/293  1843/1843/1843
f 1841/1841/1841  295/295/295  297/297/297
f 1843/1843/1843  295/295/295  1841/1841/1841
f 1835/1835/1835  298/298/298  300/300/300
f 1839/1839/1839  298/298/298  1835/1835/1835
f 1841/1841/1841  297/297/297  1838/1838/1838
f 1832/1832/1832  301/301/301  303/303/303
f 1836/1836/1836  301/301/301  1832/1832/1832
f 1829/1829/1829  304/304/304  306/306/306
f 1833/1833/1833  304/304/304  1829/1829/1829
f 311/311/311  308/308/308  305/305/305
f 1826/1826/1826  307/307/307  309/309/309
f 314/314/314  311/311/311  305/305/305
f 316/316/316  314/314/314  305/305/305
f 1830/1830/1830  307/307/307  1826/1826/1826
f 1823/1823/1823  310/310/310  312/312/312
f 1827/1827/1827  310/310/310  1823/1823/1823
f 1824/1824/1824  313/313/313  315/315/315
f 1821/1821/1821  315/315/315  317/317/317
f 1824/1824/1824  315/315/315  1821/1821/1821
f 1819/1819/1819  318/318/318  320/320/320
f 1821/1821/1821  317/317/317  1818/1818/1818
f 1816/1816/1816  320/320/320  322/322/322
f 1819/1819/1819  320/320/320  1816/1816/1816
f 1816/1816/1816  322/322/322  1813/1813/1813
f 330/330/330  327/327/327  324/324/324
f 2154/2154/2154  325/325/325  328/328/328
f 472/472/472  330/330/330  324/324/324
f 2007/2007/2007  474/474/474  326/326/326
f 2154/2154/2154  2006/2006/2006  325/325/325
f 2151/2151/2151  329/329/329  331/331/331
f 2155/2155/2155  329/329/329  2151/2151/2151
f 472/472/472  333/333/333  330/330/330
f 2152/2152/2152  332/332/332  334/334/334
f 470/470/470  335/335/335  333/333/333
f 2149/2149/2149  334/334/334  336/336/336
f 472/472/472  470/470/470  333/333/333
f 2152/2152/2152  334/334/334  2149/2149/2149
f 467/467/467  338/338/338  335/335/335
f 2147/2147/2147  337/337/337  339/339/339
f 470/470/470  467/467/467  335/335/335
f 2149/2149/2149  336/336/336  2146/2146/2146
f 465/465/465  340/340/340  338/338/338
f 2144/2144/2144  339/339/339  341/341/341
f 467/467/467  465/465/465  338/338/338
f 2147/2147/2147  339/339/339  2144/2144/2144
f 465/465/465  342/342/342  340/340/340
f 2142/2142/2142  341/341/341  343/343/343
f 2144/2144/2144  341/341/341  2142/2142/2142
f 462/462/462  344/344/344  342/342/342
f 2140/2140/2140  343/343/343  345/345/345
f 465/465/465  462/462/462  342/342/342
f 2142/2142/2142  343/343/343  2140/2140/2140
f 462/462/462  346/346/346  344/344/344
f 2138/2138/2138  345/345/345  347/347/347
f 2140/2140/2140  345/345/345  2138/2138/2138
f 462/462/462  348/348/348  346/346/346
f 2136/2136/2136  347/347/347  349/349/349
f 2138/2138/2138  347/347/347  2136/2136/2136
f 462/462/462  350/350/350  348/348/348
f 2134/2134/2134  349/349/349  351/351/351
f 2136/2136/2136  349/349/349  2134/2134/2134
f 460/460/460  352/352/352  350/350/350
f 2132/2132/2132  351/351/351  353/353/353
f 462/462/462  460/460/460  350/350/350
f 2134/2134/2134  351/351/351  2132/2132/2132
f 460/460/460  354/354/354  352/352/352
f 2130/2130/2130  353/353/353  355/355/355
f 2132/2132/2132  353/353/353  2130/2130/2130
f 460/460/460  356/356/356  354/354/354
f 2128/2128/2128  355/355/355  357/357/357
f 2130/2130/2130  355/355/355  2128/2128/2128
f 460/460/460  358/358/358  356/356/356
f 2126/2126/2126  357/357/357  359/359/359
f 2128/2128/2128  357/357/357  2126/2126/2126
f 460/460/460  360/360/360  358/358/358
f 2124/2124/2124  359/359/359  361/361/361
f 2126/2126/2126  359/359/359  2124/2124/2124
f 460/460/460  362/362/362  360/360/360
f 2122/2122/2122  361/361/361  363/363/363
f 2124/2124/2124  361/361/361  2122/2122/2122
f 460/460/460  364/364/364  362/362/362
f 2120/2120/2120  363/363/363  365/365/365
f 2122/2122/2122  363/363/363  2120/2120/2120
f 460/460/460  366/366/366  364/364/364
f 2118/2118/2118  365/365/365  367/367/367
f 2120/2120/2120  365/365/365  2118/2118/2118
f 460/460/460  368/368/368  366/366/366
f 2116/2116/2116  367/367/367  369/369/369
f 2118/2118/2118  367/367/367  2116/2116/2116
f 460/460/460  370/370/370  368/368/368
f 2114/2114/2114  369/369/369  371/371/371
f 2116/2116/2116  369/369/369  2114/2114/2114
f 460/460/460  372/372/372  370/370/370
f 2112/2112/2112  371/371/371  373/373/373
f 2114/2114/2114  371/371/371  2112/2112/2112
f 460/460/460  374/374/374  372/372/372
f 2110/2110/2110  373/373/373  375/375/375
f 2112/2112/2112  373/373/373  2110/2110/2110
f 460/460/460  376/376/376  374/374/374
f 2108/2108/2108  375/375/375  377/377/377
f 2110/2110/2110  375/375/375  2108/2108/2108
f 436/436/436  379/379/379  376/376/376
f 2102/2102/2102  378/378/378  380/380/380
f 439/439/439  436/436/436  376/376/376
f 460/460/460  439/439/439  376/376/376
f 2106/2106/2106  378/378/378  2102/2102/2102
f 2108/2108/2108  377/377/377  2105/2105/2105
f 475/475/475  382/382/382  379/379/379
f 2099/2099/2099  381/381/381  383/383/383
f 475/475/475  379/379/379  436/436/436
f 2103/2103/2103  381/381/381  2099/2099/2099
f 524/524/524  385/385/385  382/382/382
f 2100/2100/2100  384/384/384  386/386/386
f 526/526/526  382/382/382  475/475/475
f 526/526/526  524/524/524  382/382/382
f 521/521/521  387/387/387  385/385/385
f 2097/2097/2097  386/386/386  388/388/388
f 524/524/524  521/521/521  385/385/385
f 2100/2100/2100  386/386/386  2097/2097/2097
f 519/519/519  390/390/390  387/387/387
f 2095/2095/2095  389/389/389  391/391/391
f 521/521/521  519/519/519  387/387/387
f 2097/2097/2097  388/388/388  2094/2094/2094
f 519/519/519  392/392/392  390/390/390
f 2092/2092/2092  391/391/391  393/393/393
f 2095/2095/2095  391/391/391  2092/2092/2092
f 516/516/516  395/395/395  392/392/392
f 2090/2090/2090  394/394/394  396/396/396
f 519/519/519  516/516/516  392/392/392
f 2092/2092/2092  393/393/393  2089/2089/2089
f 514/514/514  397/397/397  395/395/395
f 2087/2087/2087  396/396/396  398/398/398
f 516/516/516  514/514/514  395/395/395
f 2090/2090/2090  396/396/396  2087/2087/2087
f 509/509/509  399/399/399  397/397/397
f 2085/2085/2085  398/398/398  400/400/400
f 512/512/512  509/509/509  397/397/397
f 514/514/514  512/512/512  397/397/397
f 2087/2087/2087  398/398/398  2085/2085/2085
f 413/413/413  402/402/402  399/399/399
f 2083/2083/2083  401/401/401  403/403/403
f 509/509/509  413/413/413  399/399/399
f 2085/2085/2085  400/400/400  2082/2082/2082
f 411/411/411  404/404/404  402/402/402
f 2080/2080/2080  403/403/403  405/405/405
f 413/413/413  411/411/411  402/402/402
f 2083/2083/2083  403/403/403  2080/2080/2080
f 409/409/409  406/406/406  404/404/404
f 2078/2078/2078  405/405/405  407/407/407
f 411/411/411  409/409/409  404/404/404
f 2080/2080/2080  405/405/405  2078/2078/2078
f 2076/2076/2076  408/408/408  410/410/410
f 2078/2078/2078  407/407/407  2075/2075/2075
f 2073/2073/2073  410/410/410  412/412/412
f 2076/2076/2076  410/410/410  2073/2073/2073
f 2071/2071/2071  412/412/412  414/414/414
f 2073/2073/2073  412/412/412  2071/2071/2071
f 505/505/505  416/416/416  413/413/413
f 2069/2069/2069  415/415/415  417/417/417
f 507/507/507  505/505/505  413/413/413
f 509/509/509  507/507/507  413/413/413
f 2071/2071/2071  414/414/414  2068/2068/2068
f 502/502/502  418/418/418  416/416/416
f 2066/2066/2066  417/417/417  419/419/419
f 505/505/505  502/502/502  416/416/416
f 2069/2069/2069  417/417/417  2066/2066/2066
f 498/498/498  420/420/420  418/418/418
f 2064/2064/2064  419/419/419  421/421/421
f 500/500/500  498/498/498  418/418/418
f 502/502/502  500/500/500  418/418/418
f 2066/2066/2066  419/419/419  2064/2064/2064
f 495/495/495  423/423/423  420/420/420
f 2062/2062/2062  422/422/422  424/424/424
f 498/498/498  495/495/495  420/420/420
f 2064/2064/2064  421/421/421  2061/2061/2061
f 493/493/493  425/425/425  423/423/423
f 2059/2059/2059  424/424/424  426/426/426
f 495/495/495  493/493/493  423/423/423
f 2062/2062/2062  424/424/424  2059/2059/2059
f 488/488/488  427/427/427  425/425/425
f 2057/2057/2057  426/426/426  428/428/428
f 491/491/491  488/488/488  425/425/425
f 493/493/493  491/491/491  425/425/425
f 2059/2059/2059  426/426/426  2057/2057/2057
f 486/486/486  430/430/430  427/427/427
f 2051/2051/2051  429/429/429  431/431/431
f 488/488/488  486/486/486  427/427/427
f 2055/2055/2055  429/429/429  2051/2051/2051
f 2057/2057/2057  428/428/428  2054/2054/2054
f 436/436/436  433/433/433  430/430/430
f 2048/2048/2048  432/432/432  434/434/434
f 483/483/483  436/436/436  430/430/430
f 486/486/486  483/483/483  430/430/430
f 2052/2052/2052  432/432/432  2048/2048/2048
f 2045/2045/2045  435/435/435  437/437/437
f 2049/2049/2049  435/435/435  2045/2045/2045
f 2042/2042/2042  438/438/438  440/440/440
f 478/478/478  475/475/475  436/436/436
f 481/481/481  478/478/478  436/436/436
f 483/483/483  481/481/481  436/436/436
f 2046/2046/2046  438/438/438  2042/2042/2042
f 460/460/460  442/442/442  439/439/439
f 2039/2039/2039  441/441/441  443/443/443
f 2043/2043/2043  441/441/441  2039/2039/2039
f 458/458/458  445/445/445  442/442/442
f 2040/2040/2040  444/444/444  446/446/446
f 460/460/460  458/458/458  442/442/442
f 458/458/458  447/447/447  445/445/445
f 2037/2037/2037  446/446/446  448/448/448
f 2040/2040/2040  446/446/446  2037/2037/2037
f 458/458/458  450/450/450  447/447/447
f 2031/2031/2031  449/449/449  451/451/451
f 2035/2035/2035  449/449/449  2031/2031/2031
f 2037/2037/2037  448/448/448  2034/2034/2034
f 455/455/455  453/453/453  450/450/450
f 2032/2032/2032  452/452/452  454/454/454
f 458/458/458  455/455/455  450/450/450
f 2029/2029/2029  454/454/454  456/456/456
f 2032/2032/2032  454/454/454  2029/2029/2029
f 2027/2027/2027  457/457/457  459/459/459
f 2029/2029/2029  456/456/456  2026/2026/2026
f 2024/2024/2024  459/459/459  461/461/461
f 2027/2027/2027  459/459/459  2024/2024/2024
f 2022/2022/2022  461/461/461  463/463/463
f 2024/2024/2024  461/461/461  2022/2022/2022
f 2020/2020/2020  464/464/464  466/466/466
f 2022/2022/2022  463/463/463  2019/2019/2019
f 2017/2017/2017  466/466/466  468/468/468
f 2020/2020/2020  466/466/466  2017/2017/2017
f 2015/2015/2015  469/469/469  471/471/471
f 2017/2017/2017  468/468/468  2014/2014/2014
f 2012/2012/2012  471/471/471  473/473/473
f 2015/2015/2015  471/471/471  2012/2012/2012
f 2010/2010/2010  474/474/474  2007/2007/2007
f 2012/2012/2012  473/473/473  2009/2009/2009
f 2208/2208/2208  476/476/476  479/479/479
f 2158/2158/2158  528/528/528  477/477/477
f 2208/2208/2208  2157/2157/2157  476/476/476
f 2209/2209/2209  480/480/480  482/482/482
f 2206/2206/2206  482/482/482  484/484/484
f 2209/2209/2209  482/482/482  2206/2206/2206
f 2204/2204/2204  485/485/485  487/487/487
f 2206/2206/2206  484/484/484  2203/2203/2203
f 2201/2201/2201  487/487/487  489/489/489
f 2204/2204/2204  487/487/487  2201/2201/2201
f 2199/2199/2199  490/490/490  492/492/492
f 2201/2201/2201  489/489/489  2198/2198/2198
f 2196/2196/2196  492/492/492  494/494/494
f 2199/2199/2199  492/492/492  2196/2196/2196
f 2194/2194/2194  494/494/494  496/496/496
f 2196/2196/2196  494/494/494  2194/2194/2194
f 2192/2192/2192  497/497/497  499/499/499
f 2194/2194/2194  496/496/496  2191/2191/2191
f 2189/2189/2189  499/499/499  501/501/501
f 2192/2192/2192  499/499/499  2189/2189/2189
f 2187/2187/2187  501/501/501  503/503/503
f 2189/2189/2189  501/501/501  2187/2187/2187
f 2185/2185/2185  504/504/504  506/506/506
f 2187/2187/2187  503/503/503  2184/2184/2184
f 2182/2182/2182  506/506/506  508/508/508
f 2185/2185/2185  506/506/506  2182/2182/2182
f 2180/2180/2180  508/508/508  510/510/510
f 2182/2182/2182  508/508/508  2180/2180/2180
f 2178/2178/2178  511/511/511  513/513/513
f 2180/2180/2180  510/510/510  2177/2177/2177
f 2175/2175/2175  513/513/513  515/515/515
f 2178/2178/2178  513/513/513  2175/2175/2175
f 2173/2173/2173  515/515/515  517/517/517
f 2175/2175/2175  515/515/515  2173/2173/2173
f 2171/2171/2171  518/518/518  520/520/520
f 2173/2173/2173  517/517/517  2170/2170/2170
f 2168/2168/2168  520/520/520  522/522/522
f 2171/2171/2171  520/520/520  2168/2168/2168
f 2166/2166/2166  523/523/523  525/525/525
f 2168/2168/2168  522/522/522  2165/2165/2165
f 2163/2163/2163  525/525/525  527/527/527
f 2166/2166/2166  525/525/525  2163/2163/2163
f 2161/2161/2161  528/528/528  2158/2158/2158
f 2163/2163/2163  527/527/527  2160/2160/2160
f 535/535/535  532/532/532  529/529/529
f 2289/2289/2289  530/530/530  533/533/533
f 608/608/608  535/535/535  529/529/529
f 2214/2214/2214  609/609/609  531/531/531
f 2214/2214/2214  531/531/531  2212/2212/2212
f 2289/2289/2289  2211/2211/2211  530/530/530
f 2286/2286/2286  534/534/534  536/536/536
f 2290/2290/2290  534/534/534  2286/2286/2286
f 584/584/584  538/538/538  535/535/535
f 2283/2283/2283  537/537/537  539/539/539
f 595/595/595  584/584/584  535/535/535
f 598/598/598  595/595/595  535/535/535
f 600/600/600  598/598/598  535/535/535
f 603/603/603  600/600/600  535/535/535
f 606/606/606  603/603/603  535/535/535
f 608/608/608  606/606/606  535/535/535
f 2287/2287/2287  537/537/537  2283/2283/2283
f 584/584/584  541/541/541  538/538/538
f 2280/2280/2280  540/540/540  542/542/542
f 2284/2284/2284  540/540/540  2280/2280/2280
f 584/584/584  544/544/544  541/541/541
f 2281/2281/2281  543/543/543  545/545/545
f 581/581/581  547/547/547  544/544/544
f 2274/2274/2274  546/546/546  548/548/548
f 584/584/584  581/581/581  544/544/544
f 2278/2278/2278  546/546/546  2274/2274/2274
f 2281/2281/2281  545/545/545  2277/2277/2277
f 578/578/578  550/550/550  547/547/547
f 2275/2275/2275  549/549/549  551/551/551
f 581/581/581  578/578/578  547/547/547
f 575/575/575  552/552/552  550/550/550
f 2272/2272/2272  551/551/551  553/553/553
f 578/578/578  575/575/575  550/550/550
f 2275/2275/2275  551/551/551  2272/2272/2272
f 575/575/575  555/555/555  552/552/552
f 2270/2270/2270  554/554/554  556/556/556
f 2272/2272/2272  553/553/553  2269/2269/2269
f 573/573/573  557/557/557  555/555/555
f 2267/2267/2267  556/556/556  558/558/558
f 575/575/575  573/573/573  555/555/555
f 2270/2270/2270  556/556/556  2267/2267/2267
f 571/571/571  559/559/559  557/557/557
f 2265/2265/2265  558/558/558  560/560/560
f 573/573/573  571/571/571  557/557/557
f 2267/2267/2267  558/558/558  2265/2265/2265
f 568/568/568  562/562/562  559/559/559
f 2259/2259/2259  561/561/561  563/563/563
f 571/571/571  568/568/568  559/559/559
f 2263/2263/2263  561/561/561  2259/2259/2259
f 2265/2265/2265  560/560/560  2262/2262/2262
f 568/568/568  565/565/565  562/562/562
f 2256/2256/2256  564/564/564  566/566/566
f 2260/2260/2260  564/564/564  2256/2256/2256
f 2253/2253/2253  567/567/567  569/569/569
f 2257/2257/2257  567/567/567  2253/2253/2253
f 2254/2254/2254  570/570/570  572/572/572
f 2251/2251/2251  572/572/572  574/574/574
f 2254/2254/2254  572/572/572  2251/2251/2251
f 2249/2249/2249  574/574/574  576/576/576
f 2251/2251/2251  574/574/574  2249/2249/2249
f 2243/2243/2243  577/577/577  579/579/579
f 2247/2247/2247  577/577/577  2243/2243/2243
f 2249/2249/2249  576/576/576  2246/2246/2246
f 2240/2240/2240  580/580/580  582/582/582
f 2244/2244/2244  580/580/580  2240/2240/2240
f 2237/2237/2237  583/583/583  585/585/585
f 2241/2241/2241  583/583/583  2237/2237/2237
f 590/590/590  587/587/587  584/584/584
f 2234/2234/2234  586/586/586  588/588/588
f 593/593/593  590/590/590  584/584/584
f 595/595/595  593/593/593  584/584/584
f 2238/2238/2238  586/586/586  2234/2234/2234
f 2231/2231/2231  589/589/589  591/591/591
f 2235/2235/2235  589/589/589  2231/2231/2231
f 2232/2232/2232  592/592/592  594/594/594
f 2229/2229/2229  594/594/594  596/596/596
f 2232/2232/2232  594/594/594  2229/2229/2229
f 2227/2227/2227  597/597/597  599/599/599
f 2229/2229/2229  596/596/596  2226/2226/2226
f 2224/2224/2224  599/599/599  601/601/601
f 2227/2227/2227  599/599/599  2224/2224/2224
f 2218/2218/2218  602/602/602  604/604/604
f 2222/2222/2222  602/602/602  2218/2218/2218
f 2224/2224/2224  601/601/601  2221/2221/2221
f 2219/2219/2219  605/605/605  607/607/607
f 2216/2216/2216  607/607/607  609/609/609
f 2219/2219/2219  607/607/607  2216/2216/2216
f 2216/2216/2216  609/609/609  2214/2214/2214
f 630/630/630  613/613/613  610/610/610
f 2422/2422/2422  611/611/611  614/614/614
f 741/741/741  630/630/630  610/610/610
f 2295/2295/2295  742/742/742  612/612/612
f 2295/2295/2295  612/612/612  2293/2293/2293
f 2422/2422/2422  2292/2292/2292  611/611/611
f 622/622/622  616/616/616  613/613/613
f 2423/2423/2423  615/615/615  617/617/617
f 625/625/625  622/622/622  613/613/613
f 627/627/627  625/625/625  613/613/613
f 630/630/630  627/627/627  613/613/613
f 622/622/622  619/619/619  616/616/616
f 2416/2416/2416  618/618/618  620/620/620
f 2420/2420/2420  618/618/618  2416/2416/2416
f 2423/2423/2423  617/617/617  2419/2419/2419
f 2413/2413/2413  621/621/621  623/623/623
f 2417/2417/2417  621/621/621  2413/2413/2413
f 2414/2414/2414  624/624/624  626/626/626
f 2411/2411/2411  626/626/626  628/628/628
f 2414/2414/2414  626/626/626  2411/2411/2411
f 2409/2409/2409  629/629/629  631/631/631
f 2411/2411/2411  628/628/628  2408/2408/2408
f 689/689/689  633/633/633  630/630/630
f 2402/2402/2402  632/632/632  634/634/634
f 692/692/692  689/689/689  630/630/630
f 694/694/694  692/692/692  630/630/630
f 696/696/696  694/694/694  630/630/630
f 698/698/698  696/696/696  630/630/630
f 700/700/700  698/698/698  630/630/630
f 630/630/630  709/709/709  707/707/707
f 711/711/711  709/709/709  630/630/630
f 713/713/713  711/711/711  630/630/630
f 715/715/715  713/713/713  630/630/630
f 717/717/717  715/715/715  630/630/630
f 719/719/719  717/717/717  630/630/630
f 721/721/721  719/719/719  630/630/630
f 723/723/723  721/721/721  630/630/630
f 725/725/725  723/723/723  630/630/630
f 727/727/727  725/725/725  630/630/630
f 729/729/729  727/727/727  630/630/630
f 731/731/731  729/729/729  630/630/630
f 733/733/733  731/731/731  630/630/630
f 735/735/735  733/733/733  630/630/630
f 737/737/737  735/735/735  630/630/630
f 739/739/739  737/737/737  630/630/630
f 741/741/741  739/739/739  630/630/630
f 2406/2406/2406  632/632/632  2402/2402/2402
f 2409/2409/2409  631/631/631  2405/2405/2405
f 671/671/671  636/636/636  633/633/633
f 2403/2403/2403  635/635/635  637/637/637
f 689/689/689  671/671/671  633/633/633
f 636/636/636  668/668/668  665/665/665
f 2396/2396/2396  638/638/638  640/640/640
f 671/671/671  668/668/668  636/636/636
f 2400/2400/2400  638/638/638  2396/2396/2396
f 2403/2403/2403  637/637/637  2399/2399/2399
f 662/662/662  642/642/642  639/639/639
f 2393/2393/2393  641/641/641  643/643/643
f 665/665/665  662/662/662  639/639/639
f 665/665/665  639/639/639  636/636/636
f 2397/2397/2397  641/641/641  2393/2393/2393
f 659/659/659  645/645/645  642/642/642
f 2390/2390/2390  644/644/644  646/646/646
f 662/662/662  659/659/659  642/642/642
f 2394/2394/2394  644/644/644  2390/2390/2390
f 654/654/654  648/648/648  645/645/645
f 2387/2387/2387  647/647/647  649/649/649
f 657/657/657  654/654/654  645/645/645
f 659/659/659  657/657/657  645/645/645
f 2391/2391/2391  647/647/647  2387/2387/2387
f 654/654/654  651/651/651  648/648/648
f 2384/2384/2384  650/650/650  652/652/652
f 2388/2388/2388  650/650/650  2384/2384/2384
f 2381/2381/2381  653/653/653  655/655/655
f 2385/2385/2385  653/653/653  2381/2381/2381
f 2382/2382/2382  656/656/656  658/658/658
f 2379/2379/2379  658/658/658  660/660/660
f 2382/2382/2382  658/658/658  2379/2379/2379
f 2377/2377/2377  661/661/661  663/663/663
f 2379/2379/2379  660/660/660  2376/2376/2376
f 2370/2370/2370  664/664/664  666/666/666
f 2374/2374/2374  664/664/664  2370/2370/2370
f 2377/2377/2377  663/663/663  2373/2373/2373
f 2371/2371/2371  667/667/667  669/669/669
f 2364/2364/2364  670/670/670  672/672/672
f 2368/2368/2368  670/670/670  2364/2364/2364
f 2371/2371/2371  669/669/669  2367/2367/2367
f 683/683/683  674/674/674  671/671/671
f 2365/2365/2365  673/673/673  675/675/675
f 686/686/686  683/683/683  671/671/671
f 689/689/689  686/686/686  671/671/671
f 683/683/683  677/677/677  674/674/674
f 2358/2358/2358  676/676/676  678/678/678
f 2362/2362/2362  676/676/676  2358/2358/2358
f 2365/2365/2365  675/675/675  2361/2361/2361
f 683/683/683  680/680/680  677/677/677
f 2355/2355/2355  679/679/679  681/681/681
f 2359/2359/2359  679/679/679  2355/2355/2355
f 2352/2352/2352  682/682/682  684/684/684
f 2356/2356/2356  682/682/682  2352/2352/2352
f 2353/2353/2353  685/685/685  687/687/687
f 2346/2346/2346  688/688/688  690/690/690
f 2350/2350/2350  688/688/688  2346/2346/2346
f 2353/2353/2353  687/687/687  2349/2349/2349
f 2347/2347/2347  691/691/691  693/693/693
f 2344/2344/2344  693/693/693  695/695/695
f 2347/2347/2347  693/693/693  2344/2344/2344
f 2342/2342/2342  695/695/695  697/697/697
f 2344/2344/2344  695/695/695  2342/2342/2342
f 2340/2340/2340  697/697/697  699/699/699
f 2342/2342/2342  697/697/697  2340/2340/2340
f 2338/2338/2338  699/699/699  701/701/701
f 2340/2340/2340  699/699/699  2338/2338/2338
f 630/630/630  705/705/705  703/703/703
f 2336/2336/2336  702/702/702  704/704/704
f 630/630/630  707/707/707  705/705/705
f 2338/2338/2338  701/701/701  2335/2335/2335
f 703/703/703  700/700/700  630/630/630
f 2333/2333/2333  704/704/704  706/706/706
f 2336/2336/2336  704/704/704  2333/2333/2333
f 2331/2331/2331  706/706/706  708/708/708
f 2333/2333/2333  706/706/706  2331/2331/2331
f 2329/2329/2329  708/708/708  710/710/710
f 2331/2331/2331  708/708/708  2329/2329/2329
f 2327/2327/2327  710/710/710  712/712/712
f 2329/2329/2329  710/710/710  2327/2327/2327
f 2325/2325/2325  712/712/712  714/714/714
f 2327/2327/2327  712/712/712  2325/2325/2325
f 2323/2323/2323  714/714/714  716/716/716
f 2325/2325/2325  714/714/714  2323/2323/2323
f 2321/2321/2321  716/716/716  718/718/718
f 2323/2323/2323  716/716/716  2321/2321/2321
f 2319/2319/2319  718/718/718  720/720/720
f 2321/2321/2321  718/718/718  2319/2319/2319
f 2317/2317/2317  720/720/720  722/722/722
f 2319/2319/2319  720/720/720  2317/2317/2317
f 2315/2315/2315  722/722/722  724/724/724
f 2317/2317/2317  722/722/722  2315/2315/2315
f 2313/2313/2313  724/724/724  726/726/726
f 2315/2315/2315  724/724/724  2313/2313/2313
f 2311/2311/2311  726/726/726  728/728/728
f 2313/2313/2313  726/726/726  2311/2311/2311
f 2309/2309/2309  728/728/728  730/730/730
f 2311/2311/2311  728/728/728  2309/2309/2309
f 2307/2307/2307  730/730/730  732/732/732
f 2309/2309/2309  730/730/730  2307/2307/2307
f 2305/2305/2305  732/732/732  734/734/734
f 2307/2307/2307  732/732/732  2305/2305/2305
f 2303/2303/2303  734/734/734  736/736/736
f 2305/2305/2305  734/734/734  2303/2303/2303
f 2301/2301/2301  736/736/736  738/738/738
f 2303/2303/2303  736/736/736  2301/2301/2301
f 2299/2299/2299  738/738/738  740/740/740
f 2301/2301/2301  738/738/738  2299/2299/2299
f 2297/2297/2297  740/740/740  742/742/742
f 2299/2299/2299  740/740/740  2297/2297/2297
f 2297/2297/2297  742/742/742  2295/2295/2295
f 902/902/902  746/746/746  743/743/743
f 2584/2584/2584  744/744/744  747/747/747
f 2426/2426/2426  904/904/904  745/745/745
f 2584/2584/2584  2425/2425/2425  744/744/744
f 902/902/902  749/749/749  746/746/746
f 2581/2581/2581  748/748/748  750/750/750
f 2585/2585/2585  748/748/748  2581/2581/2581
f 899/899/899  752/752/752  749/749/749
f 2582/2582/2582  751/751/751  753/753/753
f 902/902/902  899/899/899  749/749/749
f 894/894/894  754/754/754  752/752/752
f 2579/2579/2579  753/753/753  755/755/755
f 897/897/897  894/894/894  752/752/752
f 899/899/899  897/897/897  752/752/752
f 2582/2582/2582  753/753/753  2579/2579/2579
f 892/892/892  757/757/757  754/754/754
f 2577/2577/2577  756/756/756  758/758/758
f 894/894/894  892/892/892  754/754/754
f 2579/2579/2579  755/755/755  2576/2576/2576
f 892/892/892  759/759/759  757/757/757
f 2574/2574/2574  758/758/758  760/760/760
f 2577/2577/2577  758/758/758  2574/2574/2574
f 885/885/885  761/761/761  759/759/759
f 2572/2572/2572  760/760/760  762/762/762
f 887/887/887  885/885/885  759/759/759
f 889/889/889  887/887/887  759/759/759
f 892/892/892  889/889/889  759/759/759
f 2574/2574/2574  760/760/760  2572/2572/2572
f 778/778/778  764/764/764  761/761/761
f 2570/2570/2570  763/763/763  765/765/765
f 781/781/781  778/778/778  761/761/761
f 882/882/882  781/781/781  761/761/761
f 885/885/885  882/882/882  761/761/761
f 2572/2572/2572  762/762/762  2569/2569/2569
f 776/776/776  766/766/766  764/764/764
f 2567/2567/2567  765/765/765  767/767/767
f 778/778/778  776/776/776  764/764/764
f 2570/2570/2570  765/765/765  2567/2567/2567
f 771/771/771  768/768/768  766/766/766
f 2565/2565/2565  767/767/767  769/769/769
f 773/773/773  771/771/771  766/766/766
f 776/776/776  773/773/773  766/766/766
f 2567/2567/2567  767/767/767  2565/2565/2565
f 2563/2563/2563  770/770/770  772/772/772
f 2565/2565/2565  769/769/769  2562/2562/2562
f 2560/2560/2560  772/772/772  774/774/774
f 2563/2563/2563  772/772/772  2560/2560/2560
f 2558/2558/2558  775/775/775  777/777/777
f 2560/2560/2560  774/774/774  2557/2557/2557
f 2555/2555/2555  777/777/777  779/779/779
f 2558/2558/2558  777/777/777  2555/2555/2555
f 2553/2553/2553  780/780/780  782/782/782
f 2555/2555/2555  779/779/779  2552/2552/2552
f 877/877/877  783/783/783  781/781/781
f 2550/2550/2550  782/782/782  784/784/784
f 880/880/880  877/877/877  781/781/781
f 882/882/882  880/880/880  781/781/781
f 2553/2553/2553  782/782/782  2550/2550/2550
f 867/867/867  786/786/786  783/783/783
f 2548/2548/2548  785/785/785  787/787/787
f 870/870/870  867/867/867  783/783/783
f 872/872/872  870/870/870  783/783/783
f 875/875/875  872/872/872  783/783/783
f 877/877/877  875/875/875  783/783/783
f 2550/2550/2550  784/784/784  2547/2547/2547
f 864/864/864  789/789/789  786/786/786
f 2545/2545/2545  788/788/788  790/790/790
f 867/867/867  864/864/864  786/786/786
f 2548/2548/2548  787/787/787  2544/2544/2544
f 862/862/862  791/791/791  789/789/789
f 2542/2542/2542  790/790/790  792/792/792
f 864/864/864  862/862/862  789/789/789
f 2545/2545/2545  790/790/790  2542/2542/2542
f 862/862/862  794/794/794  791/791/791
f 2540/2540/2540  793/793/793  795/795/795
f 2542/2542/2542  792/792/792  2539/2539/2539
f 859/859/859  796/796/796  794/794/794
f 2537/2537/2537  795/795/795  797/797/797
f 862/862/862  859/859/859  794/794/794
f 2540/2540/2540  795/795/795  2537/2537/2537
f 859/859/859  799/799/799  796/796/796
f 2535/2535/2535  798/798/798  800/800/800
f 2537/2537/2537  797/797/797  2534/2534/2534
f 859/859/859  801/801/801  799/799/799
f 2532/2532/2532  800/800/800  802/802/802
f 2535/2535/2535  800/800/800  2532/2532/2532
f 840/840/840  804/804/804  801/801/801
f 2530/2530/2530  803/803/803  805/805/805
f 842/842/842  840/840/840  801/801/801
f 857/857/857  842/842/842  801/801/801
f 859/859/859  857/857/857  801/801/801
f 2532/2532/2532  802/802/802  2529/2529/2529
f 840/840/840  806/806/806  804/804/804
f 2527/2527/2527  805/805/805  807/807/807
f 2530/2530/2530  805/805/805  2527/2527/2527
f 840/840/840  808/808/808  806/806/806
f 2525/2525/2525  807/807/807  809/809/809
f 2527/2527/2527  807/807/807  2525/2525/2525
f 837/837/837  811/811/811  808/808/808
f 2523/2523/2523  810/810/810  812/812/812
f 840/840/840  837/837/837  808/808/808
f 2525/2525/2525  809/809/809  2522/2522/2522
f 835/835/835  813/813/813  811/811/811
f 2520/2520/2520  812/812/812  814/814/814
f 837/837/837  835/835/835  811/811/811
f 2523/2523/2523  812/812/812  2520/2520/2520
f 832/832/832  816/816/816  813/813/813
f 2518/2518/2518  815/815/815  817/817/817
f 835/835/835  832/832/832  813/813/813
f 2520/2520/2520  814/814/814  2517/2517/2517
f 830/830/830  818/818/818  816/816/816
f 2515/2515/2515  817/817/817  819/819/819
f 832/832/832  830/830/830  816/816/816
f 2518/2518/2518  817/817/817  2515/2515/2515
f 827/827/827  821/821/821  818/818/818
f 2509/2509/2509  820/820/820  822/822/822
f 830/830/830  827/827/827  818/818/818
f 2513/2513/2513  820/820/820  2509/2509/2509
f 2515/2515/2515  819/819/819  2512/2512/2512
f 827/827/827  824/824/824  821/821/821
f 2506/2506/2506  823/823/823  825/825/825
f 2510/2510/2510  823/823/823  2506/2506/2506
f 2503/2503/2503  826/826/826  828/828/828
f 2507/2507/2507  826/826/826  2503/2503/2503
f 2504/2504/2504  829/829/829  831/831/831
f 2501/2501/2501  831/831/831  833/833/833
f 2504/2504/2504  831/831/831  2501/2501/2501
f 2499/2499/2499  834/834/834  836/836/836
f 2501/2501/2501  833/833/833  2498/2498/2498
f 2496/2496/2496  836/836/836  838/838/838
f 2499/2499/2499  836/836/836  2496/2496/2496
f 2494/2494/2494  839/839/839  841/841/841
f 2496/2496/2496  838/838/838  2493/2493/2493
f 2491/2491/2491  841/841/841  843/843/843
f 2494/2494/2494  841/841/841  2491/2491/2491
f 854/854/854  845/845/845  842/842/842
f 2489/2489/2489  844/844/844  846/846/846
f 857/857/857  854/854/854  842/842/842
f 2491/2491/2491  843/843/843  2488/2488/2488
f 852/852/852  847/847/847  845/845/845
f 2486/2486/2486  846/846/846  848/848/848
f 854/854/854  852/852/852  845/845/845
f 2489/2489/2489  846/846/846  2486/2486/2486
f 852/852/852  849/849/849  847/847/847
f 2484/2484/2484  848/848/848  850/850/850
f 2486/2486/2486  848/848/848  2484/2484/2484
f 2482/2482/2482  851/851/851  853/853/853
f 2484/2484/2484  850/850/850  2481/2481/2481
f 2479/2479/2479  853/853/853  855/855/855
f 2482/2482/2482  853/853/853  2479/2479/2479
f 2477/2477/2477  856/856/856  858/858/858
f 2479/2479/2479  855/855/855  2476/2476/2476
f 2474/2474/2474  858/858/858  860/860/860
f 2477/2477/2477  858/858/858  2474/2474/2474
f 2472/2472/2472  861/861/861  863/863/863
f 2474/2474/2474  860/860/860  2471/2471/2471
f 2469/2469/2469  863/863/863  865/865/865
f 2472/2472/2472  863/863/863  2469/2469/2469
f 2463/2463/2463  866/866/866  868/868/868
f 2467/2467/2467  866/866/866  2463/2463/2463
f 2469/2469/2469  865/865/865  2466/2466/2466
f 2464/2464/2464  869/869/869  871/871/871
f 2461/2461/2461  871/871/871  873/873/873
f 2464/2464/2464  871/871/871  2461/2461/2461
f 2459/2459/2459  874/874/874  876/876/876
f 2461/2461/2461  873/873/873  2458/2458/2458
f 2456/2456/2456  876/876/876  878/878/878
f 2459/2459/2459  876/876/876  2456/2456/2456
f 2454/2454/2454  879/879/879  881/881/881
f 2456/2456/2456  878/878/878  2453/2453/2453
f 2451/2451/2451  881/881/881  883/883/883
f 2454/2454/2454  881/881/881  2451/2451/2451
f 2449/2449/2449  884/884/884  886/886/886
f 2451/2451/2451  883/883/883  2448/2448/2448
f 2446/2446/2446  886/886/886  888/888/888
f 2449/2449/2449  886/886/886  2446/2446/2446
f 2444/2444/2444  888/888/888  890/890/890
f 2446/2446/2446  888/888/888  2444/2444/2444
f 2442/2442/2442  891/891/891  893/893/893
f 2444/2444/2444  890/890/890  2441/2441/2441
f 2439/2439/2439  893/893/893  895/895/895
f 2442/2442/2442  893/893/893  2439/2439/2439
f 2437/2437/2437  896/896/896  898/898/898
f 2439/2439/2439  895/895/895  2436/2436/2436
f 2434/2434/2434  898/898/898  900/900/900
f 2437/2437/2437  898/898/898  2434/2434/2434
f 2428/2428/2428  901/901/901  903/903/903
f 2432/2432/2432  901/901/901  2428/2428/2428
f 2434/2434/2434  900/900/900  2431/2431/2431
f 2429/2429/2429  904/904/904  2426/2426/2426
f 1064/1064/1064  908/908/908  905/905/905
f 2746/2746/2746  906/906/906  909/909/909
f 2588/2588/2588  1066/1066/1066  907/907/907
f 2746/2746/2746  2587/2587/2587  906/906/906
f 1064/1064/1064  911/911/911  908/908/908
f 2743/2743/2743  910/910/910  912/912/912
f 2747/2747/2747  910/910/910  2743/2743/2743
f 1061/1061/1061  914/914/914  911/911/911
f 2744/2744/2744  913/913/913  915/915/915
f 1064/1064/1064  1061/1061/1061  911/911/911
f 1056/1056/1056  916/916/916  914/914/914
f 2741/2741/2741  915/915/915  917/917/917
f 1059/1059/1059  1056/1056/1056  914/914/914
f 1061/1061/1061  1059/1059/1059  914/914/914
f 2744/2744/2744  915/915/915  2741/2741/2741
f 1054/1054/1054  919/919/919  916/916/916
f 2739/2739/2739  918/918/918  920/920/920
f 1056/1056/1056  1054/1054/1054  916/916/916
f 2741/2741/2741  917/917/917  2738/2738/2738
f 1054/1054/1054  921/921/921  919/919/919
f 2736/2736/2736  920/920/920  922/922/922
f 2739/2739/2739  920/920/920  2736/2736/2736
f 1047/1047/1047  923/923/923  921/921/921
f 2734/2734/2734  922/922/922  924/924/924
f 1049/1049/1049  1047/1047/1047  921/921/921
f 1051/1051/1051  1049/1049/1049  921/921/921
f 1054/1054/1054  1051/1051/1051  921/921/921
f 2736/2736/2736  922/922/922  2734/2734/2734
f 940/940/940  926/926/926  923/923/923
f 2732/2732/2732  925/925/925  927/927/927
f 943/943/943  940/940/940  923/923/923
f 1044/1044/1044  943/943/943  923/923/923
f 1047/1047/1047  1044/1044/1044  923/923/923
f 2734/2734/2734  924/924/924  2731/2731/2731
f 938/938/938  928/928/928  926/926/926
f 2729/2729/2729  927/927/927  929/929/929
f 940/940/940  938/938/938  926/926/926
f 2732/2732/2732  927/927/927  2729/2729/2729
f 933/933/933  930/930/930  928/928/928
f 2727/2727/2727  929/929/929  931/931/931
f 935/935/935  933/933/933  928/928/928
f 938/938/938  935/935/935  928/928/928
f 2729/2729/2729  929/929/929  2727/2727/2727
f 2725/2725/2725  932/932/932  934/934/934
f 2727/2727/2727  931/931/931  2724/2724/2724
f 2722/2722/2722  934/934/934  936/936/936
f 2725/2725/2725  934/934/934  2722/2722/2722
f 2720/2720/2720  937/937/937  939/939/939
f 2722/2722/2722  936/936/936  2719/2719/2719
f 2717/2717/2717  939/939/939  941/941/941
f 2720/2720/2720  939/939/939  2717/2717/2717
f 2715/2715/2715  942/942/942  944/944/944
f 2717/2717/2717  941/941/941  2714/2714/2714
f 1039/1039/1039  945/945/945  943/943/943
f 2712/2712/2712  944/944/944  946/946/946
f 1042/1042/1042  1039/1039/1039  943/943/943
f 1044/1044/1044  1042/1042/1042  943/943/943
f 2715/2715/2715  944/944/944  2712/2712/2712
f 1029/1029/1029  948/948/948  945/945/945
f 2710/2710/2710  947/947/947  949/949/949
f 1032/1032/1032  1029/1029/1029  945/945/945
f 1034/1034/1034  1032/1032/1032  945/945/945
f 1037/1037/1037  1034/1034/1034  945/945/945
f 1039/1039/1039  1037/1037/1037  945/945/945
f 2712/2712/2712  946/946/946  2709/2709/2709
f 1026/1026/1026  951/951/951  948/948/948
f 2707/2707/2707  950/950/950  952/952/952
f 1029/1029/1029  1026/1026/1026  948/948/948
f 2710/2710/2710  949/949/949  2706/2706/2706
f 1024/1024/1024  953/953/953  951/951/951
f 2704/2704/2704  952/952/952  954/954/954
f 1026/1026/1026  1024/1024/1024  951/951/951
f 2707/2707/2707  952/952/952  2704/2704/2704
f 1024/1024/1024  956/956/956  953/953/953
f 2702/2702/2702  955/955/955  957/957/957
f 2704/2704/2704  954/954/954  2701/2701/2701
f 1021/1021/1021  958/958/958  956/956/956
f 2699/2699/2699  957/957/957  959/959/959
f 1024/1024/1024  1021/1021/1021  956/956/956
f 2702/2702/2702  957/957/957  2699/2699/2699
f 1021/1021/1021  961/961/961  958/958/958
f 2697/2697/2697  960/960/960  962/962/962
f 2699/2699/2699  959/959/959  2696/2696/2696
f 1021/1021/1021  963/963/963  961/961/961
f 2694/2694/2694  962/962/962  964/964/964
f 2697/2697/2697  962/962/962  2694/2694/2694
f 1002/1002/1002  966/966/966  963/963/963
f 2692/2692/2692  965/965/965  967/967/967
f 1004/1004/1004  1002/1002/1002  963/963/963
f 1019/1019/1019  1004/1004/1004  963/963/963
f 1021/1021/1021  1019/1019/1019  963/963/963
f 2694/2694/2694  964/964/964  2691/2691/2691
f 1002/1002/1002  968/968/968  966/966/966
f 2689/2689/2689  967/967/967  969/969/969
f 2692/2692/2692  967/967/967  2689/2689/2689
f 1002/1002/1002  970/970/970  968/968/968
f 2687/2687/2687  969/969/969  971/971/971
f 2689/2689/2689  969/969/969  2687/2687/2687
f 999/999/999  973/973/973  970/970/970
f 2685/2685/2685  972/972/972  974/974/974
f 1002/1002/1002  999/999/999  970/970/970
f 2687/2687/2687  971/971/971  2684/2684/2684
f 997/997/997  975/975/975  973/973/973
f 2682/2682/2682  974/974/974  976/976/976
f 999/999/999  997/997/997  973/973/973
f 2685/2685/2685  974/974/974  2682/2682/2682
f 994/994/994  978/978/978  975/975/975
f 2680/2680/2680  977/977/977  979/979/979
f 997/997/997  994/994/994  975/975/975
f 2682/2682/2682  976/976/976  2679/2679/2679
f 992/992/992  980/980/980  978/978/978
f 2677/2677/2677  979/979/979  981/981/981
f 994/994/994  992/992/992  978/978/978
f 2680/2680/2680  979/979/979  2677/2677/2677
f 989/989/989  983/983/983  980/980/980
f 2671/2671/2671  982/982/982  984/984/984
f 992/992/992  989/989/989  980/980/980
f 2675/2675/2675  982/982/982  2671/2671/2671
f 2677/2677/2677  981/981/981  2674/2674/2674
f 989/989/989  986/986/986  983/983/983
f 2668/2668/2668  985/985/985  987/987/987
f 2672/2672/2672  985/985/985  2668/2668/2668
f 2665/2665/2665  988/988/988  990/990/990
f 2669/2669/2669  988/988/988  2665/2665/2665
f 2666/2666/2666  991/991/991  993/993/993
f 2663/2663/2663  993/993/993  995/995/995
f 2666/2666/2666  993/993/993  2663/2663/2663
f 2661/2661/2661  996/996/996  998/998/998
f 2663/2663/2663  995/995/995  2660/2660/2660
f 2658/2658/2658  998/998/998  1000/1000/1000
f 2661/2661/2661  998/998/998  2658/2658/2658
f 2656/2656/2656  1001/1001/1001  1003/1003/1003
f 2658/2658/2658  1000/1000/1000  2655/2655/2655
f 2653/2653/2653  1003/1003/1003  1005/1005/1005
f 2656/2656/2656  1003/1003/1003  2653/2653/2653
f 1016/1016/1016  1007/1007/1007  1004/1004/1004
f 2651/2651/2651  1006/1006/1006  1008/1008/1008
f 1019/1019/1019  1016/1016/1016  1004/1004/1004
f 2653/2653/2653  1005/1005/1005  2650/2650/2650
f 1014/1014/1014  1009/1009/1009  1007/1007/1007
f 2648/2648/2648  1008/1008/1008  1010/1010/1010
f 1016/1016/1016  1014/1014/1014  1007/1007/1007
f 2651/2651/2651  1008/1008/1008  2648/2648/2648
f 1014/1014/1014  1011/1011/1011  1009/1009/1009
f 2646/2646/2646  1010/1010/1010  1012/1012/1012
f 2648/2648/2648  1010/1010/1010  2646/2646/2646
f 2644/2644/2644  1013/1013/1013  1015/1015/1015
f 2646/2646/2646  1012/1012/1012  2643/2643/2643
f 2641/2641/2641  1015/1015/1015  1017/1017/1017
f 2644/2644/2644  1015/1015/1015  2641/2641/2641
f 2639/2639/2639  1018/1018/1018  1020/1020/1020
f 2641/2641/2641  1017/1017/1017  2638/2638/2638
f 2636/2636/2636  1020/1020/1020  1022/1022/1022
f 2639/2639/2639  1020/1020/1020  2636/2636/2636
f 2634/2634/2634  1023/1023/1023  1025/1025/1025
f 2636/2636/2636  1022/1022/1022  2633/2633/2633
f 2631/2631/2631  1025/1025/1025  1027/1027/1027
f 2634/2634/2634  1025/1025/1025  2631/2631/2631
f 2625/2625/2625  1028/1028/1028  1030/1030/1030
f 2629/2629/2629  1028/1028/1028  2625/2625/2625
f 2631/2631/2631  1027/1027/1027  2628/2628/2628
f 2626/2626/2626  1031/1031/1031  1033/1033/1033
f 2623/2623/2623  1033/1033/1033  1035/1035/1035
f 2626/2626/2626  1033/1033/1033  2623/2623/2623
f 2621/2621/2621  1036/1036/1036  1038/1038/1038
f 2623/2623/2623  1035/1035/1035  2620/2620/2620
f 2618/2618/2618  1038/1038/1038  1040/1040/1040
f 2621/2621/2621  1038/1038/1038  2618/2618/2618
f 2616/2616/2616  1041/1041/1041  1043/1043/1043
f 2618/2618/2618  1040/1040/1040  2615/2615/2615
f 2613/2613/2613  1043/1043/1043  1045/1045/1045
f 2616/2616/2616  1043/1043/1043  2613/2613/2613
f 2611/2611/2611  1046/1046/1046  1048/1048/1048
f 2613/2613/2613  1045/1045/1045  2610/2610/2610
f 2608/2608/2608  1048/1048/1048  1050/1050/1050
f 2611/2611/2611  1048/1048/1048  2608/2608/2608
f 2606/2606/2606  1050/1050/1050  1052/1052/1052
f 2608/2608/2608  1050/1050/1050  2606/2606/2606
f 2604/2604/2604  1053/1053/1053  1055/1055/1055
f 2606/2606/2606  1052/1052/1052  2603/2603/2603
f 2601/2601/2601  1055/1055/1055  1057/1057/1057
f 2604/2604/2604  1055/1055/1055  2601/2601/2601
f 2599/2599/2599  1058/1058/1058  1060/1060/1060
f 2601/2601/2601  1057/1057/1057  2598/2598/2598
f 2596/2596/2596  1060/1060/1060  1062/1062/1062
f 2599/2599/2599  1060/1060/1060  2596/2596/2596
f 2590/2590/2590  1063/1063/1063  1065/1065/1065
f 2594/2594/2594  1063/1063/1063  2590/2590/2590
f 2596/2596/2596  1062/1062/1062  2593/2593/2593
f 2591/2591/2591  1066/1066/1066  2588/2588/2588
f 1073/1073/1073  1070/1070/1070  1067/1067/1067
f 2749/2749/2749  1068/1068/1068  1071/1071/1071
f 1135/1135/1135  1073/1073/1073  1067/1067/1067
f 2753/2753/2753  1137/1137/1137  1069/1069/1069
f 2753/2753/2753  1069/1069/1069  2750/2750/2750
f 2814/2814/2814  1072/1072/1072  1074/1074/1074
f 2817/2817/2817  2749/2749/2749  1071/1071/1071
f 2818/2818/2818  1072/1072/1072  2814/2814/2814
f 1135/1135/1135  1076/1076/1076  1073/1073/1073
f 2811/2811/2811  1075/1075/1075  1077/1077/1077
f 2815/2815/2815  1075/1075/1075  2811/2811/2811
f 1135/1135/1135  1079/1079/1079  1076/1076/1076
f 2812/2812/2812  1078/1078/1078  1080/1080/1080
f 1135/1135/1135  1081/1081/1081  1079/1079/1079
f 2809/2809/2809  1080/1080/1080  1082/1082/1082
f 2812/2812/2812  1080/1080/1080  2809/2809/2809
f 1135/1135/1135  1084/1084/1084  1081/1081/1081
f 2807/2807/2807  1083/1083/1083  1085/1085/1085
f 2809/2809/2809  1082/1082/1082  2806/2806/2806
f 1160/1160/1160  1087/1087/1087  1084/1084/1084
f 2804/2804/2804  1086/1086/1086  1088/1088/1088
f 1135/1135/1135  1132/1132/1132  1084/1084/1084
f 1138/1138/1138  1084/1084/1084  1132/1132/1132
f 1160/1160/1160  1084/1084/1084  1138/1138/1138
f 2807/2807/2807  1085/1085/1085  2803/2803/2803
f 1112/1112/1112  1090/1090/1090  1087/1087/1087
f 2801/2801/2801  1089/1089/1089  1091/1091/1091
f 1114/1114/1114  1112/1112/1112  1087/1087/1087
f 1116/1116/1116  1114/1114/1114  1087/1087/1087
f 1118/1118/1118  1116/1116/1116  1087/1087/1087
f 1121/1121/1121  1118/1118/1118  1087/1087/1087
f 1160/1160/1160  1121/1121/1121  1087/1087/1087
f 2804/2804/2804  1088/1088/1088  2800/2800/2800
f 1107/1107/1107  1093/1093/1093  1090/1090/1090
f 2798/2798/2798  1092/1092/1092  1094/1094/1094
f 1110/1110/1110  1107/1107/1107  1090/1090/1090
f 1112/1112/1112  1110/1110/1110  1090/1090/1090
f 2801/2801/2801  1091/1091/1091  2797/2797/2797
f 1099/1099/1099  1096/1096/1096  1093/1093/1093
f 2791/2791/2791  1095/1095/1095  1097/1097/1097
f 1102/1102/1102  1099/1099/1099  1093/1093/1093
f 1105/1105/1105  1102/1102/1102  1093/1093/1093
f 1107/1107/1107  1105/1105/1105  1093/1093/1093
f 2795/2795/2795  1095/1095/1095  2791/2791/2791
f 2798/2798/2798  1094/1094/1094  2794/2794/2794
f 2792/2792/2792  1098/1098/1098  1100/1100/1100
f 2789/2789/2789  1101/1101/1101  1103/1103/1103
f 2792/2792/2792  1100/1100/1100  2788/2788/2788
f 2786/2786/2786  1104/1104/1104  1106/1106/1106
f 2789/2789/2789  1103/1103/1103  2785/2785/2785
f 2783/2783/2783  1106/1106/1106  1108/1108/1108
f 2786/2786/2786  1106/1106/1106  2783/2783/2783
f 2781/2781/2781  1109/1109/1109  1111/1111/1111
f 2783/2783/2783  1108/1108/1108  2780/2780/2780
f 2778/2778/2778  1111/1111/1111  1113/1113/1113
f 2781/2781/2781  1111/1111/1111  2778/2778/2778
f 2776/2776/2776  1113/1113/1113  1115/1115/1115
f 2778/2778/2778  1113/1113/1113  2776/2776/2776
f 2774/2774/2774  1115/1115/1115  1117/1117/1117
f 2776/2776/2776  1115/1115/1115  2774/2774/2774
f 2772/2772/2772  1117/1117/1117  1119/1119/1119
f 2774/2774/2774  1117/1117/1117  2772/2772/2772
f 2766/2766/2766  1120/1120/1120  1122/1122/1122
f 2770/2770/2770  1120/1120/1120  2766/2766/2766
f 2772/2772/2772  1119/1119/1119  2769/2769/2769
f 1151/1151/1151  1124/1124/1124  1121/1121/1121
f 2767/2767/2767  1123/1123/1123  1125/1125/1125
f 1154/1154/1154  1151/1151/1151  1121/1121/1121
f 1157/1157/1157  1154/1154/1154  1121/1121/1121
f 1160/1160/1160  1157/1157/1157  1121/1121/1121
f 1146/1146/1146  1127/1127/1127  1124/1124/1124
f 2760/2760/2760  1126/1126/1126  1128/1128/1128
f 1148/1148/1148  1146/1146/1146  1124/1124/1124
f 1151/1151/1151  1148/1148/1148  1124/1124/1124
f 2764/2764/2764  1126/1126/1126  2760/2760/2760
f 2767/2767/2767  1125/1125/1125  2763/2763/2763
f 1146/1146/1146  1130/1130/1130  1127/1127/1127
f 2761/2761/2761  1129/1129/1129  1131/1131/1131
f 1146/1146/1146  1132/1132/1132  1130/1130/1130
f 2758/2758/2758  1131/1131/1131  1133/1133/1133
f 2761/2761/2761  1131/1131/1131  2758/2758/2758
f 2756/2756/2756  1134/1134/1134  1136/1136/1136
f 1141/1141/1141  1138/1138/1138  1132/1132/1132
f 1144/1144/1144  1141/1141/1141  1132/1132/1132
f 1146/1146/1146  1144/1144/1144  1132/1132/1132
f 2758/2758/2758  1133/1133/1133  2755/2755/2755
f 2756/2756/2756  1136/1136/1136  2752/2752/2752
f 2842/2842/2842  1139/1139/1139  1142/1142/1142
f 2824/2824/2824  1162/1162/1162  1140/1140/1140
f 2824/2824/2824  1140/1140/1140  2821/2821/2821
f 2842/2842/2842  2820/2820/2820  1139/1139/1139
f 2843/2843/2843  1143/1143/1143  1145/1145/1145
f 2840/2840/2840  1145/1145/1145  1147/1147/1147
f 2843/2843/2843  1145/1145/1145  2840/2840/2840
f 2838/2838/2838  1147/1147/1147  1149/1149/1149
f 2840/2840/2840  1147/1147/1147  2838/2838/2838
f 2836/2836/2836  1150/1150/1150  1152/1152/1152
f 2838/2838/2838  1149/1149/1149  2835/2835/2835
f 2829/2829/2829  1153/1153/1153  1155/1155/1155
f 2833/2833/2833  1153/1153/1153  2829/2829/2829
f 2836/2836/2836  1152/1152/1152  2832/2832/2832
f 2830/2830/2830  1156/1156/1156  1158/1158/1158
f 2827/2827/2827  1159/1159/1159  1161/1161/1161
f 2830/2830/2830  1158/1158/1158  2826/2826/2826
f 2827/2827/2827  1161/1161/1161  2823/2823/2823
f 1183/1183/1183  1166/1166/1166  1163/1163/1163
f 2900/2900/2900  1164/1164/1164  1167/1167/1167
f 1219/1219/1219  1183/1183/1183  1163/1163/1163
f 2848/2848/2848  1220/1220/1220  1165/1165/1165
f 2848/2848/2848  1165/1165/1165  2846/2846/2846
f 2900/2900/2900  2845/2845/2845  1164/1164/1164
f 1175/1175/1175  1169/1169/1169  1166/1166/1166
f 2901/2901/2901  1168/1168/1168  1170/1170/1170
f 1178/1178/1178  1175/1175/1175  1166/1166/1166
f 1180/1180/1180  1178/1178/1178  1166/1166/1166
f 1183/1183/1183  1180/1180/1180  1166/1166/1166
f 1175/1175/1175  1172/1172/1172  1169/1169/1169
f 2894/2894/2894  1171/1171/1171  1173/1173/1173
f 2898/2898/2898  1171/1171/1171  2894/2894/2894
f 2901/2901/2901  1170/1170/1170  2897/2897/2897
f 2891/2891/2891  1174/1174/1174  1176/1176/1176
f 2895/2895/2895  1174/1174/1174  2891/2891/2891
f 2892/2892/2892  1177/1177/1177  1179/1179/1179
f 2889/2889/2889  1179/1179/1179  1181/1181/1181
f 2892/2892/2892  1179/1179/1179  2889/2889/2889
f 2883/2883/2883  1182/1182/1182  1184/1184/1184
f 2887/2887/2887  1182/1182/1182  2883/2883/2883
f 2889/2889/2889  1181/1181/1181  2886/2886/2886
f 1203/1203/1203  1186/1186/1186  1183/1183/1183
f 2884/2884/2884  1185/1185/1185  1187/1187/1187
f 1206/1206/1206  1203/1203/1203  1183/1183/1183
f 1209/1209/1209  1206/1206/1206  1183/1183/1183
f 1211/1211/1211  1209/1209/1209  1183/1183/1183
f 1213/1213/1213  1211/1211/1211  1183/1183/1183
f 1216/1216/1216  1213/1213/1213  1183/1183/1183
f 1219/1219/1219  1216/1216/1216  1183/1183/1183
f 1203/1203/1203  1189/1189/1189  1186/1186/1186
f 2881/2881/2881  1188/1188/1188  1190/1190/1190
f 2884/2884/2884  1187/1187/1187  2880/2880/2880
f 1203/1203/1203  1192/1192/1192  1189/1189/1189
f 2878/2878/2878  1191/1191/1191  1193/1193/1193
f 2881/2881/2881  1190/1190/1190  2877/2877/2877
f 1203/1203/1203  1194/1194/1194  1192/1192/1192
f 2875/2875/2875  1193/1193/1193  1195/1195/1195
f 2878/2878/2878  1193/1193/1193  2875/2875/2875
f 1203/1203/1203  1197/1197/1197  1194/1194/1194
f 2869/2869/2869  1196/1196/1196  1198/1198/1198
f 2873/2873/2873  1196/1196/1196  2869/2869/2869
f 2875/2875/2875  1195/1195/1195  2872/2872/2872
f 1203/1203/1203  1200/1200/1200  1197/1197/1197
f 2866/2866/2866  1199/1199/1199  1201/1201/1201
f 2870/2870/2870  1199/1199/1199  2866/2866/2866
f 2863/2863/2863  1202/1202/1202  1204/1204/1204
f 2867/2867/2867  1202/1202/1202  2863/2863/2863
f 2860/2860/2860  1205/1205/1205  1207/1207/1207
f 2864/2864/2864  1205/1205/1205  2860/2860/2860
f 2861/2861/2861  1208/1208/1208  1210/1210/1210
f 2858/2858/2858  1210/1210/1210  1212/1212/1212
f 2861/2861/2861  1210/1210/1210  2858/2858/2858
f 2856/2856/2856  1212/1212/1212  1214/1214/1214
f 2858/2858/2858  1212/1212/1212  2856/2856/2856
f 2854/2854/2854  1215/1215/1215  1217/1217/1217
f 2856/2856/2856  1214/1214/1214  2853/2853/2853
f 2851/2851/2851  1218/1218/1218  1220/1220/1220
f 2854/2854/2854  1217/1217/1217  2850/2850/2850
f 2851/2851/2851  1220/1220/1220  2848/2848/2848
f 1227/1227/1227  1224/1224/1224  1221/1221/1221
f 3069/3069/3069  1222/1222/1222  1225/1225/1225
f 1387/1387/1387  1227/1227/1227  1221/1221/1221
f 2907/2907/2907  1389/1389/1389  1223/1223/1223
f 2907/2907/2907  1223/1223/1223  2904/2904/2904
f 3069/3069/3069  2903/2903/2903  1222/1222/1222
f 3066/3066/3066  1226/1226/1226  1228/1228/1228
f 3070/3070/3070  1226/1226/1226  3066/3066/3066
f 1385/1385/1385  1230/1230/1230  1227/1227/1227
f 3063/3063/3063  1229/1229/1229  1231/1231/1231
f 1387/1387/1387  1385/1385/1385  1227/1227/1227
f 3067/3067/3067  1229/1229/1229  3063/3063/3063
f 1383/1383/1383  1233/1233/1233  1230/1230/1230
f 3060/3060/3060  1232/1232/1232  1234/1234/1234
f 1385/1385/1385  1383/1383/1383  1230/1230/1230
f 3064/3064/3064  1232/1232/1232  3060/3060/3060
f 1383/1383/1383  1236/1236/1236  1233/1233/1233
f 3057/3057/3057  1235/1235/1235  1237/1237/1237
f 3061/3061/3061  1235/1235/1235  3057/3057/3057
f 1372/1372/1372  1239/1239/1239  1236/1236/1236
f 3058/3058/3058  1238/1238/1238  1240/1240/1240
f 1375/1375/1375  1372/1372/1372  1236/1236/1236
f 1378/1378/1378  1375/1375/1375  1236/1236/1236
f 1380/1380/1380  1378/1378/1378  1236/1236/1236
f 1383/1383/1383  1380/1380/1380  1236/1236/1236
f 1372/1372/1372  1242/1242/1242  1239/1239/1239
f 3055/3055/3055  1241/1241/1241  1243/1243/1243
f 3058/3058/3058  1240/1240/1240  3054/3054/3054
f 1366/1366/1366  1245/1245/1245  1242/1242/1242
f 3052/3052/3052  1244/1244/1244  1246/1246/1246
f 1369/1369/1369  1366/1366/1366  1242/1242/1242
f 1372/1372/1372  1369/1369/1369  1242/1242/1242
f 3055/3055/3055  1243/1243/1243  3051/3051/3051
f 1361/1361/1361  1248/1248/1248  1245/1245/1245
f 3049/3049/3049  1247/1247/1247  1249/1249/1249
f 1364/1364/1364  1361/1361/1361  1245/1245/1245
f 1366/1366/1366  1364/1364/1364  1245/1245/1245
f 3052/3052/3052  1246/1246/1246  3048/3048/3048
f 1358/1358/1358  1251/1251/1251  1248/1248/1248
f 3042/3042/3042  1250/1250/1250  1252/1252/1252
f 1361/1361/1361  1358/1358/1358  1248/1248/1248
f 3046/3046/3046  1250/1250/1250  3042/3042/3042
f 3049/3049/3049  1249/1249/1249  3045/3045/3045
f 1358/1358/1358  1254/1254/1254  1251/1251/1251
f 3039/3039/3039  1253/1253/1253  1255/1255/1255
f 3043/3043/3043  1253/1253/1253  3039/3039/3039
f 1358/1358/1358  1257/1257/1257  1254/1254/1254
f 3036/3036/3036  1256/1256/1256  1258/1258/1258
f 3040/3040/3040  1256/1256/1256  3036/3036/3036
f 1350/1350/1350  1260/1260/1260  1257/1257/1257
f 3033/3033/3033  1259/1259/1259  1261/1261/1261
f 1353/1353/1353  1350/1350/1350  1257/1257/1257
f 1356/1356/1356  1353/1353/1353  1257/1257/1257
f 1358/1358/1358  1356/1356/1356  1257/1257/1257
f 3037/3037/3037  1259/1259/1259  3033/3033/3033
f 1344/1344/1344  1263/1263/1263  1260/1260/1260
f 3034/3034/3034  1262/1262/1262  1264/1264/1264
f 1347/1347/1347  1344/1344/1344  1260/1260/1260
f 1350/1350/1350  1347/1347/1347  1260/1260/1260
f 1341/1341/1341  1266/1266/1266  1263/1263/1263
f 3031/3031/3031  1265/1265/1265  1267/1267/1267
f 1344/1344/1344  1341/1341/1341  1263/1263/1263
f 3034/3034/3034  1264/1264/1264  3030/3030/3030
f 1335/1335/1335  1268/1268/1268  1266/1266/1266
f 3028/3028/3028  1267/1267/1267  1269/1269/1269
f 1337/1337/1337  1335/1335/1335  1266/1266/1266
f 1339/1339/1339  1337/1337/1337  1266/1266/1266
f 1341/1341/1341  1339/1339/1339  1266/1266/1266
f 3031/3031/3031  1267/1267/1267  3028/3028/3028
f 1328/1328/1328  1271/1271/1271  1268/1268/1268
f 3026/3026/3026  1270/1270/1270  1272/1272/1272
f 1331/1331/1331  1328/1328/1328  1268/1268/1268
f 1333/1333/1333  1331/1331/1331  1268/1268/1268
f 1335/1335/1335  1333/1333/1333  1268/1268/1268
f 3028/3028/3028  1269/1269/1269  3025/3025/3025
f 1325/1325/1325  1274/1274/1274  1271/1271/1271
f 3023/3023/3023  1273/1273/1273  1275/1275/1275
f 1328/1328/1328  1325/1325/1325  1271/1271/1271
f 3026/3026/3026  1272/1272/1272  3022/3022/3022
f 1325/1325/1325  1276/1276/1276  1274/1274/1274
f 3020/3020/3020  1275/1275/1275  1277/1277/1277
f 3023/3023/3023  1275/1275/1275  3020/3020/3020
f 1325/1325/1325  1278/1278/1278  1276/1276/1276
f 3018/3018/3018  1277/1277/1277  1279/1279/1279
f 3020/3020/3020  1277/1277/1277  3018/3018/3018
f 1325/1325/1325  1281/1281/1281  1278/1278/1278
f 3012/3012/3012  1280/1280/1280  1282/1282/1282
f 3016/3016/3016  1280/1280/1280  3012/3012/3012
f 3018/3018/3018  1279/1279/1279  3015/3015/3015
f 1293/1293/1293  1284/1284/1284  1281/1281/1281
f 3013/3013/3013  1283/1283/1283  1285/1285/1285
f 1296/1296/1296  1293/1293/1293  1281/1281/1281
f 1299/1299/1299  1296/1296/1296  1281/1281/1281
f 1301/1301/1301  1299/1299/1299  1281/1281/1281
f 1281/1281/1281  1307/1307/1307  1304/1304/1304
f 1309/1309/1309  1307/1307/1307  1281/1281/1281
f 1311/1311/1311  1309/1309/1309  1281/1281/1281
f 1313/1313/1313  1311/1311/1311  1281/1281/1281
f 1315/1315/1315  1313/1313/1313  1281/1281/1281
f 1317/1317/1317  1315/1315/1315  1281/1281/1281
f 1319/1319/1319  1317/1317/1317  1281/1281/1281
f 1322/1322/1322  1319/1319/1319  1281/1281/1281
f 1325/1325/1325  1322/1322/1322  1281/1281/1281
f 1293/1293/1293  1287/1287/1287  1284/1284/1284
f 3010/3010/3010  1286/1286/1286  1288/1288/1288
f 3013/3013/3013  1285/1285/1285  3009/3009/3009
f 1293/1293/1293  1290/1290/1290  1287/1287/1287
f 3007/3007/3007  1289/1289/1289  1291/1291/1291
f 3010/3010/3010  1288/1288/1288  3006/3006/3006
f 3000/3000/3000  1292/1292/1292  1294/1294/1294
f 3004/3004/3004  1292/1292/1292  3000/3000/3000
f 3007/3007/3007  1291/1291/1291  3003/3003/3003
f 2997/2997/2997  1295/1295/1295  1297/1297/1297
f 3001/3001/3001  1295/1295/1295  2997/2997/2997
f 2998/2998/2998  1298/1298/1298  1300/1300/1300
f 2995/2995/2995  1300/1300/1300  1302/1302/1302
f 2998/2998/2998  1300/1300/1300  2995/2995/2995
f 1304/1304/1304  1301/1301/1301  1281/1281/1281
f 2993/2993/2993  1303/1303/1303  1305/1305/1305
f 2995/2995/2995  1302/1302/1302  2992/2992/2992
f 2990/2990/2990  1306/1306/1306  1308/1308/1308
f 2993/2993/2993  1305/1305/1305  2989/2989/2989
f 2987/2987/2987  1308/1308/1308  1310/1310/1310
f 2990/2990/2990  1308/1308/1308  2987/2987/2987
f 2985/2985/2985  1310/1310/1310  1312/1312/1312
f 2987/2987/2987  1310/1310/1310  2985/2985/2985
f 2983/2983/2983  1312/1312/1312  1314/1314/1314
f 2985/2985/2985  1312/1312/1312  2983/2983/2983
f 2981/2981/2981  1314/1314/1314  1316/1316/1316
f 2983/2983/2983  1314/1314/1314  2981/2981/2981
f 2979/2979/2979  1316/1316/1316  1318/1318/1318
f 2981/2981/2981  1316/1316/1316  2979/2979/2979
f 2977/2977/2977  1318/1318/1318  1320/1320/1320
f 2979/2979/2979  1318/1318/1318  2977/2977/2977
f 2971/2971/2971  1321/1321/1321  1323/1323/1323
f 2975/2975/2975  1321/1321/1321  2971/2971/2971
f 2977/2977/2977  1320/1320/1320  2974/2974/2974
f 2972/2972/2972  1324/1324/1324  1326/1326/1326
f 2969/2969/2969  1327/1327/1327  1329/1329/1329
f 2972/2972/2972  1326/1326/1326  2968/2968/2968
f 2966/2966/2966  1330/1330/1330  1332/1332/1332
f 2969/2969/2969  1329/1329/1329  2965/2965/2965
f 2963/2963/2963  1332/1332/1332  1334/1334/1334
f 2966/2966/2966  1332/1332/1332  2963/2963/2963
f 2961/2961/2961  1334/1334/1334  1336/1336/1336
f 2963/2963/2963  1334/1334/1334  2961/2961/2961
f 2959/2959/2959  1336/1336/1336  1338/1338/1338
f 2961/2961/2961  1336/1336/1336  2959/2959/2959
f 2957/2957/2957  1338/1338/1338  1340/1340/1340
f 2959/2959/2959  1338/1338/1338  2957/2957/2957
f 2955/2955/2955  1340/1340/1340  1342/1342/1342
f 2957/2957/2957  1340/1340/1340  2955/2955/2955
f 2953/2953/2953  1343/1343/1343  1345/1345/1345
f 2955/2955/2955  1342/1342/1342  2952/2952/2952
f 2950/2950/2950  1346/1346/1346  1348/1348/1348
f 2953/2953/2953  1345/1345/1345  2949/2949/2949
f 2943/2943/2943  1349/1349/1349  1351/1351/1351
f 2947/2947/2947  1349/1349/1349  2943/2943/2943
f 2950/2950/2950  1348/1348/1348  2946/2946/2946
f 2940/2940/2940  1352/1352/1352  1354/1354/1354
f 2944/2944/2944  1352/1352/1352  2940/2940/2940
f 2941/2941/2941  1355/1355/1355  1357/1357/1357
f 2938/2938/2938  1357/1357/1357  1359/1359/1359
f 2941/2941/2941  1357/1357/1357  2938/2938/2938
f 2936/2936/2936  1360/1360/1360  1362/1362/1362
f 2938/2938/2938  1359/1359/1359  2935/2935/2935
f 2933/2933/2933  1363/1363/1363  1365/1365/1365
f 2936/2936/2936  1362/1362/1362  2932/2932/2932
f 2930/2930/2930  1365/1365/1365  1367/1367/1367
f 2933/2933/2933  1365/1365/1365  2930/2930/2930
f 2924/2924/2924  1368/1368/1368  1370/1370/1370
f 2928/2928/2928  1368/1368/1368  2924/2924/2924
f 2930/2930/2930  1367/1367/1367  2927/2927/2927
f 2925/2925/2925  1371/1371/1371  1373/1373/1373
f 2918/2918/2918  1374/1374/1374  1376/1376/1376
f 2922/2922/2922  1374/1374/1374  2918/2918/2918
f 2925/2925/2925  1373/1373/1373  2921/2921/2921
f 2919/2919/2919  1377/1377/1377  1379/1379/1379
f 2916/2916/2916  1379/1379/1379  1381/1381/1381
f 2919/2919/2919  1379/1379/1379  2916/2916/2916
f 2914/2914/2914  1382/1382/1382  1384/1384/1384
f 2916/2916/2916  1381/1381/1381  2913/2913/2913
f 2911/2911/2911  1384/1384/1384  1386/1386/1386
f 2914/2914/2914  1384/1384/1384  2911/2911/2911
f 2909/2909/2909  1386/1386/1386  1388/1388/1388
f 2911/2911/2911  1386/1386/1386  2909/2909/2909
f 2909/2909/2909  1388/1388/1388  2906/2906/2906
f 1396/1396/1396  1393/1393/1393  1390/1390/1390
f 3072/3072/3072  1391/1391/1391  1394/1394/1394
f 1458/1458/1458  1396/1396/1396  1390/1390/1390
f 3076/3076/3076  1460/1460/1460  1392/1392/1392
f 3076/3076/3076  1392/1392/1392  3073/3073/3073
f 3137/3137/3137  1395/1395/1395  1397/1397/1397
f 3140/3140/3140  3072/3072/3072  1394/1394/1394
f 3141/3141/3141  1395/1395/1395  3137/3137/3137
f 1458/1458/1458  1399/1399/1399  1396/1396/1396
f 3134/3134/3134  1398/1398/1398  1400/1400/1400
f 3138/3138/3138  1398/1398/1398  3134/3134/3134
f 1458/1458/1458  1402/1402/1402  1399/1399/1399
f 3135/3135/3135  1401/1401/1401  1403/1403/1403
f 1458/1458/1458  1404/1404/1404  1402/1402/1402
f 3132/3132/3132  1403/1403/1403  1405/1405/1405
f 3135/3135/3135  1403/1403/1403  3132/3132/3132
f 1458/1458/1458  1407/1407/1407  1404/1404/1404
f 3130/3130/3130  1406/1406/1406  1408/1408/1408
f 3132/3132/3132  1405/1405/1405  3129/3129/3129
f 1483/1483/1483  1410/1410/1410  1407/1407/1407
f 3127/3127/3127  1409/1409/1409  1411/1411/1411
f 1458/1458/1458  1455/1455/1455  1407/1407/1407
f 1461/1461/1461  1407/1407/1407  1455/1455/1455
f 1483/1483/1483  1407/1407/1407  1461/1461/1461
f 3130/3130/3130  1408/1408/1408  3126/3126/3126
f 1435/1435/1435  1413/1413/1413  1410/1410/1410
f 3124/3124/3124  1412/1412/1412  1414/1414/1414
f 1437/1437/1437  1435/1435/1435  1410/1410/1410
f 1439/1439/1439  1437/1437/1437  1410/1410/1410
f 1441/1441/1441  1439/1439/1439  1410/1410/1410
f 1444/1444/1444  1441/1441/1441  1410/1410/1410
f 1483/1483/1483  1444/1444/1444  1410/1410/1410
f 3127/3127/3127  1411/1411/1411  3123/3123/3123
f 1430/1430/1430  1416/1416/1416  1413/1413/1413
f 3121/3121/3121  1415/1415/1415  1417/1417/1417
f 1433/1433/1433  1430/1430/1430  1413/1413/1413
f 1435/1435/1435  1433/1433/1433  1413/1413/1413
f 3124/3124/3124  1414/1414/1414  3120/3120/3120
f 1422/1422/1422  1419/1419/1419  1416/1416/1416
f 3114/3114/3114  1418/1418/1418  1420/1420/1420
f 1425/1425/1425  1422/1422/1422  1416/1416/1416
f 1428/1428/1428  1425/1425/1425  1416/1416/1416
f 1430/1430/1430  1428/1428/1428  1416/1416/1416
f 3118/3118/3118  1418/1418/1418  3114/3114/3114
f 3121/3121/3121  1417/1417/1417  3117/3117/3117
f 3115/3115/3115  1421/1421/1421  1423/1423/1423
f 3112/3112/3112  1424/1424/1424  1426/1426/1426
f 3115/3115/3115  1423/1423/1423  3111/3111/3111
f 3109/3109/3109  1427/1427/1427  1429/1429/1429
f 3112/3112/3112  1426/1426/1426  3108/3108/3108
f 3106/3106/3106  1429/1429/1429  1431/1431/1431
f 3109/3109/3109  1429/1429/1429  3106/3106/3106
f 3104/3104/3104  1432/1432/1432  1434/1434/1434
f 3106/3106/3106  1431/1431/1431  3103/3103/3103
f 3101/3101/3101  1434/1434/1434  1436/1436/1436
f 3104/3104/3104  1434/1434/1434  3101/3101/3101
f 3099/3099/3099  1436/1436/1436  1438/1438/1438
f 3101/3101/3101  1436/1436/1436  3099/3099/3099
f 3097/3097/3097  1438/1438/1438  1440/1440/1440
f 3099/3099/3099  1438/1438/1438  3097/3097/3097
f 3095/3095/3095  1440/1440/1440  1442/1442/1442
f 3097/3097/3097  1440/1440/1440  3095/3095/3095
f 3089/3089/3089  1443/1443/1443  1445/1445/1445
f 3093/3093/3093  1443/1443/1443  3089/3089/3089
f 3095/3095/3095  1442/1442/1442  3092/3092/3092
f 1474/1474/1474  1447/1447/1447  1444/1444/1444
f 3090/3090/3090  1446/1446/1446  1448/1448/1448
f 1477/1477/1477  1474/1474/1474  1444/1444/1444
f 1480/1480/1480  1477/1477/1477  1444/1444/1444
f 1483/1483/1483  1480/1480/1480  1444/1444/1444
f 1469/1469/1469  1450/1450/1450  1447/1447/1447
f 3083/3083/3083  1449/1449/1449  1451/1451/1451
f 1471/1471/1471  1469/1469/1469  1447/1447/1447
f 1474/1474/1474  1471/1471/1471  1447/1447/1447
f 3087/3087/3087  1449/1449/1449  3083/3083/3083
f 3090/3090/3090  1448/1448/1448  3086/3086/3086
f 1469/1469/1469  1453/1453/1453  1450/1450/1450
f 3084/3084/3084  1452/1452/1452  1454/1454/1454
f 1469/1469/1469  1455/1455/1455  1453/1453/1453
f 3081/3081/3081  1454/1454/1454  1456/1456/1456
f 3084/3084/3084  1454/1454/1454  3081/3081/3081
f 3079/3079/3079  1457/1457/1457  1459/1459/1459
f 1464/1464/1464  1461/1461/1461  1455/1455/1455
f 1467/1467/1467  1464/1464/1464  1455/1455/1455
f 1469/1469/1469  1467/1467/1467  1455/1455/1455
f 3081/3081/3081  1456/1456/1456  3078/3078/3078
f 3079/3079/3079  1459/1459/1459  3075/3075/3075
f 3165/3165/3165  1462/1462/1462  1465/1465/1465
f 3147/3147/3147  1485/1485/1485  1463/1463/1463
f 3147/3147/3147  1463/1463/1463  3144/3144/3144
f 3165/3165/3165  3143/3143/3143  1462/1462/1462
f 3166/3166/3166  1466/1466/1466  1468/1468/1468
f 3163/3163/3163  1468/1468/1468  1470/1470/1470
f 3166/3166/3166  1468/1468/1468  3163/3163/3163
f 3161/3161/3161  1470/1470/1470  1472/1472/1472
f 3163/3163/3163  1470/1470/1470  3161/3161/3161
f 3159/3159/3159  1473/1473/1473  1475/1475/1475
f 3161/3161/3161  1472/1472/1472  3158/3158/3158
f 3152/3152/3152  1476/1476/1476  1478/1478/1478
f 3156/3156/3156  1476/1476/1476  3152/3152/3152
f 3159/3159/3159  1475/1475/1475  3155/3155/3155
f 3153/3153/3153  1479/1479/1479  1481/1481/1481
f 3150/3150/3150  1482/1482/1482  1484/1484/1484
f 3153/3153/3153  1481/1481/1481  3149/3149/3149
f 3150/3150/3150  1484/1484/1484  3146/3146/3146
f 1492/1492/1492  1489/1489/1489  1486/1486/1486
f 3323/3323/3323  1487/1487/1487  1490/1490/1490
f 1642/1642/1642  1492/1492/1492  1486/1486/1486
f 3171/3171/3171  1643/1643/1643  1488/1488/1488
f 3171/3171/3171  1488/1488/1488  3169/3169/3169
f 3323/3323/3323  3168/3168/3168  1487/1487/1487
f 3320/3320/3320  1491/1491/1491  1493/1493/1493
f 3324/3324/3324  1491/1491/1491  3320/3320/3320
f 1622/1622/1622  1495/1495/1495  1492/1492/1492
f 3317/3317/3317  1494/1494/1494  1496/1496/1496
f 1624/1624/1624  1622/1622/1622  1492/1492/1492
f 1627/1627/1627  1624/1624/1624  1492/1492/1492
f 1630/1630/1630  1627/1627/1627  1492/1492/1492
f 1632/1632/1632  1630/1630/1630  1492/1492/1492
f 1634/1634/1634  1632/1632/1632  1492/1492/1492
f 1636/1636/1636  1634/1634/1634  1492/1492/1492
f 1638/1638/1638  1636/1636/1636  1492/1492/1492
f 1640/1640/1640  1638/1638/1638  1492/1492/1492
f 1642/1642/1642  1640/1640/1640  1492/1492/1492
f 3321/3321/3321  1494/1494/1494  3317/3317/3317
f 1622/1622/1622  1498/1498/1498  1495/1495/1495
f 3318/3318/3318  1497/1497/1497  1499/1499/1499
f 1616/1616/1616  1500/1500/1500  1498/1498/1498
f 3315/3315/3315  1499/1499/1499  1501/1501/1501
f 1619/1619/1619  1616/1616/1616  1498/1498/1498
f 1622/1622/1622  1619/1619/1619  1498/1498/1498
f 3318/3318/3318  1499/1499/1499  3315/3315/3315
f 1506/1506/1506  1503/1503/1503  1500/1500/1500
f 3313/3313/3313  1502/1502/1502  1504/1504/1504
f 1616/1616/1616  1506/1506/1506  1500/1500/1500
f 3315/3315/3315  1501/1501/1501  3312/3312/3312
f 3310/3310/3310  1505/1505/1505  1507/1507/1507
f 3313/3313/3313  1504/1504/1504  3309/3309/3309
f 1600/1600/1600  1509/1509/1509  1506/1506/1506
f 3307/3307/3307  1508/1508/1508  1510/1510/1510
f 1602/1602/1602  1600/1600/1600  1506/1506/1506
f 1604/1604/1604  1602/1602/1602  1506/1506/1506
f 1606/1606/1606  1604/1604/1604  1506/1506/1506
f 1608/1608/1608  1606/1606/1606  1506/1506/1506
f 1610/1610/1610  1608/1608/1608  1506/1506/1506
f 1613/1613/1613  1610/1610/1610  1506/1506/1506
f 1616/1616/1616  1613/1613/1613  1506/1506/1506
f 3310/3310/3310  1507/1507/1507  3306/3306/3306
f 1598/1598/1598  1512/1512/1512  1509/1509/1509
f 3304/3304/3304  1511/1511/1511  1513/1513/1513
f 1600/1600/1600  1598/1598/1598  1509/1509/1509
f 3307/3307/3307  1510/1510/1510  3303/3303/3303
f 1594/1594/1594  1514/1514/1514  1512/1512/1512
f 3301/3301/3301  1513/1513/1513  1515/1515/1515
f 1596/1596/1596  1594/1594/1594  1512/1512/1512
f 1598/1598/1598  1596/1596/1596  1512/1512/1512
f 3304/3304/3304  1513/1513/1513  3301/3301/3301
f 1591/1591/1591  1516/1516/1516  1514/1514/1514
f 3299/3299/3299  1515/1515/1515  1517/1517/1517
f 1594/1594/1594  1591/1591/1591  1514/1514/1514
f 3301/3301/3301  1515/1515/1515  3299/3299/3299
f 1588/1588/1588  1518/1518/1518  1516/1516/1516
f 3297/3297/3297  1517/1517/1517  1519/1519/1519
f 1591/1591/1591  1588/1588/1588  1516/1516/1516
f 3299/3299/3299  1517/1517/1517  3297/3297/3297
f 1588/1588/1588  1520/1520/1520  1518/1518/1518
f 3295/3295/3295  1519/1519/1519  1521/1521/1521
f 3297/3297/3297  1519/1519/1519  3295/3295/3295
f 1588/1588/1588  1522/1522/1522  1520/1520/1520
f 3293/3293/3293  1521/1521/1521  1523/1523/1523
f 3295/3295/3295  1521/1521/1521  3293/3293/3293
f 1588/1588/1588  1524/1524/1524  1522/1522/1522
f 3291/3291/3291  1523/1523/1523  1525/1525/1525
f 3293/3293/3293  1523/1523/1523  3291/3291/3291
f 1588/1588/1588  1526/1526/1526  1524/1524/1524
f 3289/3289/3289  1525/1525/1525  1527/1527/1527
f 3291/3291/3291  1525/1525/1525  3289/3289/3289
f 1578/1578/1578  1529/1529/1529  1526/1526/1526
f 3287/3287/3287  1528/1528/1528  1530/1530/1530
f 1580/1580/1580  1578/1578/1578  1526/1526/1526
f 1582/1582/1582  1580/1580/1580  1526/1526/1526
f 1584/1584/1584  1582/1582/1582  1526/1526/1526
f 1586/1586/1586  1584/1584/1584  1526/1526/1526
f 1588/1588/1588  1586/1586/1586  1526/1526/1526
f 3289/3289/3289  1527/1527/1527  3286/3286/3286
f 1572/1572/1572  1532/1532/1532  1529/1529/1529
f 3280/3280/3280  1531/1531/1531  1533/1533/1533
f 1575/1575/1575  1572/1572/1572  1529/1529/1529
f 1578/1578/1578  1575/1575/1575  1529/1529/1529
f 3284/3284/3284  1531/1531/1531  3280/3280/3280
f 3287/3287/3287  1530/1530/1530  3283/3283/3283
f 1563/1563/1563  1535/1535/1535  1532/1532/1532
f 3277/3277/3277  1534/1534/1534  1536/1536/1536
f 1566/1566/1566  1563/1563/1563  1532/1532/1532
f 1572/1572/1572  1566/1566/1566  1532/1532/1532
f 3281/3281/3281  1534/1534/1534  3277/3277/3277
f 1563/1563/1563  1538/1538/1538  1535/1535/1535
f 3274/3274/3274  1537/1537/1537  1539/1539/1539
f 3278/3278/3278  1537/1537/1537  3274/3274/3274
f 1555/1555/1555  1541/1541/1541  1538/1538/1538
f 3275/3275/3275  1540/1540/1540  1542/1542/1542
f 1558/1558/1558  1555/1555/1555  1538/1538/1538
f 1561/1561/1561  1558/1558/1558  1538/1538/1538
f 1563/1563/1563  1561/1561/1561  1538/1538/1538
f 1555/1555/1555  1544/1544/1544  1541/1541/1541
f 3272/3272/3272  1543/1543/1543  1545/1545/1545
f 3275/3275/3275  1542/1542/1542  3271/3271/3271
f 1555/1555/1555  1547/1547/1547  1544/1544/1544
f 3269/3269/3269  1546/1546/1546  1548/1548/1548
f 3272/3272/3272  1545/1545/1545  3268/3268/3268
f 1555/1555/1555  1549/1549/1549  1547/1547/1547
f 3266/3266/3266  1548/1548/1548  1550/1550/1550
f 3269/3269/3269  1548/1548/1548  3266/3266/3266
f 1555/1555/1555  1552/1552/1552  1549/1549/1549
f 3260/3260/3260  1551/1551/1551  1553/1553/1553
f 3264/3264/3264  1551/1551/1551  3260/3260/3260
f 3266/3266/3266  1550/1550/1550  3263/3263/3263
f 3257/3257/3257  1554/1554/1554  1556/1556/1556
f 3261/3261/3261  1554/1554/1554  3257/3257/3257
f 3254/3254/3254  1557/1557/1557  1559/1559/1559
f 3258/3258/3258  1557/1557/1557  3254/3254/3254
f 3255/3255/3255  1560/1560/1560  1562/1562/1562
f 3252/3252/3252  1562/1562/1562  1564/1564/1564
f 3255/3255/3255  1562/1562/1562  3252/3252/3252
f 3250/3250/3250  1565/1565/1565  1567/1567/1567
f 3252/3252/3252  1564/1564/1564  3249/3249/3249
f 1572/1572/1572  1569/1569/1569  1566/1566/1566
f 3247/3247/3247  1568/1568/1568  1570/1570/1570
f 3250/3250/3250  1567/1567/1567  3246/3246/3246
f 3244/3244/3244  1571/1571/1571  1573/1573/1573
f 3247/3247/3247  1570/1570/1570  3243/3243/3243
f 3237/3237/3237  1574/1574/1574  1576/1576/1576
f 3241/3241/3241  1574/1574/1574  3237/3237/3237
f 3244/3244/3244  1573/1573/1573  3240/3240/3240
f 3238/3238/3238  1577/1577/1577  1579/1579/1579
f 3235/3235/3235  1579/1579/1579  1581/1581/1581
f 3238/3238/3238  1579/1579/1579  3235/3235/3235
f 3233/3233/3233  1581/1581/1581  1583/1583/1583
f 3235/3235/3235  1581/1581/1581  3233/3233/3233
f 3231/3231/3231  1583/1583/1583  1585/1585/1585
f 3233/3233/3233  1583/1583/1583  3231/3231/3231
f 3229/3229/3229  1585/1585/1585  1587/1587/1587
f 3231/3231/3231  1585/1585/1585  3229/3229/3229
f 3227/3227/3227  1587/1587/1587  1589/1589/1589
f 3229/3229/3229  1587/1587/1587  3227/3227/3227
f 3225/3225/3225  1590/1590/1590  1592/1592/1592
f 3227/3227/3227  1589/1589/1589  3224/3224/3224
f 3222/3222/3222  1593/1593/1593  1595/1595/1595
f 3225/3225/3225  1592/1592/1592  3221/3221/3221
f 3219/3219/3219  1595/1595/1595  1597/1597/1597
f 3222/3222/3222  1595/1595/1595  3219/3219/3219
f 3217/3217/3217  1597/1597/1597  1599/1599/1599
f 3219/3219/3219  1597/1597/1597  3217/3217/3217
f 3215/3215/3215  1599/1599/1599  1601/1601/1601
f 3217/3217/3217  1599/1599/1599  3215/3215/3215
f 3213/3213/3213  1601/1601/1601  1603/1603/1603
f 3215/3215/3215  1601/1601/1601  3213/3213/3213
f 3211/3211/3211  1603/1603/1603  1605/1605/1605
f 3213/3213/3213  1603/1603/1603  3211/3211/3211
f 3209/3209/3209  1605/1605/1605  1607/1607/1607
f 3211/3211/3211  1605/1605/1605  3209/3209/3209
f 3207/3207/3207  1607/1607/1607  1609/1609/1609
f 3209/3209/3209  1607/1607/1607  3207/3207/3207
f 3205/3205/3205  1609/1609/1609  1611/1611/1611
f 3207/3207/3207  1609/1609/1609  3205/3205/3205
f 3199/3199/3199  1612/1612/1612  1614/1614/1614
f 3203/3203/3203  1612/1612/1612  3199/3199/3199
f 3205/3205/3205  1611/1611/1611  3202/3202/3202
f 3196/3196/3196  1615/1615/1615  1617/1617/1617
f 3200/3200/3200  1615/1615/1615  3196/3196/3196
f 3193/3193/3193  1618/1618/1618  1620/1620/1620
f 3197/3197/3197  1618/1618/1618  3193/3193/3193
f 3194/3194/3194  1621/1621/1621  1623/1623/1623
f 3191/3191/3191  1623/1623/1623  1625/1625/1625
f 3194/3194/3194  1623/1623/1623  3191/3191/3191
f 3189/3189/3189  1626/1626/1626  1628/1628/1628
f 3191/3191/3191  1625/1625/1625  3188/3188/3188
f 3186/3186/3186  1629/1629/1629  1631/1631/1631
f 3189/3189/3189  1628/1628/1628  3185/3185/3185
f 3183/3183/3183  1631/1631/1631  1633/1633/1633
f 3186/3186/3186  1631/1631/1631  3183/3183/3183
f 3181/3181/3181  1633/1633/1633  1635/1635/1635
f 3183/3183/3183  1633/1633/1633  3181/3181/3181
f 3179/3179/3179  1635/1635/1635  1637/1637/1637
f 3181/3181/3181  1635/1635/1635  3179/3179/3179
f 3177/3177/3177  1637/1637/1637  1639/1639/1639
f 3179/3179/3179  1637/1637/1637  3177/3177/3177
f 3175/3175/3175  1639/1639/1639  1641/1641/1641
f 3177/3177/3177  1639/1639/1639  3175/3175/3175
f 3173/3173/3173  1641/1641/1641  1643/1643/1643
f 3175/3175/3175  1641/1641/1641  3173/3173/3173
f 3173/3173/3173  1643/1643/1643  3171/3171/3171
f 1650/1650/1650  1647/1647/1647  1644/1644/1644
f 3326/3326/3326  1645/1645/1645  1648/1648/1648
f 1679/1679/1679  1650/1650/1650  1644/1644/1644
f 3330/3330/3330  1681/1681/1681  1646/1646/1646
f 3330/3330/3330  1646/1646/1646  3327/3327/3327
f 3358/3358/3358  1649/1649/1649  1651/1651/1651
f 3361/3361/3361  3326/3326/3326  1648/1648/1648
f 3362/3362/3362  1649/1649/1649  3358/3358/3358
f 1668/1668/1668  1653/1653/1653  1650/1650/1650
f 3355/3355/3355  1652/1652/1652  1654/1654/1654
f 1671/1671/1671  1668/1668/1668  1650/1650/1650
f 1674/1674/1674  1671/1671/1671  1650/1650/1650
f 1676/1676/1676  1674/1674/1674  1650/1650/1650
f 1679/1679/1679  1676/1676/1676  1650/1650/1650
f 3359/3359/3359  1652/1652/1652  3355/3355/3355
f 1668/1668/1668  1656/1656/1656  1653/1653/1653
f 3356/3356/3356  1655/1655/1655  1657/1657/1657
f 1668/1668/1668  1659/1659/1659  1656/1656/1656
f 3353/3353/3353  1658/1658/1658  1660/1660/1660
f 3356/3356/3356  1657/1657/1657  3352/3352/3352
f 1668/1668/1668  1662/1662/1662  1659/1659/1659
f 3346/3346/3346  1661/1661/1661  1663/1663/1663
f 3350/3350/3350  1661/1661/1661  3346/3346/3346
f 3353/3353/3353  1660/1660/1660  3349/3349/3349
f 1668/1668/1668  1665/1665/1665  1662/1662/1662
f 3343/3343/3343  1664/1664/1664  1666/1666/1666
f 3347/3347/3347  1664/1664/1664  3343/3343/3343
f 3340/3340/3340  1667/1667/1667  1669/1669/1669
f 3344/3344/3344  1667/1667/1667  3340/3340/3340
f 3337/3337/3337  1670/1670/1670  1672/1672/1672
f 3341/3341/3341  1670/1670/1670  3337/3337/3337
f 3338/3338/3338  1673/1673/1673  1675/1675/1675
f 3335/3335/3335  1675/1675/1675  1677/1677/1677
f 3338/3338/3338  1675/1675/1675  3335/3335/3335
f 3333/3333/3333  1678/1678/1678  1680/1680/1680
f 3335/3335/3335  1677/1677/1677  3332/3332/3332
f 3333/3333/3333  1680/1680/1680  3329/3329/3329
f 1807/1807/1807  1685/1685/1685  1682/1682/1682
f 1732/1732/1732  1729/1729/1729  1682/1682/1682
f 1741/1741/1741  1682/1682/1682  1729/1729/1729
f 1739/1739/1739  1732/1732/1732  1682/1682/1682
f 1807/1807/1807  1682/1682/1682  1741/1741/1741
f 1802/1802/1802  1687/1687/1687  1685/1685/1685
f 1804/1804/1804  1802/1802/1802  1685/1685/1685
f 1807/1807/1807  1804/1804/1804  1685/1685/1685
f 1797/1797/1797  1689/1689/1689  1687/1687/1687
f 1799/1799/1799  1797/1797/1797  1687/1687/1687
f 1802/1802/1802  1799/1799/1799  1687/1687/1687
f 1795/1795/1795  1692/1692/1692  1689/1689/1689
f 1797/1797/1797  1795/1795/1795  1689/1689/1689
f 1792/1792/1792  1694/1694/1694  1692/1692/1692
f 1795/1795/1795  1792/1792/1792  1692/1692/1692
f 1790/1790/1790  1697/1697/1697  1694/1694/1694
f 1792/1792/1792  1790/1790/1790  1694/1694/1694
f 1788/1788/1788  1699/1699/1699  1697/1697/1697
f 1790/1790/1790  1788/1788/1788  1697/1697/1697
f 1783/1783/1783  1701/1701/1701  1699/1699/1699
f 1785/1785/1785  1783/1783/1783  1699/1699/1699
f 1788/1788/1788  1785/1785/1785  1699/1699/1699
f 1711/1711/1711  1704/1704/1704  1701/1701/1701
f 1713/1713/1713  1711/1711/1711  1701/1701/1701
f 1778/1778/1778  1713/1713/1713  1701/1701/1701
f 1781/1781/1781  1778/1778/1778  1701/1701/1701
f 1783/1783/1783  1781/1781/1781  1701/1701/1701
f 1708/1708/1708  1706/1706/1706  1704/1704/1704
f 1711/1711/1711  1708/1708/1708  1704/1704/1704
f 1776/1776/1776  1715/1715/1715  1713/1713/1713
f 1778/1778/1778  1776/1776/1776  1713/1713/1713
f 1771/1771/1771  1718/1718/1718  1715/1715/1715
f 1773/1773/1773  1771/1771/1771  1715/1715/1715
f 1776/1776/1776  1773/1773/1773  1715/1715/1715
f 1766/1766/1766  1720/1720/1720  1718/1718/1718
f 1768/1768/1768  1766/1766/1766  1718/1718/1718
f 1771/1771/1771  1768/1768/1768  1718/1718/1718
f 1758/1758/1758  1722/1722/1722  1720/1720/1720
f 1761/1761/1761  1758/1758/1758  1720/1720/1720
f 1763/1763/1763  1761/1761/1761  1720/1720/1720
f 1766/1766/1766  1763/1763/1763  1720/1720/1720
f 1753/1753/1753  1725/1725/1725  1722/1722/1722
f 1756/1756/1756  1753/1753/1753  1722/1722/1722
f 1758/1758/1758  1756/1756/1756  1722/1722/1722
f 1749/1749/1749  1727/1727/1727  1725/1725/1725
f 1751/1751/1751  1749/1749/1749  1725/1725/1725
f 1753/1753/1753  1751/1751/1751  1725/1725/1725
f 1744/1744/1744  1729/1729/1729  1727/1727/1727
f 1746/1746/1746  1744/1744/1744  1727/1727/1727
f 1749/1749/1749  1746/1746/1746  1727/1727/1727
f 1744/1744/1744  1741/1741/1741  1729/1729/1729
f 1739/1739/1739  1734/1734/1734  1732/1732/1732
f 1739/1739/1739  1736/1736/1736  1734/1734/1734
f 1999/1999/1999  1812/1812/1812  1809/1809/1809
f 2002/2002/2002  1999/1999/1999  1809/1809/1809
f 1999/1999/1999  1815/1815/1815  1812/1812/1812
f 1999/1999/1999  1817/1817/1817  1815/1815/1815
f 1999/1999/1999  1820/1820/1820  1817/1817/1817
f 1991/1991/1991  1822/1822/1822  1820/1820/1820
f 1994/1994/1994  1991/1991/1991  1820/1820/1820
f 1996/1996/1996  1994/1994/1994  1820/1820/1820
f 1999/1999/1999  1996/1996/1996  1820/1820/1820
f 1828/1828/1828  1825/1825/1825  1822/1822/1822
f 1991/1991/1991  1828/1828/1828  1822/1822/1822
f 1988/1988/1988  1831/1831/1831  1828/1828/1828
f 1991/1991/1991  1988/1988/1988  1828/1828/1828
f 1988/1988/1988  1834/1834/1834  1831/1831/1831
f 1983/1983/1983  1837/1837/1837  1834/1834/1834
f 1986/1986/1986  1983/1983/1983  1834/1834/1834
f 1988/1988/1988  1986/1986/1986  1834/1834/1834
f 1979/1979/1979  1840/1840/1840  1837/1837/1837
f 1981/1981/1981  1979/1979/1979  1837/1837/1837
f 1983/1983/1983  1981/1981/1981  1837/1837/1837
f 1976/1976/1976  1842/1842/1842  1840/1840/1840
f 1979/1979/1979  1976/1976/1976  1840/1840/1840
f 1971/1971/1971  1844/1844/1844  1842/1842/1842
f 1974/1974/1974  1971/1971/1971  1842/1842/1842
f 1976/1976/1976  1974/1974/1974  1842/1842/1842
f 1964/1964/1964  1847/1847/1847  1844/1844/1844
f 1967/1967/1967  1964/1964/1964  1844/1844/1844
f 1969/1969/1969  1967/1967/1967  1844/1844/1844
f 1971/1971/1971  1969/1969/1969  1844/1844/1844
f 1960/1960/1960  1849/1849/1849  1847/1847/1847
f 1962/1962/1962  1960/1960/1960  1847/1847/1847
f 1964/1964/1964  1962/1962/1962  1847/1847/1847
f 1937/1937/1937  1851/1851/1851  1849/1849/1849
f 1940/1940/1940  1937/1937/1937  1849/1849/1849
f 1957/1957/1957  1940/1940/1940  1849/1849/1849
f 1960/1960/1960  1957/1957/1957  1849/1849/1849
f 1935/1935/1935  1854/1854/1854  1851/1851/1851
f 1937/1937/1937  1935/1935/1935  1851/1851/1851
f 1932/1932/1932  1857/1857/1857  1854/1854/1854
f 1935/1935/1935  1932/1932/1932  1854/1854/1854
f 1923/1923/1923  1860/1860/1860  1857/1857/1857
f 1925/1925/1925  1923/1923/1923  1857/1857/1857
f 1927/1927/1927  1925/1925/1925  1857/1857/1857
f 1930/1930/1930  1927/1927/1927  1857/1857/1857
f 1932/1932/1932  1930/1930/1930  1857/1857/1857
f 1920/1920/1920  1862/1862/1862  1860/1860/1860
f 1923/1923/1923  1920/1920/1920  1860/1860/1860
f 1920/1920/1920  1864/1864/1864  1862/1862/1862
f 1918/1918/1918  1867/1867/1867  1864/1864/1864
f 1920/1920/1920  1918/1918/1918  1864/1864/1864
f 1915/1915/1915  1869/1869/1869  1867/1867/1867
f 1918/1918/1918  1915/1915/1915  1867/1867/1867
f 1911/1911/1911  1871/1871/1871  1869/1869/1869
f 1913/1913/1913  1911/1911/1911  1869/1869/1869
f 1915/1915/1915  1913/1913/1913  1869/1869/1869
f 1886/1886/1886  1874/1874/1874  1871/1871/1871
f 1889/1889/1889  1886/1886/1886  1871/1871/1871
f 1891/1891/1891  1889/1889/1889  1871/1871/1871
f 1894/1894/1894  1891/1891/1891  1871/1871/1871
f 1908/1908/1908  1894/1894/1894  1871/1871/1871
f 1911/1911/1911  1908/1908/1908  1871/1871/1871
f 1883/1883/1883  1876/1876/1876  1874/1874/1874
f 1886/1886/1886  1883/1883/1883  1874/1874/1874
f 1881/1881/1881  1878/1878/1878  1876/1876/1876
f 1883/1883/1883  1881/1881/1881  1876/1876/1876
f 1900/1900/1900  1897/1897/1897  1894/1894/1894
f 1903/1903/1903  1900/1900/1900  1894/1894/1894
f 1906/1906/1906  1903/1903/1903  1894/1894/1894
f 1908/1908/1908  1906/1906/1906  1894/1894/1894
f 1946/1946/1946  1943/1943/1943  1940/1940/1940
f 1949/1949/1949  1946/1946/1946  1940/1940/1940
f 1952/1952/1952  1949/1949/1949  1940/1940/1940
f 1955/1955/1955  1952/1952/1952  1940/1940/1940
f 1957/1957/1957  1955/1955/1955  1940/1940/1940
f 2150/2150/2150  2008/2008/2008  2005/2005/2005
f 2153/2153/2153  2150/2150/2150  2005/2005/2005
f 2148/2148/2148  2011/2011/2011  2008/2008/2008
f 2150/2150/2150  2148/2148/2148  2008/2008/2008
f 2145/2145/2145  2013/2013/2013  2011/2011/2011
f 2148/2148/2148  2145/2145/2145  2011/2011/2011
f 2141/2141/2141  2016/2016/2016  2013/2013/2013
f 2143/2143/2143  2141/2141/2141  2013/2013/2013
f 2145/2145/2145  2143/2143/2143  2013/2013/2013
f 2133/2133/2133  2018/2018/2018  2016/2016/2016
f 2135/2135/2135  2133/2133/2133  2016/2016/2016
f 2137/2137/2137  2135/2135/2135  2016/2016/2016
f 2139/2139/2139  2137/2137/2137  2016/2016/2016
f 2141/2141/2141  2139/2139/2139  2016/2016/2016
f 2113/2113/2113  2021/2021/2021  2018/2018/2018
f 2115/2115/2115  2113/2113/2113  2018/2018/2018
f 2117/2117/2117  2115/2115/2115  2018/2018/2018
f 2119/2119/2119  2117/2117/2117  2018/2018/2018
f 2121/2121/2121  2119/2119/2119  2018/2018/2018
f 2123/2123/2123  2121/2121/2121  2018/2018/2018
f 2125/2125/2125  2123/2123/2123  2018/2018/2018
f 2127/2127/2127  2125/2125/2125  2018/2018/2018
f 2129/2129/2129  2127/2127/2127  2018/2018/2018
f 2131/2131/2131  2129/2129/2129  2018/2018/2018
f 2133/2133/2133  2131/2131/2131  2018/2018/2018
f 2033/2033/2033  2023/2023/2023  2021/2021/2021
f 2036/2036/2036  2033/2033/2033  2021/2021/2021
f 2038/2038/2038  2036/2036/2036  2021/2021/2021
f 2041/2041/2041  2038/2038/2038  2021/2021/2021
f 2104/2104/2104  2041/2041/2041  2021/2021/2021
f 2107/2107/2107  2104/2104/2104  2021/2021/2021
f 2109/2109/2109  2107/2107/2107  2021/2021/2021
f 2111/2111/2111  2109/2109/2109  2021/2021/2021
f 2113/2113/2113  2111/2111/2111  2021/2021/2021
f 2028/2028/2028  2025/2025/2025  2023/2023/2023
f 2030/2030/2030  2028/2028/2028  2023/2023/2023
f 2033/2033/2033  2030/2030/2030  2023/2023/2023
f 2202/2202/2202  2044/2044/2044  2041/2041/2041
f 2104/2104/2104  2101/2101/2101  2041/2041/2041
f 2156/2156/2156  2041/2041/2041  2101/2101/2101
f 2207/2207/2207  2041/2041/2041  2156/2156/2156
f 2205/2205/2205  2202/2202/2202  2041/2041/2041
f 2207/2207/2207  2205/2205/2205  2041/2041/2041
f 2050/2050/2050  2047/2047/2047  2044/2044/2044
f 2202/2202/2202  2050/2050/2050  2044/2044/2044
f 2200/2200/2200  2053/2053/2053  2050/2050/2050
f 2202/2202/2202  2200/2200/2200  2050/2050/2050
f 2195/2195/2195  2056/2056/2056  2053/2053/2053
f 2197/2197/2197  2195/2195/2195  2053/2053/2053
f 2200/2200/2200  2197/2197/2197  2053/2053/2053
f 2193/2193/2193  2058/2058/2058  2056/2056/2056
f 2195/2195/2195  2193/2193/2193  2056/2056/2056
f 2190/2190/2190  2060/2060/2060  2058/2058/2058
f 2193/2193/2193  2190/2190/2190  2058/2058/2058
f 2186/2186/2186  2063/2063/2063  2060/2060/2060
f 2188/2188/2188  2186/2186/2186  2060/2060/2060
f 2190/2190/2190  2188/2188/2188  2060/2060/2060
f 2183/2183/2183  2065/2065/2065  2063/2063/2063
f 2186/2186/2186  2183/2183/2183  2063/2063/2063
f 2179/2179/2179  2067/2067/2067  2065/2065/2065
f 2181/2181/2181  2179/2179/2179  2065/2065/2065
f 2183/2183/2183  2181/2181/2181  2065/2065/2065
f 2077/2077/2077  2070/2070/2070  2067/2067/2067
f 2079/2079/2079  2077/2077/2077  2067/2067/2067
f 2081/2081/2081  2079/2079/2079  2067/2067/2067
f 2179/2179/2179  2081/2081/2081  2067/2067/2067
f 2074/2074/2074  2072/2072/2072  2070/2070/2070
f 2077/2077/2077  2074/2074/2074  2070/2070/2070
f 2174/2174/2174  2084/2084/2084  2081/2081/2081
f 2176/2176/2176  2174/2174/2174  2081/2081/2081
f 2179/2179/2179  2176/2176/2176  2081/2081/2081
f 2169/2169/2169  2086/2086/2086  2084/2084/2084
f 2172/2172/2172  2169/2169/2169  2084/2084/2084
f 2174/2174/2174  2172/2172/2172  2084/2084/2084
f 2167/2167/2167  2088/2088/2088  2086/2086/2086
f 2169/2169/2169  2167/2167/2167  2086/2086/2086
f 2167/2167/2167  2091/2091/2091  2088/2088/2088
f 2164/2164/2164  2093/2093/2093  2091/2091/2091
f 2167/2167/2167  2164/2164/2164  2091/2091/2091
f 2164/2164/2164  2096/2096/2096  2093/2093/2093
f 2159/2159/2159  2098/2098/2098  2096/2096/2096
f 2162/2162/2162  2159/2159/2159  2096/2096/2096
f 2164/2164/2164  2162/2162/2162  2096/2096/2096
f 2156/2156/2156  2101/2101/2101  2098/2098/2098
f 2159/2159/2159  2156/2156/2156  2098/2098/2098
f 2285/2285/2285  2213/2213/2213  2210/2210/2210
f 2288/2288/2288  2285/2285/2285  2210/2210/2210
f 2285/2285/2285  2215/2215/2215  2213/2213/2213
f 2285/2285/2285  2217/2217/2217  2215/2215/2215
f 2285/2285/2285  2220/2220/2220  2217/2217/2217
f 2285/2285/2285  2223/2223/2223  2220/2220/2220
f 2285/2285/2285  2225/2225/2225  2223/2223/2223
f 2285/2285/2285  2228/2228/2228  2225/2225/2225
f 2279/2279/2279  2230/2230/2230  2228/2228/2228
f 2282/2282/2282  2279/2279/2279  2228/2228/2228
f 2285/2285/2285  2282/2282/2282  2228/2228/2228
f 2276/2276/2276  2233/2233/2233  2230/2230/2230
f 2279/2279/2279  2276/2276/2276  2230/2230/2230
f 2276/2276/2276  2236/2236/2236  2233/2233/2233
f 2273/2273/2273  2239/2239/2239  2236/2236/2236
f 2276/2276/2276  2273/2273/2273  2236/2236/2236
f 2273/2273/2273  2242/2242/2242  2239/2239/2239
f 2268/2268/2268  2245/2245/2245  2242/2242/2242
f 2271/2271/2271  2268/2268/2268  2242/2242/2242
f 2273/2273/2273  2271/2271/2271  2242/2242/2242
f 2264/2264/2264  2248/2248/2248  2245/2245/2245
f 2266/2266/2266  2264/2264/2264  2245/2245/2245
f 2268/2268/2268  2266/2266/2266  2245/2245/2245
f 2261/2261/2261  2250/2250/2250  2248/2248/2248
f 2264/2264/2264  2261/2261/2261  2248/2248/2248
f 2261/2261/2261  2252/2252/2252  2250/2250/2250
f 2258/2258/2258  2255/2255/2255  2252/2252/2252
f 2261/2261/2261  2258/2258/2258  2252/2252/2252
f 2404/2404/2404  2294/2294/2294  2291/2291/2291
f 2421/2421/2421  2404/2404/2404  2291/2291/2291
f 2404/2404/2404  2296/2296/2296  2294/2294/2294
f 2404/2404/2404  2298/2298/2298  2296/2296/2296
f 2404/2404/2404  2300/2300/2300  2298/2298/2298
f 2404/2404/2404  2302/2302/2302  2300/2300/2300
f 2404/2404/2404  2304/2304/2304  2302/2302/2302
f 2404/2404/2404  2306/2306/2306  2304/2304/2304
f 2404/2404/2404  2308/2308/2308  2306/2306/2306
f 2404/2404/2404  2310/2310/2310  2308/2308/2308
f 2404/2404/2404  2312/2312/2312  2310/2310/2310
f 2404/2404/2404  2314/2314/2314  2312/2312/2312
f 2404/2404/2404  2316/2316/2316  2314/2314/2314
f 2404/2404/2404  2318/2318/2318  2316/2316/2316
f 2404/2404/2404  2320/2320/2320  2318/2318/2318
f 2404/2404/2404  2322/2322/2322  2320/2320/2320
f 2404/2404/2404  2324/2324/2324  2322/2322/2322
f 2404/2404/2404  2326/2326/2326  2324/2324/2324
f 2404/2404/2404  2328/2328/2328  2326/2326/2326
f 2404/2404/2404  2330/2330/2330  2328/2328/2328
f 2404/2404/2404  2332/2332/2332  2330/2330/2330
f 2404/2404/2404  2334/2334/2334  2332/2332/2332
f 2404/2404/2404  2337/2337/2337  2334/2334/2334
f 2404/2404/2404  2339/2339/2339  2337/2337/2337
f 2404/2404/2404  2341/2341/2341  2339/2339/2339
f 2404/2404/2404  2343/2343/2343  2341/2341/2341
f 2401/2401/2401  2345/2345/2345  2343/2343/2343
f 2404/2404/2404  2401/2401/2401  2343/2343/2343
f 2398/2398/2398  2348/2348/2348  2345/2345/2345
f 2401/2401/2401  2398/2398/2398  2345/2345/2345
f 2354/2354/2354  2351/2351/2351  2348/2348/2348
f 2357/2357/2357  2354/2354/2354  2348/2348/2348
f 2360/2360/2360  2357/2357/2357  2348/2348/2348
f 2363/2363/2363  2360/2360/2360  2348/2348/2348
f 2366/2366/2366  2363/2363/2363  2348/2348/2348
f 2369/2369/2369  2366/2366/2366  2348/2348/2348
f 2372/2372/2372  2369/2369/2369  2348/2348/2348
f 2395/2395/2395  2372/2372/2372  2348/2348/2348
f 2398/2398/2398  2395/2395/2395  2348/2348/2348
f 2392/2392/2392  2375/2375/2375  2372/2372/2372
f 2395/2395/2395  2392/2392/2392  2372/2372/2372
f 2389/2389/2389  2378/2378/2378  2375/2375/2375
f 2392/2392/2392  2389/2389/2389  2375/2375/2375
f 2386/2386/2386  2380/2380/2380  2378/2378/2378
f 2389/2389/2389  2386/2386/2386  2378/2378/2378
f 2386/2386/2386  2383/2383/2383  2380/2380/2380
f 2418/2418/2418  2407/2407/2407  2404/2404/2404
f 2421/2421/2421  2418/2418/2418  2404/2404/2404
f 2418/2418/2418  2410/2410/2410  2407/2407/2407
f 2418/2418/2418  2412/2412/2412  2410/2410/2410
f 2418/2418/2418  2415/2415/2415  2412/2412/2412
f 2580/2580/2580  2427/2427/2427  2424/2424/2424
f 2583/2583/2583  2580/2580/2580  2424/2424/2424
f 2580/2580/2580  2430/2430/2430  2427/2427/2427
f 2578/2578/2578  2433/2433/2433  2430/2430/2430
f 2580/2580/2580  2578/2578/2578  2430/2430/2430
f 2575/2575/2575  2435/2435/2435  2433/2433/2433
f 2578/2578/2578  2575/2575/2575  2433/2433/2433
f 2573/2573/2573  2438/2438/2438  2435/2435/2435
f 2575/2575/2575  2573/2573/2573  2435/2435/2435
f 2571/2571/2571  2440/2440/2440  2438/2438/2438
f 2573/2573/2573  2571/2571/2571  2438/2438/2438
f 2568/2568/2568  2443/2443/2443  2440/2440/2440
f 2571/2571/2571  2568/2568/2568  2440/2440/2440
f 2568/2568/2568  2445/2445/2445  2443/2443/2443
f 2568/2568/2568  2447/2447/2447  2445/2445/2445
f 2546/2546/2546  2450/2450/2450  2447/2447/2447
f 2549/2549/2549  2546/2546/2546  2447/2447/2447
f 2566/2566/2566  2549/2549/2549  2447/2447/2447
f 2568/2568/2568  2566/2566/2566  2447/2447/2447
f 2546/2546/2546  2452/2452/2452  2450/2450/2450
f 2546/2546/2546  2455/2455/2455  2452/2452/2452
f 2543/2543/2543  2457/2457/2457  2455/2455/2455
f 2546/2546/2546  2543/2543/2543  2455/2455/2455
f 2543/2543/2543  2460/2460/2460  2457/2457/2457
f 2543/2543/2543  2462/2462/2462  2460/2460/2460
f 2543/2543/2543  2465/2465/2465  2462/2462/2462
f 2538/2538/2538  2468/2468/2468  2465/2465/2465
f 2541/2541/2541  2538/2538/2538  2465/2465/2465
f 2543/2543/2543  2541/2541/2541  2465/2465/2465
f 2531/2531/2531  2470/2470/2470  2468/2468/2468
f 2533/2533/2533  2531/2531/2531  2468/2468/2468
f 2536/2536/2536  2533/2533/2533  2468/2468/2468
f 2538/2538/2538  2536/2536/2536  2468/2468/2468
f 2487/2487/2487  2473/2473/2473  2470/2470/2470
f 2528/2528/2528  2487/2487/2487  2470/2470/2470
f 2531/2531/2531  2528/2528/2528  2470/2470/2470
f 2487/2487/2487  2475/2475/2475  2473/2473/2473
f 2485/2485/2485  2478/2478/2478  2475/2475/2475
f 2487/2487/2487  2485/2485/2485  2475/2475/2475
f 2483/2483/2483  2480/2480/2480  2478/2478/2478
f 2485/2485/2485  2483/2483/2483  2478/2478/2478
f 2524/2524/2524  2490/2490/2490  2487/2487/2487
f 2526/2526/2526  2524/2524/2524  2487/2487/2487
f 2528/2528/2528  2526/2526/2526  2487/2487/2487
f 2519/2519/2519  2492/2492/2492  2490/2490/2490
f 2521/2521/2521  2519/2519/2519  2490/2490/2490
f 2524/2524/2524  2521/2521/2521  2490/2490/2490
f 2516/2516/2516  2495/2495/2495  2492/2492/2492
f 2519/2519/2519  2516/2516/2516  2492/2492/2492
f 2516/2516/2516  2497/2497/2497  2495/2495/2495
f 2514/2514/2514  2500/2500/2500  2497/2497/2497
f 2516/2516/2516  2514/2514/2514  2497/2497/2497
f 2511/2511/2511  2502/2502/2502  2500/2500/2500
f 2514/2514/2514  2511/2511/2511  2500/2500/2500
f 2508/2508/2508  2505/2505/2505  2502/2502/2502
f 2511/2511/2511  2508/2508/2508  2502/2502/2502
f 2566/2566/2566  2551/2551/2551  2549/2549/2549
f 2566/2566/2566  2554/2554/2554  2551/2551/2551
f 2564/2564/2564  2556/2556/2556  2554/2554/2554
f 2566/2566/2566  2564/2564/2564  2554/2554/2554
f 2561/2561/2561  2559/2559/2559  2556/2556/2556
f 2564/2564/2564  2561/2561/2561  2556/2556/2556
f 2742/2742/2742  2589/2589/2589  2586/2586/2586
f 2745/2745/2745  2742/2742/2742  2586/2586/2586
f 2742/2742/2742  2592/2592/2592  2589/2589/2589
f 2740/2740/2740  2595/2595/2595  2592/2592/2592
f 2742/2742/2742  2740/2740/2740  2592/2592/2592
f 2737/2737/2737  2597/2597/2597  2595/2595/2595
f 2740/2740/2740  2737/2737/2737  2595/2595/2595
f 2735/2735/2735  2600/2600/2600  2597/2597/2597
f 2737/2737/2737  2735/2735/2735  2597/2597/2597
f 2733/2733/2733  2602/2602/2602  2600/2600/2600
f 2735/2735/2735  2733/2733/2733  2600/2600/2600
f 2730/2730/2730  2605/2605/2605  2602/2602/2602
f 2733/2733/2733  2730/2730/2730  2602/2602/2602
f 2730/2730/2730  2607/2607/2607  2605/2605/2605
f 2730/2730/2730  2609/2609/2609  2607/2607/2607
f 2708/2708/2708  2612/2612/2612  2609/2609/2609
f 2711/2711/2711  2708/2708/2708  2609/2609/2609
f 2728/2728/2728  2711/2711/2711  2609/2609/2609
f 2730/2730/2730  2728/2728/2728  2609/2609/2609
f 2708/2708/2708  2614/2614/2614  2612/2612/2612
f 2708/2708/2708  2617/2617/2617  2614/2614/2614
f 2705/2705/2705  2619/2619/2619  2617/2617/2617
f 2708/2708/2708  2705/2705/2705  2617/2617/2617
f 2705/2705/2705  2622/2622/2622  2619/2619/2619
f 2705/2705/2705  2624/2624/2624  2622/2622/2622
f 2705/2705/2705  2627/2627/2627  2624/2624/2624
f 2700/2700/2700  2630/2630/2630  2627/2627/2627
f 2703/2703/2703  2700/2700/2700  2627/2627/2627
f 2705/2705/2705  2703/2703/2703  2627/2627/2627
f 2693/2693/2693  2632/2632/2632  2630/2630/2630
f 2695/2695/2695  2693/2693/2693  2630/2630/2630
f 2698/2698/2698  2695/2695/2695  2630/2630/2630
f 2700/2700/2700  2698/2698/2698  2630/2630/2630
f 2649/2649/2649  2635/2635/2635  2632/2632/2632
f 2690/2690/2690  2649/2649/2649  2632/2632/2632
f 2693/2693/2693  2690/2690/2690  2632/2632/2632
f 2649/2649/2649  2637/2637/2637  2635/2635/2635
f 2647/2647/2647  2640/2640/2640  2637/2637/2637
f 2649/2649/2649  2647/2647/2647  2637/2637/2637
f 2645/2645/2645  2642/2642/2642  2640/2640/2640
f 2647/2647/2647  2645/2645/2645  2640/2640/2640
f 2686/2686/2686  2652/2652/2652  2649/2649/2649
f 2688/2688/2688  2686/2686/2686  2649/2649/2649
f 2690/2690/2690  2688/2688/2688  2649/2649/2649
f 2681/2681/2681  2654/2654/2654  2652/2652/2652
f 2683/2683/2683  2681/2681/2681  2652/2652/2652
f 2686/2686/2686  2683/2683/2683  2652/2652/2652
f 2678/2678/2678  2657/2657/2657  2654/2654/2654
f 2681/2681/2681  2678/2678/2678  2654/2654/2654
f 2678/2678/2678  2659/2659/2659  2657/2657/2657
f 2676/2676/2676  2662/2662/2662  2659/2659/2659
f 2678/2678/2678  2676/2676/2676  2659/2659/2659
f 2673/2673/2673  2664/2664/2664  2662/2662/2662
f 2676/2676/2676  2673/2673/2673  2662/2662/2662
f 2670/2670/2670  2667/2667/2667  2664/2664/2664
f 2673/2673/2673  2670/2670/2670  2664/2664/2664
f 2728/2728/2728  2713/2713/2713  2711/2711/2711
f 2728/2728/2728  2716/2716/2716  2713/2713/2713
f 2726/2726/2726  2718/2718/2718  2716/2716/2716
f 2728/2728/2728  2726/2726/2726  2716/2716/2716
f 2723/2723/2723  2721/2721/2721  2718/2718/2718
f 2726/2726/2726  2723/2723/2723  2718/2718/2718
f 2805/2805/2805  2751/2751/2751  2748/2748/2748
f 2808/2808/2808  2805/2805/2805  2748/2748/2748
f 2810/2810/2810  2808/2808/2808  2748/2748/2748
f 2813/2813/2813  2810/2810/2810  2748/2748/2748
f 2816/2816/2816  2813/2813/2813  2748/2748/2748
f 2839/2839/2839  2754/2754/2754  2751/2751/2751
f 2805/2805/2805  2802/2802/2802  2751/2751/2751
f 2819/2819/2819  2751/2751/2751  2802/2802/2802
f 2841/2841/2841  2751/2751/2751  2819/2819/2819
f 2841/2841/2841  2839/2839/2839  2751/2751/2751
f 2837/2837/2837  2757/2757/2757  2754/2754/2754
f 2839/2839/2839  2837/2837/2837  2754/2754/2754
f 2834/2834/2834  2759/2759/2759  2757/2757/2757
f 2837/2837/2837  2834/2834/2834  2757/2757/2757
f 2834/2834/2834  2762/2762/2762  2759/2759/2759
f 2831/2831/2831  2765/2765/2765  2762/2762/2762
f 2834/2834/2834  2831/2831/2831  2762/2762/2762
f 2796/2796/2796  2768/2768/2768  2765/2765/2765
f 2799/2799/2799  2796/2796/2796  2765/2765/2765
f 2822/2822/2822  2799/2799/2799  2765/2765/2765
f 2831/2831/2831  2822/2822/2822  2765/2765/2765
f 2796/2796/2796  2771/2771/2771  2768/2768/2768
f 2796/2796/2796  2773/2773/2773  2771/2771/2771
f 2796/2796/2796  2775/2775/2775  2773/2773/2773
f 2796/2796/2796  2777/2777/2777  2775/2775/2775
f 2793/2793/2793  2779/2779/2779  2777/2777/2777
f 2796/2796/2796  2793/2793/2793  2777/2777/2777
f 2793/2793/2793  2782/2782/2782  2779/2779/2779
f 2793/2793/2793  2784/2784/2784  2782/2782/2782
f 2793/2793/2793  2787/2787/2787  2784/2784/2784
f 2793/2793/2793  2790/2790/2790  2787/2787/2787
f 2819/2819/2819  2802/2802/2802  2799/2799/2799
f 2822/2822/2822  2819/2819/2819  2799/2799/2799
f 2831/2831/2831  2825/2825/2825  2822/2822/2822
f 2831/2831/2831  2828/2828/2828  2825/2825/2825
f 2882/2882/2882  2847/2847/2847  2844/2844/2844
f 2896/2896/2896  2882/2882/2882  2844/2844/2844
f 2899/2899/2899  2896/2896/2896  2844/2844/2844
f 2882/2882/2882  2849/2849/2849  2847/2847/2847
f 2882/2882/2882  2852/2852/2852  2849/2849/2849
f 2882/2882/2882  2855/2855/2855  2852/2852/2852
f 2882/2882/2882  2857/2857/2857  2855/2855/2855
f 2879/2879/2879  2859/2859/2859  2857/2857/2857
f 2882/2882/2882  2879/2879/2879  2857/2857/2857
f 2879/2879/2879  2862/2862/2862  2859/2859/2859
f 2876/2876/2876  2865/2865/2865  2862/2862/2862
f 2879/2879/2879  2876/2876/2876  2862/2862/2862
f 2871/2871/2871  2868/2868/2868  2865/2865/2865
f 2874/2874/2874  2871/2871/2871  2865/2865/2865
f 2876/2876/2876  2874/2874/2874  2865/2865/2865
f 2896/2896/2896  2885/2885/2885  2882/2882/2882
f 2896/2896/2896  2888/2888/2888  2885/2885/2885
f 2896/2896/2896  2890/2890/2890  2888/2888/2888
f 2896/2896/2896  2893/2893/2893  2890/2890/2890
f 3065/3065/3065  2905/2905/2905  2902/2902/2902
f 3068/3068/3068  3065/3065/3065  2902/2902/2902
f 3065/3065/3065  2908/2908/2908  2905/2905/2905
f 3059/3059/3059  2910/2910/2910  2908/2908/2908
f 3062/3062/3062  3059/3059/3059  2908/2908/2908
f 3065/3065/3065  3062/3062/3062  2908/2908/2908
f 3056/3056/3056  2912/2912/2912  2910/2910/2910
f 3059/3059/3059  3056/3056/3056  2910/2910/2910
f 3053/3053/3053  2915/2915/2915  2912/2912/2912
f 3056/3056/3056  3053/3053/3053  2912/2912/2912
f 3053/3053/3053  2917/2917/2917  2915/2915/2915
f 3053/3053/3053  2920/2920/2920  2917/2917/2917
f 3050/3050/3050  2923/2923/2923  2920/2920/2920
f 3053/3053/3053  3050/3050/3050  2920/2920/2920
f 3047/3047/3047  2926/2926/2926  2923/2923/2923
f 3050/3050/3050  3047/3047/3047  2923/2923/2923
f 3047/3047/3047  2929/2929/2929  2926/2926/2926
f 3044/3044/3044  2931/2931/2931  2929/2929/2929
f 3047/3047/3047  3044/3044/3044  2929/2929/2929
f 3035/3035/3035  2934/2934/2934  2931/2931/2931
f 3038/3038/3038  3035/3035/3035  2931/2931/2931
f 3041/3041/3041  3038/3038/3038  2931/2931/2931
f 3044/3044/3044  3041/3041/3041  2931/2931/2931
f 2942/2942/2942  2937/2937/2937  2934/2934/2934
f 3035/3035/3035  2942/2942/2942  2934/2934/2934
f 2942/2942/2942  2939/2939/2939  2937/2937/2937
f 3032/3032/3032  2945/2945/2945  2942/2942/2942
f 3035/3035/3035  3032/3032/3032  2942/2942/2942
f 3032/3032/3032  2948/2948/2948  2945/2945/2945
f 3029/3029/3029  2951/2951/2951  2948/2948/2948
f 3032/3032/3032  3029/3029/3029  2948/2948/2948
f 3027/3027/3027  2954/2954/2954  2951/2951/2951
f 3029/3029/3029  3027/3027/3027  2951/2951/2951
f 3024/3024/3024  2956/2956/2956  2954/2954/2954
f 3027/3027/3027  3024/3024/3024  2954/2954/2954
f 3024/3024/3024  2958/2958/2958  2956/2956/2956
f 3024/3024/3024  2960/2960/2960  2958/2958/2958
f 3021/3021/3021  2962/2962/2962  2960/2960/2960
f 3024/3024/3024  3021/3021/3021  2960/2960/2960
f 3021/3021/3021  2964/2964/2964  2962/2962/2962
f 3017/3017/3017  2967/2967/2967  2964/2964/2964
f 3019/3019/3019  3017/3017/3017  2964/2964/2964
f 3021/3021/3021  3019/3019/3019  2964/2964/2964
f 2973/2973/2973  2970/2970/2970  2967/2967/2967
f 2976/2976/2976  2973/2973/2973  2967/2967/2967
f 3011/3011/3011  2976/2976/2976  2967/2967/2967
f 3014/3014/3014  3011/3011/3011  2967/2967/2967
f 3017/3017/3017  3014/3014/3014  2967/2967/2967
f 3011/3011/3011  2978/2978/2978  2976/2976/2976
f 3011/3011/3011  2980/2980/2980  2978/2978/2978
f 3011/3011/3011  2982/2982/2982  2980/2980/2980
f 3011/3011/3011  2984/2984/2984  2982/2982/2982
f 3011/3011/3011  2986/2986/2986  2984/2984/2984
f 3011/3011/3011  2988/2988/2988  2986/2986/2986
f 3011/3011/3011  2991/2991/2991  2988/2988/2988
f 3011/3011/3011  2994/2994/2994  2991/2991/2991
f 3011/3011/3011  2996/2996/2996  2994/2994/2994
f 3008/3008/3008  2999/2999/2999  2996/2996/2996
f 3011/3011/3011  3008/3008/3008  2996/2996/2996
f 3005/3005/3005  3002/3002/3002  2999/2999/2999
f 3008/3008/3008  3005/3005/3005  2999/2999/2999
f 3128/3128/3128  3074/3074/3074  3071/3071/3071
f 3131/3131/3131  3128/3128/3128  3071/3071/3071
f 3133/3133/3133  3131/3131/3131  3071/3071/3071
f 3136/3136/3136  3133/3133/3133  3071/3071/3071
f 3139/3139/3139  3136/3136/3136  3071/3071/3071
f 3162/3162/3162  3077/3077/3077  3074/3074/3074
f 3128/3128/3128  3125/3125/3125  3074/3074/3074
f 3142/3142/3142  3074/3074/3074  3125/3125/3125
f 3164/3164/3164  3074/3074/3074  3142/3142/3142
f 3164/3164/3164  3162/3162/3162  3074/3074/3074
f 3160/3160/3160  3080/3080/3080  3077/3077/3077
f 3162/3162/3162  3160/3160/3160  3077/3077/3077
f 3157/3157/3157  3082/3082/3082  3080/3080/3080
f 3160/3160/3160  3157/3157/3157  3080/3080/3080
f 3157/3157/3157  3085/3085/3085  3082/3082/3082
f 3154/3154/3154  3088/3088/3088  3085/3085/3085
f 3157/3157/3157  3154/3154/3154  3085/3085/3085
f 3119/3119/3119  3091/3091/3091  3088/3088/3088
f 3122/3122/3122  3119/3119/3119  3088/3088/3088
f 3145/3145/3145  3122/3122/3122  3088/3088/3088
f 3154/3154/3154  3145/3145/3145  3088/3088/3088
f 3119/3119/3119  3094/3094/3094  3091/3091/3091
f 3119/3119/3119  3096/3096/3096  3094/3094/3094
f 3119/3119/3119  3098/3098/3098  3096/3096/3096
f 3119/3119/3119  3100/3100/3100  3098/3098/3098
f 3116/3116/3116  3102/3102/3102  3100/3100/3100
f 3119/3119/3119  3116/3116/3116  3100/3100/3100
f 3116/3116/3116  3105/3105/3105  3102/3102/3102
f 3116/3116/3116  3107/3107/3107  3105/3105/3105
f 3116/3116/3116  3110/3110/3110  3107/3107/3107
f 3116/3116/3116  3113/3113/3113  3110/3110/3110
f 3142/3142/3142  3125/3125/3125  3122/3122/3122
f 3145/3145/3145  3142/3142/3142  3122/3122/3122
f 3154/3154/3154  3148/3148/3148  3145/3145/3145
f 3154/3154/3154  3151/3151/3151  3148/3148/3148
f 3319/3319/3319  3170/3170/3170  3167/3167/3167
f 3322/3322/3322  3319/3319/3319  3167/3167/3167
f 3319/3319/3319  3172/3172/3172  3170/3170/3170
f 3319/3319/3319  3174/3174/3174  3172/3172/3172
f 3319/3319/3319  3176/3176/3176  3174/3174/3174
f 3319/3319/3319  3178/3178/3178  3176/3176/3176
f 3319/3319/3319  3180/3180/3180  3178/3178/3178
f 3319/3319/3319  3182/3182/3182  3180/3180/3180
f 3319/3319/3319  3184/3184/3184  3182/3182/3182
f 3319/3319/3319  3187/3187/3187  3184/3184/3184
f 3316/3316/3316  3190/3190/3190  3187/3187/3187
f 3319/3319/3319  3316/3316/3316  3187/3187/3187
f 3314/3314/3314  3192/3192/3192  3190/3190/3190
f 3316/3316/3316  3314/3314/3314  3190/3190/3190
f 3311/3311/3311  3195/3195/3195  3192/3192/3192
f 3314/3314/3314  3311/3311/3311  3192/3192/3192
f 3305/3305/3305  3198/3198/3198  3195/3195/3195
f 3308/3308/3308  3305/3305/3305  3195/3195/3195
f 3311/3311/3311  3308/3308/3308  3195/3195/3195
f 3302/3302/3302  3201/3201/3201  3198/3198/3198
f 3305/3305/3305  3302/3302/3302  3198/3198/3198
f 3302/3302/3302  3204/3204/3204  3201/3201/3201
f 3302/3302/3302  3206/3206/3206  3204/3204/3204
f 3302/3302/3302  3208/3208/3208  3206/3206/3206
f 3302/3302/3302  3210/3210/3210  3208/3208/3208
f 3302/3302/3302  3212/3212/3212  3210/3210/3210
f 3302/3302/3302  3214/3214/3214  3212/3212/3212
f 3300/3300/3300  3216/3216/3216  3214/3214/3214
f 3302/3302/3302  3300/3300/3300  3214/3214/3214
f 3298/3298/3298  3218/3218/3218  3216/3216/3216
f 3300/3300/3300  3298/3298/3298  3216/3216/3216
f 3298/3298/3298  3220/3220/3220  3218/3218/3218
f 3285/3285/3285  3223/3223/3223  3220/3220/3220
f 3288/3288/3288  3285/3285/3285  3220/3220/3220
f 3290/3290/3290  3288/3288/3288  3220/3220/3220
f 3292/3292/3292  3290/3290/3290  3220/3220/3220
f 3294/3294/3294  3292/3292/3292  3220/3220/3220
f 3296/3296/3296  3294/3294/3294  3220/3220/3220
f 3298/3298/3298  3296/3296/3296  3220/3220/3220
f 3282/3282/3282  3226/3226/3226  3223/3223/3223
f 3285/3285/3285  3282/3282/3282  3223/3223/3223
f 3282/3282/3282  3228/3228/3228  3226/3226/3226
f 3282/3282/3282  3230/3230/3230  3228/3228/3228
f 3282/3282/3282  3232/3232/3232  3230/3230/3230
f 3282/3282/3282  3234/3234/3234  3232/3232/3232
f 3282/3282/3282  3236/3236/3236  3234/3234/3234
f 3282/3282/3282  3239/3239/3239  3236/3236/3236
f 3279/3279/3279  3242/3242/3242  3239/3239/3239
f 3282/3282/3282  3279/3279/3279  3239/3239/3239
f 3279/3279/3279  3245/3245/3245  3242/3242/3242
f 3276/3276/3276  3248/3248/3248  3245/3245/3245
f 3279/3279/3279  3276/3276/3276  3245/3245/3245
f 3273/3273/3273  3251/3251/3251  3248/3248/3248
f 3276/3276/3276  3273/3273/3273  3248/3248/3248
f 3270/3270/3270  3253/3253/3253  3251/3251/3251
f 3273/3273/3273  3270/3270/3270  3251/3251/3251
f 3270/3270/3270  3256/3256/3256  3253/3253/3253
f 3262/3262/3262  3259/3259/3259  3256/3256/3256
f 3265/3265/3265  3262/3262/3262  3256/3256/3256
f 3267/3267/3267  3265/3265/3265  3256/3256/3256
f 3270/3270/3270  3267/3267/3267  3256/3256/3256
f 3357/3357/3357  3328/3328/3328  3325/3325/3325
f 3360/3360/3360  3357/3357/3357  3325/3325/3325
f 3357/3357/3357  3331/3331/3331  3328/3328/3328
f 3357/3357/3357  3334/3334/3334  3331/3331/3331
f 3354/3354/3354  3336/3336/3336  3334/3334/3334
f 3357/3357/3357  3354/3354/3354  3334/3334/3334
f 3354/3354/3354  3339/3339/3339  3336/3336/3336
f 3345/3345/3345  3342/3342/3342  3339/3339/3339
f 3348/3348/3348  3345/3345/3345  3339/3339/3339
f 3351/3351/3351  3348/3348/3348  3339/3339/3339
f 3354/3354/3354  3351/3351/3351  3339/3339/3339
