mtllib name2.mtl

v  -4992.240344 634.432930 0.000000
v  -4992.240344 634.432930 0.000000
v  -4992.240344 634.432930 0.000000
v  -5040.161502 498.859083 0.000000
v  -5040.161502 498.859083 0.000000
v  -5058.017905 336.863479 0.000000
v  -5058.017905 336.863479 0.000000
v  -5058.017905 336.863479 0.000000
v  -5048.104459 215.172782 0.000000
v  -5048.104459 215.172782 0.000000
v  -5020.943972 114.398976 0.000000
v  -5020.943972 114.398976 0.000000
v  -4978.814501 27.777831 0.000000
v  -4978.814501 27.777831 0.000000
v  -4978.814501 27.777831 0.000000
v  -4922.040492 -44.905660 0.000000
v  -4922.040492 -44.905660 0.000000
v  -4861.858218 -90.882154 0.000000
v  -4861.858218 -90.882154 0.000000
v  -4794.568306 -118.263166 0.000000
v  -4794.568306 -118.263166 0.000000
v  -4713.562384 -128.352491 0.000000
v  -4713.562384 -128.352491 0.000000
v  -4713.562384 -128.352491 0.000000
v  -4616.760236 -116.593804 0.000000
v  -4616.760236 -116.593804 0.000000
v  -4531.887723 -82.402885 0.000000
v  -4531.887723 -82.402885 0.000000
v  -4451.609791 -22.162429 0.000000
v  -4451.609791 -22.162429 0.000000
v  -4371.082769 77.270610 0.000000
v  -4371.082769 77.270610 0.000000
v  -4371.082769 77.270610 0.000000
v  -4306.073780 202.619712 0.000000
v  -4306.073780 202.619712 0.000000
v  -4267.957614 332.872638 0.000000
v  -4267.957614 332.872638 0.000000
v  -4255.092777 473.837607 0.000000
v  -4255.092777 473.837607 0.000000
v  -4255.092777 473.837607 0.000000
v  -4266.998400 598.800215 0.000000
v  -4266.998400 598.800215 0.000000
v  -4296.100320 691.739462 0.000000
v  -4296.100320 691.739462 0.000000
v  -4338.265481 764.251205 0.000000
v  -4338.265481 764.251205 0.000000
v  -4338.265481 764.251205 0.000000
v  -4389.399311 818.636907 0.000000
v  -4389.399311 818.636907 0.000000
v  -4447.617568 856.647712 0.000000
v  -4447.617568 856.647712 0.000000
v  -4517.043668 881.211710 0.000000
v  -4517.043668 881.211710 0.000000
v  -4604.927707 891.030928 0.000000
v  -4604.927707 891.030928 0.000000
v  -4604.927707 891.030928 0.000000
v  -4697.682981 881.485940 0.000000
v  -4697.682981 881.485940 0.000000
v  -4782.307176 852.211666 0.000000
v  -4782.307176 852.211666 0.000000
v  -4782.307176 852.211666 0.000000
v  -4862.666173 801.766783 0.000000
v  -4862.666173 801.766783 0.000000
v  -4931.748109 731.840923 0.000000
v  -4931.748109 731.840923 0.000000
v  -4957.827379 337.536860 0.000000
v  -4957.827379 337.536860 0.000000
v  -4957.827379 337.536860 0.000000
v  -4951.089628 444.563616 0.000000
v  -4951.089628 444.563616 0.000000
v  -4930.800011 537.455914 0.000000
v  -4930.800011 537.455914 0.000000
v  -4930.800011 537.455914 0.000000
v  -4901.010164 609.742722 0.000000
v  -4901.010164 609.742722 0.000000
v  -4855.752437 678.009919 0.000000
v  -4855.752437 678.009919 0.000000
v  -4855.752437 678.009919 0.000000
v  -4779.345964 750.029684 0.000000
v  -4779.345964 750.029684 0.000000
v  -4699.263506 788.956880 0.000000
v  -4699.263506 788.956880 0.000000
v  -4607.634839 802.090912 0.000000
v  -4607.634839 802.090912 0.000000
v  -4607.634839 802.090912 0.000000
v  -4523.896393 789.296597 0.000000
v  -4523.896393 789.296597 0.000000
v  -4461.277785 756.266995 0.000000
v  -4461.277785 756.266995 0.000000
v  -4410.316020 700.972686 0.000000
v  -4410.316020 700.972686 0.000000
v  -4410.316020 700.972686 0.000000
v  -4382.267196 646.868116 0.000000
v  -4382.267196 646.868116 0.000000
v  -4362.711924 576.492922 0.000000
v  -4362.711924 576.492922 0.000000
v  -4354.958547 479.239675 0.000000
v  -4354.958547 479.239675 0.000000
v  -4354.958547 479.239675 0.000000
v  -4364.419757 366.552252 0.000000
v  -4364.419757 366.552252 0.000000
v  -4391.923022 256.640593 0.000000
v  -4391.923022 256.640593 0.000000
v  -4391.923022 256.640593 0.000000
v  -4428.637951 168.934910 0.000000
v  -4428.637951 168.934910 0.000000
v  -4473.940836 94.563768 0.000000
v  -4473.940836 94.563768 0.000000
v  -4473.940836 94.563768 0.000000
v  -4523.146421 38.052389 0.000000
v  -4523.146421 38.052389 0.000000
v  -4577.260567 -3.893634 0.000000
v  -4577.260567 -3.893634 0.000000
v  -4577.260567 -3.893634 0.000000
v  -4638.729937 -31.634866 0.000000
v  -4638.729937 -31.634866 0.000000
v  -4706.791926 -41.380945 0.000000
v  -4706.791926 -41.380945 0.000000
v  -4706.791926 -41.380945 0.000000
v  -4760.811490 -35.212288 0.000000
v  -4760.811490 -35.212288 0.000000
v  -4806.578440 -17.091720 0.000000
v  -4806.578440 -17.091720 0.000000
v  -4806.578440 -17.091720 0.000000
v  -4851.108836 15.692017 0.000000
v  -4851.108836 15.692017 0.000000
v  -4891.181887 64.400020 0.000000
v  -4891.181887 64.400020 0.000000
v  -4927.885687 138.997067 0.000000
v  -4927.885687 138.997067 0.000000
v  -4927.885687 138.997067 0.000000
v  -4950.328610 225.061625 0.000000
v  -4950.328610 225.061625 0.000000
v  -4138.664131 -7.267472 0.000000
v  -4138.664131 -7.267472 0.000000
v  -4138.664131 -7.267472 0.000000
v  -4157.557492 -108.482045 0.000000
v  -4157.557492 -108.482045 0.000000
v  -4157.557492 -108.482045 0.000000
v  -4046.221499 -108.482045 0.000000
v  -4046.221499 -108.482045 0.000000
v  -4046.221499 -108.482045 0.000000
v  -4040.823345 -16.039398 0.000000
v  -4040.823345 -16.039398 0.000000
v  -4040.823345 -16.039398 0.000000
v  -4034.806694 47.897871 0.000000
v  -4034.806694 47.897871 0.000000
v  -4023.954277 130.384359 0.000000
v  -4023.954277 130.384359 0.000000
v  -4023.954277 130.384359 0.000000
v  -4002.361779 274.109054 0.000000
v  -4002.361779 274.109054 0.000000
v  -4002.361779 274.109054 0.000000
v  -3995.091773 315.515482 0.000000
v  -3995.091773 315.515482 0.000000
v  -3984.638122 362.621840 0.000000
v  -3984.638122 362.621840 0.000000
v  -3984.638122 362.621840 0.000000
v  -3956.379430 438.007259 0.000000
v  -3956.379430 438.007259 0.000000
v  -3922.858265 482.448705 0.000000
v  -3922.858265 482.448705 0.000000
v  -3884.428047 509.232757 0.000000
v  -3884.428047 509.232757 0.000000
v  -3884.428047 509.232757 0.000000
v  -3854.586156 519.530137 0.000000
v  -3854.586156 519.530137 0.000000
v  -3821.528351 522.855432 0.000000
v  -3821.528351 522.855432 0.000000
v  -3821.528351 522.855432 0.000000
v  -3781.372700 517.279576 0.000000
v  -3781.372700 517.279576 0.000000
v  -3748.277025 502.765029 0.000000
v  -3748.277025 502.765029 0.000000
v  -3719.413289 478.827581 0.000000
v  -3719.413289 478.827581 0.000000
v  -3719.413289 478.827581 0.000000
v  -3702.952349 455.118132 0.000000
v  -3702.952349 455.118132 0.000000
v  -3691.010800 421.661524 0.000000
v  -3691.010800 421.661524 0.000000
v  -3685.897593 371.959450 0.000000
v  -3685.897593 371.959450 0.000000
v  -3685.897593 371.959450 0.000000
v  -3687.125040 328.626030 0.000000
v  -3687.125040 328.626030 0.000000
v  -3689.946179 301.774371 0.000000
v  -3689.946179 301.774371 0.000000
v  -3689.946179 301.774371 0.000000
v  -3704.790955 201.234567 0.000000
v  -3704.790955 201.234567 0.000000
v  -3704.790955 201.234567 0.000000
v  -3732.456212 14.999736 0.000000
v  -3732.456212 14.999736 0.000000
v  -3732.456212 14.999736 0.000000
v  -3747.975831 -108.482045 0.000000
v  -3747.975831 -108.482045 0.000000
v  -3747.975831 -108.482045 0.000000
v  -3646.761303 -108.482045 0.000000
v  -3646.761303 -108.482045 0.000000
v  -3646.761303 -108.482045 0.000000
v  -3644.737010 -51.801883 0.000000
v  -3644.737010 -51.801883 0.000000
v  -3644.737010 -51.801883 0.000000
v  -3639.765237 28.069460 0.000000
v  -3639.765237 28.069460 0.000000
v  -3631.183857 113.648496 0.000000
v  -3631.183857 113.648496 0.000000
v  -3619.206674 205.087881 0.000000
v  -3619.206674 205.087881 0.000000
v  -3604.014559 302.518970 0.000000
v  -3604.014559 302.518970 0.000000
v  -3604.014559 302.518970 0.000000
v  -3595.606335 346.310877 0.000000
v  -3595.606335 346.310877 0.000000
v  -3585.470450 386.152696 0.000000
v  -3585.470450 386.152696 0.000000
v  -3585.470450 386.152696 0.000000
v  -3555.984721 452.966499 0.000000
v  -3555.984721 452.966499 0.000000
v  -3521.504454 491.369628 0.000000
v  -3521.504454 491.369628 0.000000
v  -3480.255669 513.801129 0.000000
v  -3480.255669 513.801129 0.000000
v  -3425.436487 522.720678 0.000000
v  -3425.436487 522.720678 0.000000
v  -3425.436487 522.720678 0.000000
v  -3382.218371 516.382424 0.000000
v  -3382.218371 516.382424 0.000000
v  -3342.501213 496.026159 0.000000
v  -3342.501213 496.026159 0.000000
v  -3342.501213 496.026159 0.000000
v  -3316.233660 469.001661 0.000000
v  -3316.233660 469.001661 0.000000
v  -3297.948799 429.237360 0.000000
v  -3297.948799 429.237360 0.000000
v  -3290.267747 365.883958 0.000000
v  -3290.267747 365.883958 0.000000
v  -3290.267747 365.883958 0.000000
v  -3292.259465 317.361015 0.000000
v  -3292.259465 317.361015 0.000000
v  -3297.233586 272.759515 0.000000
v  -3297.233586 272.759515 0.000000
v  -3297.233586 272.759515 0.000000
v  -3328.947549 58.184627 0.000000
v  -3328.947549 58.184627 0.000000
v  -3328.947549 58.184627 0.000000
v  -3350.539927 -108.482045 0.000000
v  -3350.539927 -108.482045 0.000000
v  -3350.539927 -108.482045 0.000000
v  -3247.975831 -108.482045 0.000000
v  -3247.975831 -108.482045 0.000000
v  -3247.975831 -108.482045 0.000000
v  -3240.553384 -14.689874 0.000000
v  -3240.553384 -14.689874 0.000000
v  -3240.553384 -14.689874 0.000000
v  -3233.050700 61.797398 0.000000
v  -3233.050700 61.797398 0.000000
v  -3223.684316 133.083406 0.000000
v  -3223.684316 133.083406 0.000000
v  -3223.684316 133.083406 0.000000
v  -3204.116230 270.060468 0.000000
v  -3204.116230 270.060468 0.000000
v  -3204.116230 270.060468 0.000000
v  -3197.852012 332.118634 0.000000
v  -3197.852012 332.118634 0.000000
v  -3196.255801 384.083248 0.000000
v  -3196.255801 384.083248 0.000000
v  -3196.255801 384.083248 0.000000
v  -3204.154813 452.245133 0.000000
v  -3204.154813 452.245133 0.000000
v  -3223.146444 502.291282 0.000000
v  -3223.146444 502.291282 0.000000
v  -3251.608046 541.745112 0.000000
v  -3251.608046 541.745112 0.000000
v  -3251.608046 541.745112 0.000000
v  -3297.367206 579.163632 0.000000
v  -3297.367206 579.163632 0.000000
v  -3346.867019 600.531500 0.000000
v  -3346.867019 600.531500 0.000000
v  -3405.195837 608.117122 0.000000
v  -3405.195837 608.117122 0.000000
v  -3405.195837 608.117122 0.000000
v  -3484.422567 596.066395 0.000000
v  -3484.422567 596.066395 0.000000
v  -3548.888404 562.608691 0.000000
v  -3548.888404 562.608691 0.000000
v  -3604.925876 504.203516 0.000000
v  -3604.925876 504.203516 0.000000
v  -3604.925876 504.203516 0.000000
v  -3621.120219 481.261569 0.000000
v  -3621.120219 481.261569 0.000000
v  -3621.120219 481.261569 0.000000
v  -3632.591252 504.203516 0.000000
v  -3632.591252 504.203516 0.000000
v  -3632.591252 504.203516 0.000000
v  -3665.825781 551.630648 0.000000
v  -3665.825781 551.630648 0.000000
v  -3703.397541 582.202389 0.000000
v  -3703.397541 582.202389 0.000000
v  -3747.865494 600.881095 0.000000
v  -3747.865494 600.881095 0.000000
v  -3804.653240 607.747946 0.000000
v  -3804.653240 607.747946 0.000000
v  -3804.653240 607.747946 0.000000
v  -3870.740118 598.707739 0.000000
v  -3870.740118 598.707739 0.000000
v  -3922.265853 575.306002 0.000000
v  -3922.265853 575.306002 0.000000
v  -3965.249782 537.266928 0.000000
v  -3965.249782 537.266928 0.000000
v  -3965.249782 537.266928 0.000000
v  -3995.614176 501.504439 0.000000
v  -3995.614176 501.504439 0.000000
v  -3995.614176 501.504439 0.000000
v  -4005.060797 562.907952 0.000000
v  -4005.060797 562.907952 0.000000
v  -4005.060797 562.907952 0.000000
v  -4011.808519 598.670441 0.000000
v  -4011.808519 598.670441 0.000000
v  -4011.808519 598.670441 0.000000
v  -4096.153979 587.874252 0.000000
v  -4096.153979 587.874252 0.000000
v  -4096.153979 587.874252 0.000000
v  -4088.731532 549.412686 0.000000
v  -4088.731532 549.412686 0.000000
v  -4088.731532 549.412686 0.000000
v  -4081.305326 491.122006 0.000000
v  -4081.305326 491.122006 0.000000
v  -4079.538587 446.851230 0.000000
v  -4079.538587 446.851230 0.000000
v  -4079.538587 446.851230 0.000000
v  -4081.344276 399.156531 0.000000
v  -4081.344276 399.156531 0.000000
v  -4086.608401 335.744907 0.000000
v  -4086.608401 335.744907 0.000000
v  -4096.040531 256.856144 0.000000
v  -4096.040531 256.856144 0.000000
v  -4110.324030 162.773001 0.000000
v  -4110.324030 162.773001 0.000000
v  -4110.324030 162.773001 0.000000
v  -2934.885387 594.621855 0.000000
v  -2934.885387 594.621855 0.000000
v  -2934.885387 594.621855 0.000000
v  -2950.405006 509.601611 0.000000
v  -2950.405006 509.601611 0.000000
v  -2950.405006 509.601611 0.000000
v  -2920.715456 514.324981 0.000000
v  -2920.715456 514.324981 0.000000
v  -2920.715456 514.324981 0.000000
v  -2855.314820 521.261496 0.000000
v  -2855.314820 521.261496 0.000000
v  -2807.358056 522.788117 0.000000
v  -2807.358056 522.788117 0.000000
v  -2807.358056 522.788117 0.000000
v  -2788.505609 522.275357 0.000000
v  -2788.505609 522.275357 0.000000
v  -2771.719452 521.159610 0.000000
v  -2771.719452 521.159610 0.000000
v  -2756.724352 519.548413 0.000000
v  -2756.724352 519.548413 0.000000
v  -2743.286068 517.528707 0.000000
v  -2743.286068 517.528707 0.000000
v  -2731.204743 515.170495 0.000000
v  -2731.204743 515.170495 0.000000
v  -2717.753300 511.830917 0.000000
v  -2717.753300 511.830917 0.000000
v  -2705.875610 508.133620 0.000000
v  -2705.875610 508.133620 0.000000
v  -2695.339113 504.140533 0.000000
v  -2695.339113 504.140533 0.000000
v  -2685.951038 499.895450 0.000000
v  -2685.951038 499.895450 0.000000
v  -2674.947468 493.891782 0.000000
v  -2674.947468 493.891782 0.000000
v  -2665.397954 487.526528 0.000000
v  -2665.397954 487.526528 0.000000
v  -2657.064467 480.804875 0.000000
v  -2657.064467 480.804875 0.000000
v  -2649.763949 473.706003 0.000000
v  -2649.763949 473.706003 0.000000
v  -2643.358877 466.185851 0.000000
v  -2643.358877 466.185851 0.000000
v  -2637.750862 458.178074 0.000000
v  -2637.750862 458.178074 0.000000
v  -2632.876778 449.593395 0.000000
v  -2632.876778 449.593395 0.000000
v  -2628.707191 440.317431 0.000000
v  -2628.707191 440.317431 0.000000
v  -2625.247021 430.206899 0.000000
v  -2625.247021 430.206899 0.000000
v  -2622.538559 419.083993 0.000000
v  -2622.538559 419.083993 0.000000
v  -2620.667224 406.728554 0.000000
v  -2620.667224 406.728554 0.000000
v  -2619.770651 392.867464 0.000000
v  -2619.770651 392.867464 0.000000
v  -2619.770651 392.867464 0.000000
v  -2624.493961 348.333079 0.000000
v  -2624.493961 348.333079 0.000000
v  -2624.493961 348.333079 0.000000
v  -2641.363029 350.357372 0.000000
v  -2641.363029 350.357372 0.000000
v  -2641.363029 350.357372 0.000000
v  -2694.324353 355.023183 0.000000
v  -2694.324353 355.023183 0.000000
v  -2740.553503 356.430251 0.000000
v  -2740.553503 356.430251 0.000000
v  -2740.553503 356.430251 0.000000
v  -2793.432732 354.092269 0.000000
v  -2793.432732 354.092269 0.000000
v  -2843.726670 347.302189 0.000000
v  -2843.726670 347.302189 0.000000
v  -2843.726670 347.302189 0.000000
v  -2915.282739 326.717848 0.000000
v  -2915.282739 326.717848 0.000000
v  -2970.860897 296.442917 0.000000
v  -2970.860897 296.442917 0.000000
v  -3015.839551 256.549420 0.000000
v  -3015.839551 256.549420 0.000000
v  -3015.839551 256.549420 0.000000
v  -3056.934096 198.686165 0.000000
v  -3056.934096 198.686165 0.000000
v  -3079.593018 140.099907 0.000000
v  -3079.593018 140.099907 0.000000
v  -3087.028552 76.406147 0.000000
v  -3087.028552 76.406147 0.000000
v  -3087.028552 76.406147 0.000000
v  -3079.390232 15.311175 0.000000
v  -3079.390232 15.311175 0.000000
v  -3059.941631 -31.882774 0.000000
v  -3059.941631 -31.882774 0.000000
v  -3028.509339 -71.871312 0.000000
v  -3028.509339 -71.871312 0.000000
v  -3028.509339 -71.871312 0.000000
v  -2987.139193 -102.903492 0.000000
v  -2987.139193 -102.903492 0.000000
v  -2939.582859 -121.670412 0.000000
v  -2939.582859 -121.670412 0.000000
v  -2880.906953 -128.398715 0.000000
v  -2880.906953 -128.398715 0.000000
v  -2880.906953 -128.398715 0.000000
v  -2817.747034 -120.446434 0.000000
v  -2817.747034 -120.446434 0.000000
v  -2760.366541 -97.951137 0.000000
v  -2760.366541 -97.951137 0.000000
v  -2706.140404 -59.224286 0.000000
v  -2706.140404 -59.224286 0.000000
v  -2706.140404 -59.224286 0.000000
v  -2669.703131 -26.160855 0.000000
v  -2669.703131 -26.160855 0.000000
v  -2669.703131 -26.160855 0.000000
v  -2671.052818 -76.093380 0.000000
v  -2671.052818 -76.093380 0.000000
v  -2671.052818 -76.093380 0.000000
v  -2669.028406 -108.482045 0.000000
v  -2669.028406 -108.482045 0.000000
v  -2669.028406 -108.482045 0.000000
v  -2588.056688 -108.482045 0.000000
v  -2588.056688 -108.482045 0.000000
v  -2588.056688 -108.482045 0.000000
v  -2586.707239 -28.859910 0.000000
v  -2586.707239 -28.859910 0.000000
v  -2586.707239 -28.859910 0.000000
v  -2581.451716 46.492957 0.000000
v  -2581.451716 46.492957 0.000000
v  -2571.795212 129.848315 0.000000
v  -2571.795212 129.848315 0.000000
v  -2558.367138 221.477467 0.000000
v  -2558.367138 221.477467 0.000000
v  -2558.367138 221.477467 0.000000
v  -2542.172794 324.041564 0.000000
v  -2542.172794 324.041564 0.000000
v  -2542.172794 324.041564 0.000000
v  -2538.720218 363.880583 0.000000
v  -2538.720218 363.880583 0.000000
v  -2537.561319 396.909127 0.000000
v  -2537.561319 396.909127 0.000000
v  -2537.561319 396.909127 0.000000
v  -2545.575972 462.136194 0.000000
v  -2545.575972 462.136194 0.000000
v  -2564.871229 508.954283 0.000000
v  -2564.871229 508.954283 0.000000
v  -2593.939876 545.193753 0.000000
v  -2593.939876 545.193753 0.000000
v  -2635.820345 574.470284 0.000000
v  -2635.820345 574.470284 0.000000
v  -2698.803881 596.937140 0.000000
v  -2698.803881 596.937140 0.000000
v  -2698.803881 596.937140 0.000000
v  -2747.811881 605.397849 0.000000
v  -2747.811881 605.397849 0.000000
v  -2794.534569 608.117122 0.000000
v  -2794.534569 608.117122 0.000000
v  -2794.534569 608.117122 0.000000
v  -2851.360433 605.800930 0.000000
v  -2851.360433 605.800930 0.000000
v  -2909.919147 598.670441 0.000000
v  -2909.919147 598.670441 0.000000
v  -2909.919147 598.670441 0.000000
v  -2635.964994 263.312835 0.000000
v  -2635.964994 263.312835 0.000000
v  -2635.964994 263.312835 0.000000
v  -2641.363029 216.754127 0.000000
v  -2641.363029 216.754127 0.000000
v  -2641.363029 216.754127 0.000000
v  -2648.441940 174.685520 0.000000
v  -2648.441940 174.685520 0.000000
v  -2658.670440 131.856137 0.000000
v  -2658.670440 131.856137 0.000000
v  -2658.670440 131.856137 0.000000
v  -2687.460762 62.315109 0.000000
v  -2687.460762 62.315109 0.000000
v  -2728.546324 9.744968 0.000000
v  -2728.546324 9.744968 0.000000
v  -2728.546324 9.744968 0.000000
v  -2768.559958 -20.743730 0.000000
v  -2768.559958 -20.743730 0.000000
v  -2810.004346 -37.953351 0.000000
v  -2810.004346 -37.953351 0.000000
v  -2855.933715 -44.069967 0.000000
v  -2855.933715 -44.069967 0.000000
v  -2855.933715 -44.069967 0.000000
v  -2897.714825 -39.429357 0.000000
v  -2897.714825 -39.429357 0.000000
v  -2929.184419 -26.984505 0.000000
v  -2929.184419 -26.984505 0.000000
v  -2954.623993 -7.436717 0.000000
v  -2954.623993 -7.436717 0.000000
v  -2954.623993 -7.436717 0.000000
v  -2973.924624 18.168550 0.000000
v  -2973.924624 18.168550 0.000000
v  -2986.655512 50.236488 0.000000
v  -2986.655512 50.236488 0.000000
v  -2992.100165 93.938171 0.000000
v  -2992.100165 93.938171 0.000000
v  -2992.100165 93.938171 0.000000
v  -2986.639793 140.223436 0.000000
v  -2986.639793 140.223436 0.000000
v  -2970.894156 176.964751 0.000000
v  -2970.894156 176.964751 0.000000
v  -2944.233496 208.737196 0.000000
v  -2944.233496 208.737196 0.000000
v  -2901.167917 237.712579 0.000000
v  -2901.167917 237.712579 0.000000
v  -2901.167917 237.712579 0.000000
v  -2833.748537 260.969650 0.000000
v  -2833.748537 260.969650 0.000000
v  -2725.716409 270.920148 0.000000
v  -2725.716409 270.920148 0.000000
v  -2725.716409 270.920148 0.000000
v  -2697.737789 270.534050 0.000000
v  -2697.737789 270.534050 0.000000
v  -2674.124419 269.298343 0.000000
v  -2674.124419 269.298343 0.000000
v  -2658.907061 267.361421 0.000000
v  -2658.907061 267.361421 0.000000
v  -2658.907061 267.361421 0.000000
v  -2396.423941 16.349267 0.000000
v  -2396.423941 16.349267 0.000000
v  -2396.423941 16.349267 0.000000
v  -2420.715456 -108.482045 0.000000
v  -2420.715456 -108.482045 0.000000
v  -2420.715456 -108.482045 0.000000
v  -2311.403637 -108.482045 0.000000
v  -2311.403637 -108.482045 0.000000
v  -2311.403637 -108.482045 0.000000
v  -2305.330877 -26.160855 0.000000
v  -2305.330877 -26.160855 0.000000
v  -2305.330877 -26.160855 0.000000
v  -2295.884018 78.427541 0.000000
v  -2295.884018 78.427541 0.000000
v  -2295.884018 78.427541 0.000000
v  -2276.315813 258.589494 0.000000
v  -2276.315813 258.589494 0.000000
v  -2276.315813 258.589494 0.000000
v  -2264.170055 344.959247 0.000000
v  -2264.170055 344.959247 0.000000
v  -2264.170055 344.959247 0.000000
v  -2259.555678 373.973458 0.000000
v  -2259.555678 373.973458 0.000000
v  -2250.224548 410.670612 0.000000
v  -2250.224548 410.670612 0.000000
v  -2250.224548 410.670612 0.000000
v  -2232.769575 450.276462 0.000000
v  -2232.769575 450.276462 0.000000
v  -2208.179520 479.923416 0.000000
v  -2208.179520 479.923416 0.000000
v  -2175.134444 502.392173 0.000000
v  -2175.134444 502.392173 0.000000
v  -2129.457782 517.862441 0.000000
v  -2129.457782 517.862441 0.000000
v  -2063.090448 523.096878 0.000000
v  -2063.090448 523.096878 0.000000
v  -2063.090448 523.096878 0.000000
v  -2014.507656 521.747369 0.000000
v  -2014.507656 521.747369 0.000000
v  -2014.507656 521.747369 0.000000
v  -2007.759933 606.767613 0.000000
v  -2007.759933 606.767613 0.000000
v  -2007.759933 606.767613 0.000000
v  -2030.027037 608.117122 0.000000
v  -2030.027037 608.117122 0.000000
v  -2030.027037 608.117122 0.000000
v  -2121.069529 596.100804 0.000000
v  -2121.069529 596.100804 0.000000
v  -2188.966326 567.885769 0.000000
v  -2188.966326 567.885769 0.000000
v  -2243.927364 524.446446 0.000000
v  -2243.927364 524.446446 0.000000
v  -2243.927364 524.446446 0.000000
v  -2262.145882 505.553025 0.000000
v  -2262.145882 505.553025 0.000000
v  -2262.145882 505.553025 0.000000
v  -2267.543917 558.184642 0.000000
v  -2267.543917 558.184642 0.000000
v  -2267.543917 558.184642 0.000000
v  -2274.291639 598.670441 0.000000
v  -2274.291639 598.670441 0.000000
v  -2274.291639 598.670441 0.000000
v  -2362.010841 587.874252 0.000000
v  -2362.010841 587.874252 0.000000
v  -2362.010841 587.874252 0.000000
v  -2354.588633 545.364100 0.000000
v  -2354.588633 545.364100 0.000000
v  -2354.588633 545.364100 0.000000
v  -2348.512269 490.427283 0.000000
v  -2348.512269 490.427283 0.000000
v  -2346.861841 435.383457 0.000000
v  -2346.861841 435.383457 0.000000
v  -2346.861841 435.383457 0.000000
v  -2348.026936 385.565386 0.000000
v  -2348.026936 385.565386 0.000000
v  -2352.564220 328.764934 0.000000
v  -2352.564220 328.764934 0.000000
v  -2352.564220 328.764934 0.000000
v  -2365.384703 222.152221 0.000000
v  -2365.384703 222.152221 0.000000
v  -2365.384703 222.152221 0.000000
v  -2368.233767 201.350377 0.000000
v  -2368.233767 201.350377 0.000000
v  -2370.994142 181.215376 0.000000
v  -2370.994142 181.215376 0.000000
v  -2373.678287 161.747075 0.000000
v  -2373.678287 161.747075 0.000000
v  -2376.298553 142.944986 0.000000
v  -2376.298553 142.944986 0.000000
v  -2378.867216 124.808290 0.000000
v  -2378.867216 124.808290 0.000000
v  -2381.396463 107.335848 0.000000
v  -2381.396463 107.335848 0.000000
v  -2383.898430 90.526214 0.000000
v  -2383.898430 90.526214 0.000000
v  -2386.385221 74.377645 0.000000
v  -2386.385221 74.377645 0.000000
v  -2388.868938 58.888114 0.000000
v  -2388.868938 58.888114 0.000000
v  -2391.361746 44.055309 0.000000
v  -2391.361746 44.055309 0.000000
v  -2393.875916 29.876647 0.000000
v  -2393.875916 29.876647 0.000000
v  -1534.750347 10.276388 0.000000
v  -1534.750347 10.276388 0.000000
v  -1534.750347 10.276388 0.000000
v  -1561.066275 -108.482045 0.000000
v  -1561.066275 -108.482045 0.000000
v  -1561.066275 -108.482045 0.000000
v  -1088.731651 -108.482045 0.000000
v  -1088.731651 -108.482045 0.000000
v  -1088.731651 -108.482045 0.000000
v  -1069.838409 -19.413222 0.000000
v  -1069.838409 -19.413222 0.000000
v  -1069.838409 -19.413222 0.000000
v  -1152.834063 -26.160855 0.000000
v  -1152.834063 -26.160855 0.000000
v  -1152.834063 -26.160855 0.000000
v  -1202.751411 -28.832255 0.000000
v  -1202.751411 -28.832255 0.000000
v  -1266.869192 -29.534679 0.000000
v  -1266.869192 -29.534679 0.000000
v  -1266.869192 -29.534679 0.000000
v  -1441.633110 -29.534679 0.000000
v  -1441.633110 -29.534679 0.000000
v  -1441.633110 -29.534679 0.000000
v  -1430.162077 42.665053 0.000000
v  -1430.162077 42.665053 0.000000
v  -1430.162077 42.665053 0.000000
v  -1394.399529 307.847250 0.000000
v  -1394.399529 307.847250 0.000000
v  -1394.399529 307.847250 0.000000
v  -1382.928495 387.469369 0.000000
v  -1382.928495 387.469369 0.000000
v  -1382.928495 387.469369 0.000000
v  -1257.422571 385.445076 0.000000
v  -1257.422571 385.445076 0.000000
v  -1257.422571 385.445076 0.000000
v  -1131.916409 383.420784 0.000000
v  -1131.916409 383.420784 0.000000
v  -1131.916409 383.420784 0.000000
v  -1043.522243 377.347905 0.000000
v  -1043.522243 377.347905 0.000000
v  -1043.522243 377.347905 0.000000
v  -1024.629002 476.538199 0.000000
v  -1024.629002 476.538199 0.000000
v  -1024.629002 476.538199 0.000000
v  -1066.464310 469.115812 0.000000
v  -1066.464310 469.115812 0.000000
v  -1066.464310 469.115812 0.000000
v  -1093.711522 466.463226 0.000000
v  -1093.711522 466.463226 0.000000
v  -1129.702665 465.207209 0.000000
v  -1129.702665 465.207209 0.000000
v  -1174.426680 465.067226 0.000000
v  -1174.426680 465.067226 0.000000
v  -1174.426680 465.067226 0.000000
v  -1372.132425 466.416735 0.000000
v  -1372.132425 466.416735 0.000000
v  -1372.132425 466.416735 0.000000
v  -1363.360529 537.266928 0.000000
v  -1363.360529 537.266928 0.000000
v  -1363.360529 537.266928 0.000000
v  -1338.394289 730.249423 0.000000
v  -1338.394289 730.249423 0.000000
v  -1338.394289 730.249423 0.000000
v  -1330.297117 792.327661 0.000000
v  -1330.297117 792.327661 0.000000
v  -1330.297117 792.327661 0.000000
v  -1116.396790 790.978152 0.000000
v  -1116.396790 790.978152 0.000000
v  -1116.396790 790.978152 0.000000
v  -1037.449722 788.279075 0.000000
v  -1037.449722 788.279075 0.000000
v  -1037.449722 788.279075 0.000000
v  -977.395420 782.206196 0.000000
v  -977.395420 782.206196 0.000000
v  -977.395420 782.206196 0.000000
v  -971.997623 871.275026 0.000000
v  -971.997623 871.275026 0.000000
v  -971.997623 871.275026 0.000000
v  -1438.933973 871.275026 0.000000
v  -1438.933973 871.275026 0.000000
v  -1438.933973 871.275026 0.000000
v  -1437.584524 766.686636 0.000000
v  -1437.584524 766.686636 0.000000
v  -1437.584524 766.686636 0.000000
v  -1438.443702 747.212201 0.000000
v  -1438.443702 747.212201 0.000000
v  -1439.905307 724.736832 0.000000
v  -1439.905307 724.736832 0.000000
v  -1441.963903 699.260701 0.000000
v  -1441.963903 699.260701 0.000000
v  -1444.614733 670.784091 0.000000
v  -1444.614733 670.784091 0.000000
v  -1447.853410 639.307349 0.000000
v  -1447.853410 639.307349 0.000000
v  -1451.675757 604.830858 0.000000
v  -1451.675757 604.830858 0.000000
v  -1456.077735 567.355031 0.000000
v  -1456.077735 567.355031 0.000000
v  -1461.055388 526.880298 0.000000
v  -1461.055388 526.880298 0.000000
v  -1466.604823 483.407103 0.000000
v  -1466.604823 483.407103 0.000000
v  -1472.722189 436.935903 0.000000
v  -1472.722189 436.935903 0.000000
v  -1479.403669 387.467162 0.000000
v  -1479.403669 387.467162 0.000000
v  -1479.403669 387.467162 0.000000
v  -1481.359548 373.140303 0.000000
v  -1481.359548 373.140303 0.000000
v  -1483.278454 359.068984 0.000000
v  -1483.278454 359.068984 0.000000
v  -1485.160898 345.253282 0.000000
v  -1485.160898 345.253282 0.000000
v  -1487.007390 331.693272 0.000000
v  -1487.007390 331.693272 0.000000
v  -1488.818441 318.389030 0.000000
v  -1488.818441 318.389030 0.000000
v  -1490.594562 305.340626 0.000000
v  -1490.594562 305.340626 0.000000
v  -1492.336265 292.548133 0.000000
v  -1492.336265 292.548133 0.000000
v  -1494.044060 280.011620 0.000000
v  -1494.044060 280.011620 0.000000
v  -1495.718461 267.731154 0.000000
v  -1495.718461 267.731154 0.000000
v  -1497.359979 255.706802 0.000000
v  -1497.359979 255.706802 0.000000
v  -1498.969127 243.938629 0.000000
v  -1498.969127 243.938629 0.000000
v  -1500.546416 232.426699 0.000000
v  -1500.546416 232.426699 0.000000
v  -1502.092360 221.171072 0.000000
v  -1502.092360 221.171072 0.000000
v  -1503.607472 210.171810 0.000000
v  -1503.607472 210.171810 0.000000
v  -1505.092265 199.428970 0.000000
v  -1505.092265 199.428970 0.000000
v  -1506.547252 188.942611 0.000000
v  -1506.547252 188.942611 0.000000
v  -1507.972949 178.712788 0.000000
v  -1507.972949 178.712788 0.000000
v  -1509.369868 168.739554 0.000000
v  -1509.369868 168.739554 0.000000
v  -1510.738524 159.022964 0.000000
v  -1510.738524 159.022964 0.000000
v  -1512.079433 149.563067 0.000000
v  -1512.079433 149.563067 0.000000
v  -1513.393110 140.359914 0.000000
v  -1513.393110 140.359914 0.000000
v  -1514.680070 131.413552 0.000000
v  -1514.680070 131.413552 0.000000
v  -1515.940831 122.724029 0.000000
v  -1515.940831 122.724029 0.000000
v  -1517.175908 114.291388 0.000000
v  -1517.175908 114.291388 0.000000
v  -1518.385821 106.115675 0.000000
v  -1518.385821 106.115675 0.000000
v  -1519.571087 98.196931 0.000000
v  -1519.571087 98.196931 0.000000
v  -1520.732226 90.535196 0.000000
v  -1520.732226 90.535196 0.000000
v  -1521.869759 83.130510 0.000000
v  -1521.869759 83.130510 0.000000
v  -1522.984206 75.982910 0.000000
v  -1522.984206 75.982910 0.000000
v  -1524.076091 69.092434 0.000000
v  -1524.076091 69.092434 0.000000
v  -1525.145940 62.459115 0.000000
v  -1525.145940 62.459115 0.000000
v  -1526.194279 56.082988 0.000000
v  -1526.194279 56.082988 0.000000
v  -1527.221637 49.964084 0.000000
v  -1527.221637 49.964084 0.000000
v  -1528.228550 44.102435 0.000000
v  -1528.228550 44.102435 0.000000
v  -1529.215552 38.498070 0.000000
v  -1529.215552 38.498070 0.000000
v  -1530.183185 33.151017 0.000000
v  -1530.183185 33.151017 0.000000
v  -1531.131999 28.061305 0.000000
v  -1531.131999 28.061305 0.000000
v  -1532.062549 23.228960 0.000000
v  -1532.062549 23.228960 0.000000
v  -1532.975400 18.654008 0.000000
v  -1532.975400 18.654008 0.000000
v  -1533.871134 14.336476 0.000000
v  -1533.871134 14.336476 0.000000
v  -929.487114 -3.893648 0.000000
v  -929.487114 -3.893648 0.000000
v  -929.487114 -3.893648 0.000000
v  -940.958385 -91.612949 0.000000
v  -940.958385 -91.612949 0.000000
v  -940.958385 -91.612949 0.000000
v  -885.627632 -107.132517 0.000000
v  -885.627632 -107.132517 0.000000
v  -885.627632 -107.132517 0.000000
v  -797.874649 -123.443262 0.000000
v  -797.874649 -123.443262 0.000000
v  -712.889611 -128.468198 0.000000
v  -712.889611 -128.468198 0.000000
v  -712.889611 -128.468198 0.000000
v  -612.090518 -118.634142 0.000000
v  -612.090518 -118.634142 0.000000
v  -542.157835 -95.955618 0.000000
v  -542.157835 -95.955618 0.000000
v  -490.099940 -64.094015 0.000000
v  -490.099940 -64.094015 0.000000
v  -490.099940 -64.094015 0.000000
v  -431.770716 -2.645820 0.000000
v  -431.770716 -2.645820 0.000000
v  -399.720996 63.474882 0.000000
v  -399.720996 63.474882 0.000000
v  -388.834608 141.172660 0.000000
v  -388.834608 141.172660 0.000000
v  -388.834608 141.172660 0.000000
v  -392.371044 182.553538 0.000000
v  -392.371044 182.553538 0.000000
v  -401.171139 216.495329 0.000000
v  -401.171139 216.495329 0.000000
v  -401.171139 216.495329 0.000000
v  -422.362561 263.065746 0.000000
v  -422.362561 263.065746 0.000000
v  -454.738493 311.670517 0.000000
v  -454.738493 311.670517 0.000000
v  -454.738493 311.670517 0.000000
v  -481.869022 344.845263 0.000000
v  -481.869022 344.845263 0.000000
v  -503.711109 367.901224 0.000000
v  -503.711109 367.901224 0.000000
v  -503.711109 367.901224 0.000000
v  -647.436028 502.854008 0.000000
v  -647.436028 502.854008 0.000000
v  -647.436028 502.854008 0.000000
v  -679.516728 535.058924 0.000000
v  -679.516728 535.058924 0.000000
v  -707.552031 571.147601 0.000000
v  -707.552031 571.147601 0.000000
v  -707.552031 571.147601 0.000000
v  -720.431991 594.461270 0.000000
v  -720.431991 594.461270 0.000000
v  -729.757195 622.961956 0.000000
v  -729.757195 622.961956 0.000000
v  -729.757195 622.961956 0.000000
v  -734.630490 642.326279 0.000000
v  -734.630490 642.326279 0.000000
v  -736.504917 666.141722 0.000000
v  -736.504917 666.141722 0.000000
v  -736.504917 666.141722 0.000000
v  -730.040012 707.918668 0.000000
v  -730.040012 707.918668 0.000000
v  -711.994178 741.506072 0.000000
v  -711.994178 741.506072 0.000000
v  -678.549142 772.193512 0.000000
v  -678.549142 772.193512 0.000000
v  -678.549142 772.193512 0.000000
v  -632.774543 793.067897 0.000000
v  -632.774543 793.067897 0.000000
v  -557.691303 802.824013 0.000000
v  -557.691303 802.824013 0.000000
v  -557.691303 802.824013 0.000000
v  -490.584943 799.174094 0.000000
v  -490.584943 799.174094 0.000000
v  -433.535938 788.279075 0.000000
v  -433.535938 788.279075 0.000000
v  -433.535938 788.279075 0.000000
v  -384.952908 775.458592 0.000000
v  -384.952908 775.458592 0.000000
v  -384.952908 775.458592 0.000000
v  -370.108013 865.876931 0.000000
v  -370.108013 865.876931 0.000000
v  -370.108013 865.876931 0.000000
v  -393.050079 871.949810 0.000000
v  -393.050079 871.949810 0.000000
v  -393.050079 871.949810 0.000000
v  -474.298398 886.868045 0.000000
v  -474.298398 886.868045 0.000000
v  -550.269966 891.517955 0.000000
v  -550.269966 891.517955 0.000000
v  -550.269966 891.517955 0.000000
v  -582.492854 890.455323 0.000000
v  -582.492854 890.455323 0.000000
v  -607.586867 887.879627 0.000000
v  -607.586867 887.879627 0.000000
v  -607.586867 887.879627 0.000000
v  -699.200970 862.120703 0.000000
v  -699.200970 862.120703 0.000000
v  -767.420371 818.502747 0.000000
v  -767.420371 818.502747 0.000000
v  -767.420371 818.502747 0.000000
v  -805.962034 774.126580 0.000000
v  -805.962034 774.126580 0.000000
v  -828.242521 724.566137 0.000000
v  -828.242521 724.566137 0.000000
v  -836.369877 663.452867 0.000000
v  -836.369877 663.452867 0.000000
v  -836.369877 663.452867 0.000000
v  -826.839096 601.376552 0.000000
v  -826.839096 601.376552 0.000000
v  -792.349896 528.847930 0.000000
v  -792.349896 528.847930 0.000000
v  -792.349896 528.847930 0.000000
v  -766.723108 491.872310 0.000000
v  -766.723108 491.872310 0.000000
v  -740.604043 459.726612 0.000000
v  -740.604043 459.726612 0.000000
v  -740.604043 459.726612 0.000000
v  -715.854273 433.105728 0.000000
v  -715.854273 433.105728 0.000000
v  -678.475266 396.916050 0.000000
v  -678.475266 396.916050 0.000000
v  -678.475266 396.916050 0.000000
v  -593.454723 317.968685 0.000000
v  -593.454723 317.968685 0.000000
v  -593.454723 317.968685 0.000000
v  -560.721584 284.313393 0.000000
v  -560.721584 284.313393 0.000000
v  -529.003465 245.528612 0.000000
v  -529.003465 245.528612 0.000000
v  -529.003465 245.528612 0.000000
v  -509.703926 214.595027 0.000000
v  -509.703926 214.595027 0.000000
v  -495.328556 179.525032 0.000000
v  -495.328556 179.525032 0.000000
v  -495.328556 179.525032 0.000000
v  -490.621077 159.230051 0.000000
v  -490.621077 159.230051 0.000000
v  -488.728111 135.105306 0.000000
v  -488.728111 135.105306 0.000000
v  -488.728111 135.105306 0.000000
v  -497.003263 79.271127 0.000000
v  -497.003263 79.271127 0.000000
v  -520.684014 35.292336 0.000000
v  -520.684014 35.292336 0.000000
v  -563.699841 -3.319248 0.000000
v  -563.699841 -3.319248 0.000000
v  -563.699841 -3.319248 0.000000
v  -600.713547 -22.053585 0.000000
v  -600.713547 -22.053585 0.000000
v  -650.085293 -35.326037 0.000000
v  -650.085293 -35.326037 0.000000
v  -720.311326 -40.544727 0.000000
v  -720.311326 -40.544727 0.000000
v  -720.311326 -40.544727 0.000000
v  -771.800680 -38.009944 0.000000
v  -771.800680 -38.009944 0.000000
v  -803.306465 -32.908496 0.000000
v  -803.306465 -32.908496 0.000000
v  -803.306465 -32.908496 0.000000
v  -892.375355 -12.665581 0.000000
v  -892.375355 -12.665581 0.000000
v  -892.375355 -12.665581 0.000000
v  -289.811020 -3.893648 0.000000
v  -289.811020 -3.893648 0.000000
v  -289.811020 -3.893648 0.000000
v  -301.282291 -91.612949 0.000000
v  -301.282291 -91.612949 0.000000
v  -301.282291 -91.612949 0.000000
v  -245.951538 -107.132517 0.000000
v  -245.951538 -107.132517 0.000000
v  -245.951538 -107.132517 0.000000
v  -158.198555 -123.443262 0.000000
v  -158.198555 -123.443262 0.000000
v  -73.213517 -128.468198 0.000000
v  -73.213517 -128.468198 0.000000
v  -73.213517 -128.468198 0.000000
v  27.585576 -118.634142 0.000000
v  27.585576 -118.634142 0.000000
v  97.518259 -95.955618 0.000000
v  97.518259 -95.955618 0.000000
v  149.576155 -64.094015 0.000000
v  149.576155 -64.094015 0.000000
v  149.576155 -64.094015 0.000000
v  207.905379 -2.645820 0.000000
v  207.905379 -2.645820 0.000000
v  239.955098 63.474882 0.000000
v  239.955098 63.474882 0.000000
v  250.841487 141.172660 0.000000
v  250.841487 141.172660 0.000000
v  250.841487 141.172660 0.000000
v  247.305050 182.553538 0.000000
v  247.305050 182.553538 0.000000
v  238.504955 216.495329 0.000000
v  238.504955 216.495329 0.000000
v  238.504955 216.495329 0.000000
v  217.313533 263.065746 0.000000
v  217.313533 263.065746 0.000000
v  184.937601 311.670517 0.000000
v  184.937601 311.670517 0.000000
v  184.937601 311.670517 0.000000
v  157.807072 344.845263 0.000000
v  157.807072 344.845263 0.000000
v  135.964985 367.901224 0.000000
v  135.964985 367.901224 0.000000
v  135.964985 367.901224 0.000000
v  -7.759933 502.854008 0.000000
v  -7.759933 502.854008 0.000000
v  -7.759933 502.854008 0.000000
v  -39.840634 535.058924 0.000000
v  -39.840634 535.058924 0.000000
v  -67.875937 571.147601 0.000000
v  -67.875937 571.147601 0.000000
v  -67.875937 571.147601 0.000000
v  -80.755897 594.461270 0.000000
v  -80.755897 594.461270 0.000000
v  -90.081100 622.961956 0.000000
v  -90.081100 622.961956 0.000000
v  -90.081100 622.961956 0.000000
v  -94.954396 642.326279 0.000000
v  -94.954396 642.326279 0.000000
v  -96.828823 666.141722 0.000000
v  -96.828823 666.141722 0.000000
v  -96.828823 666.141722 0.000000
v  -90.363918 707.918668 0.000000
v  -90.363918 707.918668 0.000000
v  -72.318084 741.506072 0.000000
v  -72.318084 741.506072 0.000000
v  -38.873048 772.193512 0.000000
v  -38.873048 772.193512 0.000000
v  -38.873048 772.193512 0.000000
v  6.901552 793.067897 0.000000
v  6.901552 793.067897 0.000000
v  81.984791 802.824013 0.000000
v  81.984791 802.824013 0.000000
v  81.984791 802.824013 0.000000
v  149.091151 799.174094 0.000000
v  149.091151 799.174094 0.000000
v  206.140156 788.279075 0.000000
v  206.140156 788.279075 0.000000
v  206.140156 788.279075 0.000000
v  254.723186 775.458592 0.000000
v  254.723186 775.458592 0.000000
v  254.723186 775.458592 0.000000
v  269.568081 865.876931 0.000000
v  269.568081 865.876931 0.000000
v  269.568081 865.876931 0.000000
v  246.626015 871.949810 0.000000
v  246.626015 871.949810 0.000000
v  246.626015 871.949810 0.000000
v  165.377696 886.868045 0.000000
v  165.377696 886.868045 0.000000
v  89.406128 891.517955 0.000000
v  89.406128 891.517955 0.000000
v  89.406128 891.517955 0.000000
v  57.183240 890.455323 0.000000
v  57.183240 890.455323 0.000000
v  32.089227 887.879627 0.000000
v  32.089227 887.879627 0.000000
v  32.089227 887.879627 0.000000
v  -59.524142 862.120925 0.000000
v  -59.524142 862.120925 0.000000
v  -127.744168 818.502623 0.000000
v  -127.744168 818.502623 0.000000
v  -127.744168 818.502623 0.000000
v  -166.285863 774.126614 0.000000
v  -166.285863 774.126614 0.000000
v  -188.566398 724.566217 0.000000
v  -188.566398 724.566217 0.000000
v  -196.693783 663.452867 0.000000
v  -196.693783 663.452867 0.000000
v  -196.693783 663.452867 0.000000
v  -187.163002 601.376552 0.000000
v  -187.163002 601.376552 0.000000
v  -152.673802 528.847930 0.000000
v  -152.673802 528.847930 0.000000
v  -152.673802 528.847930 0.000000
v  -127.047014 491.872310 0.000000
v  -127.047014 491.872310 0.000000
v  -100.927949 459.726612 0.000000
v  -100.927949 459.726612 0.000000
v  -100.927949 459.726612 0.000000
v  -76.178178 433.105728 0.000000
v  -76.178178 433.105728 0.000000
v  -38.799171 396.916050 0.000000
v  -38.799171 396.916050 0.000000
v  -38.799171 396.916050 0.000000
v  46.221371 317.968685 0.000000
v  46.221371 317.968685 0.000000
v  46.221371 317.968685 0.000000
v  78.954510 284.313393 0.000000
v  78.954510 284.313393 0.000000
v  110.672629 245.528612 0.000000
v  110.672629 245.528612 0.000000
v  110.672629 245.528612 0.000000
v  129.972168 214.595027 0.000000
v  129.972168 214.595027 0.000000
v  144.347538 179.525032 0.000000
v  144.347538 179.525032 0.000000
v  144.347538 179.525032 0.000000
v  149.055017 159.230051 0.000000
v  149.055017 159.230051 0.000000
v  150.947983 135.105306 0.000000
v  150.947983 135.105306 0.000000
v  150.947983 135.105306 0.000000
v  142.672831 79.271127 0.000000
v  142.672831 79.271127 0.000000
v  118.992080 35.292336 0.000000
v  118.992080 35.292336 0.000000
v  75.976253 -3.319248 0.000000
v  75.976253 -3.319248 0.000000
v  75.976253 -3.319248 0.000000
v  38.962547 -22.053585 0.000000
v  38.962547 -22.053585 0.000000
v  -10.409199 -35.326037 0.000000
v  -10.409199 -35.326037 0.000000
v  -80.635232 -40.544727 0.000000
v  -80.635232 -40.544727 0.000000
v  -80.635232 -40.544727 0.000000
v  -132.124586 -38.009944 0.000000
v  -132.124586 -38.009944 0.000000
v  -163.630371 -32.908496 0.000000
v  -163.630371 -32.908496 0.000000
v  -163.630371 -32.908496 0.000000
v  -252.699261 -12.665581 0.000000
v  -252.699261 -12.665581 0.000000
v  -252.699261 -12.665581 0.000000
v  361.335869 35.242650 0.000000
v  361.335869 35.242650 0.000000
v  361.335869 35.242650 0.000000
v  290.485497 -108.482045 0.000000
v  290.485497 -108.482045 0.000000
v  290.485497 -108.482045 0.000000
v  417.341347 -108.482045 0.000000
v  417.341347 -108.482045 0.000000
v  417.341347 -108.482045 0.000000
v  438.933964 -41.680422 0.000000
v  438.933964 -41.680422 0.000000
v  438.933964 -41.680422 0.000000
v  455.725555 4.721462 0.000000
v  455.725555 4.721462 0.000000
v  477.395172 58.859381 0.000000
v  477.395172 58.859381 0.000000
v  477.395172 58.859381 0.000000
v  548.920269 227.550346 0.000000
v  548.920269 227.550346 0.000000
v  548.920269 227.550346 0.000000
v  884.277935 227.550346 0.000000
v  884.277935 227.550346 0.000000
v  884.277935 227.550346 0.000000
v  913.292522 73.029432 0.000000
v  913.292522 73.029432 0.000000
v  913.292522 73.029432 0.000000
v  944.331760 -108.482045 0.000000
v  944.331760 -108.482045 0.000000
v  944.331760 -108.482045 0.000000
v  1057.017441 -108.482045 0.000000
v  1057.017441 -108.482045 0.000000
v  1057.017441 -108.482045 0.000000
v  1019.905205 48.737931 0.000000
v  1019.905205 48.737931 0.000000
v  1019.905205 48.737931 0.000000
v  982.793446 224.176514 0.000000
v  982.793446 224.176514 0.000000
v  982.793446 224.176514 0.000000
v  971.228343 283.068604 0.000000
v  971.228343 283.068604 0.000000
v  958.979272 348.679717 0.000000
v  958.979272 348.679717 0.000000
v  946.092640 420.994609 0.000000
v  946.092640 420.994609 0.000000
v  932.614065 499.997972 0.000000
v  932.614065 499.997972 0.000000
v  932.614065 499.997972 0.000000
v  925.410844 543.354040 0.000000
v  925.410844 543.354040 0.000000
v  918.676177 584.591034 0.000000
v  918.676177 584.591034 0.000000
v  912.454289 623.723303 0.000000
v  912.454289 623.723303 0.000000
v  906.789069 660.766600 0.000000
v  906.789069 660.766600 0.000000
v  901.724249 695.738109 0.000000
v  901.724249 695.738109 0.000000
v  897.303676 728.656511 0.000000
v  897.303676 728.656511 0.000000
v  893.571741 759.542118 0.000000
v  893.571741 759.542118 0.000000
v  890.574040 788.417107 0.000000
v  890.574040 788.417107 0.000000
v  888.358440 815.305910 0.000000
v  888.358440 815.305910 0.000000
v  886.976833 840.235907 0.000000
v  886.976833 840.235907 0.000000
v  886.976833 840.235907 0.000000
v  884.952660 891.517955 0.000000
v  884.952660 891.517955 0.000000
v  884.952660 891.517955 0.000000
v  718.286152 847.658295 0.000000
v  718.286152 847.658295 0.000000
v  718.286152 847.658295 0.000000
v  706.140156 804.473418 0.000000
v  706.140156 804.473418 0.000000
v  706.140156 804.473418 0.000000
v  689.199523 752.446454 0.000000
v  689.199523 752.446454 0.000000
v  667.003746 697.860736 0.000000
v  667.003746 697.860736 0.000000
v  667.003746 697.860736 0.000000
v  534.750099 411.086101 0.000000
v  534.750099 411.086101 0.000000
v  534.750099 411.086101 0.000000
v  581.308956 306.497711 0.000000
v  581.308956 306.497711 0.000000
v  581.308956 306.497711 0.000000
v  622.469540 392.192739 0.000000
v  622.469540 392.192739 0.000000
v  622.469540 392.192739 0.000000
v  636.376347 422.107296 0.000000
v  636.376347 422.107296 0.000000
v  651.835180 455.972334 0.000000
v  651.835180 455.972334 0.000000
v  668.840653 493.793925 0.000000
v  668.840653 493.793925 0.000000
v  687.387321 535.578169 0.000000
v  687.387321 535.578169 0.000000
v  707.469690 581.331189 0.000000
v  707.469690 581.331189 0.000000
v  729.082222 631.059128 0.000000
v  729.082222 631.059128 0.000000
v  729.082222 631.059128 0.000000
v  800.607319 796.376246 0.000000
v  800.607319 796.376246 0.000000
v  800.607319 796.376246 0.000000
v  818.825836 671.544928 0.000000
v  818.825836 671.544928 0.000000
v  818.825836 671.544928 0.000000
v  847.165699 479.912001 0.000000
v  847.165699 479.912001 0.000000
v  847.165699 479.912001 0.000000
v  874.156590 306.497711 0.000000
v  874.156590 306.497711 0.000000
v  874.156590 306.497711 0.000000
v  1216.261501 -32.233734 0.000000
v  1216.261501 -32.233734 0.000000
v  1216.261501 -32.233734 0.000000
v  1200.067158 -108.482045 0.000000
v  1200.067158 -108.482045 0.000000
v  1200.067158 -108.482045 0.000000
v  1687.246914 -108.482045 0.000000
v  1687.246914 -108.482045 0.000000
v  1687.246914 -108.482045 0.000000
v  1707.489605 -19.413222 0.000000
v  1707.489605 -19.413222 0.000000
v  1707.489605 -19.413222 0.000000
v  1657.557125 -22.787039 0.000000
v  1657.557125 -22.787039 0.000000
v  1657.557125 -22.787039 0.000000
v  1561.339241 -28.494065 0.000000
v  1561.339241 -28.494065 0.000000
v  1462.550278 -30.209441 0.000000
v  1462.550278 -30.209441 0.000000
v  1462.550278 -30.209441 0.000000
v  1316.801662 -29.534679 0.000000
v  1316.801662 -29.534679 0.000000
v  1316.801662 -29.534679 0.000000
v  1356.612797 249.142784 0.000000
v  1356.612797 249.142784 0.000000
v  1356.612797 249.142784 0.000000
v  1402.496452 588.548976 0.000000
v  1402.496452 588.548976 0.000000
v  1402.496452 588.548976 0.000000
v  1414.530782 671.680819 0.000000
v  1414.530782 671.680819 0.000000
v  1431.511517 761.288542 0.000000
v  1431.511517 761.288542 0.000000
v  1431.511517 761.288542 0.000000
v  1454.453106 871.275026 0.000000
v  1454.453106 871.275026 0.000000
v  1454.453106 871.275026 0.000000
v  1323.548908 871.275026 0.000000
v  1323.548908 871.275026 0.000000
v  1323.548908 871.275026 0.000000
v  1326.923008 811.221081 0.000000
v  1326.923008 811.221081 0.000000
v  1326.923008 811.221081 0.000000
v  1325.573559 738.346595 0.000000
v  1325.573559 738.346595 0.000000
v  1325.573559 738.346595 0.000000
v  1322.997281 712.019000 0.000000
v  1322.997281 712.019000 0.000000
v  1320.067819 683.438712 0.000000
v  1320.067819 683.438712 0.000000
v  1316.670828 652.633495 0.000000
v  1316.670828 652.633495 0.000000
v  1312.694398 619.639428 0.000000
v  1312.694398 619.639428 0.000000
v  1308.029766 584.500391 0.000000
v  1308.029766 584.500391 0.000000
v  1308.029766 584.500391 0.000000
v  1246.626015 143.879640 0.000000
v  1246.626015 143.879640 0.000000
v  1246.626015 143.879640 0.000000
v  1233.317698 58.171614 0.000000
v  1233.317698 58.171614 0.000000
v  1853.913422 9.601626 0.000000
v  1853.913422 9.601626 0.000000
v  1853.913422 9.601626 0.000000
v  1828.272457 -108.482045 0.000000
v  1828.272457 -108.482045 0.000000
v  1828.272457 -108.482045 0.000000
v  1935.559864 -108.482045 0.000000
v  1935.559864 -108.482045 0.000000
v  1935.559864 -108.482045 0.000000
v  1946.355934 14.324974 0.000000
v  1946.355934 14.324974 0.000000
v  1946.355934 14.324974 0.000000
v  1955.128307 91.922808 0.000000
v  1955.128307 91.922808 0.000000
v  1955.128307 91.922808 0.000000
v  1966.599102 175.593543 0.000000
v  1966.599102 175.593543 0.000000
v  1966.599102 175.593543 0.000000
v  2009.109135 443.474788 0.000000
v  2009.109135 443.474788 0.000000
v  2009.109135 443.474788 0.000000
v  2063.765163 795.701462 0.000000
v  2063.765163 795.701462 0.000000
v  2063.765163 795.701462 0.000000
v  2177.125568 270.060468 0.000000
v  2177.125568 270.060468 0.000000
v  2177.125568 270.060468 0.000000
v  2216.936226 78.427541 0.000000
v  2216.936226 78.427541 0.000000
v  2216.936226 78.427541 0.000000
v  2232.455845 -5.917941 0.000000
v  2232.455845 -5.917941 0.000000
v  2232.455845 -5.917941 0.000000
v  2240.553017 -62.598102 0.000000
v  2240.553017 -62.598102 0.000000
v  2240.553017 -62.598102 0.000000
v  2246.626015 -128.050196 0.000000
v  2246.626015 -128.050196 0.000000
v  2246.626015 -128.050196 0.000000
v  2379.554386 -108.482045 0.000000
v  2379.554386 -108.482045 0.000000
v  2379.554386 -108.482045 0.000000
v  2440.958138 35.242650 0.000000
v  2440.958138 35.242650 0.000000
v  2440.958138 35.242650 0.000000
v  2478.232151 121.587293 0.000000
v  2478.232151 121.587293 0.000000
v  2512.827831 199.391013 0.000000
v  2512.827831 199.391013 0.000000
v  2544.553214 268.668411 0.000000
v  2544.553214 268.668411 0.000000
v  2573.211784 329.439688 0.000000
v  2573.211784 329.439688 0.000000
v  2573.211784 329.439688 0.000000
v  2671.727295 535.242635 0.000000
v  2671.727295 535.242635 0.000000
v  2671.727295 535.242635 0.000000
v  2686.124450 565.626901 0.000000
v  2686.124450 565.626901 0.000000
v  2699.664456 593.873505 0.000000
v  2699.664456 593.873505 0.000000
v  2712.352809 619.980731 0.000000
v  2712.352809 619.980731 0.000000
v  2724.195053 643.946864 0.000000
v  2724.195053 643.946864 0.000000
v  2735.196811 665.770178 0.000000
v  2735.196811 665.770178 0.000000
v  2745.363822 685.448921 0.000000
v  2745.363822 685.448921 0.000000
v  2754.702013 702.981284 0.000000
v  2754.702013 702.981284 0.000000
v  2763.217636 718.365340 0.000000
v  2763.217636 718.365340 0.000000
v  2770.917530 731.598932 0.000000
v  2770.917530 731.598932 0.000000
v  2770.917530 731.598932 0.000000
v  2809.379215 795.701462 0.000000
v  2809.379215 795.701462 0.000000
v  2809.379215 795.701462 0.000000
v  2772.941704 494.082052 0.000000
v  2772.941704 494.082052 0.000000
v  2772.941704 494.082052 0.000000
v  2720.310326 72.354663 0.000000
v  2720.310326 72.354663 0.000000
v  2720.310326 72.354663 0.000000
v  2693.319912 -108.482045 0.000000
v  2693.319912 -108.482045 0.000000
v  2693.319912 -108.482045 0.000000
v  2803.306217 -108.482045 0.000000
v  2803.306217 -108.482045 0.000000
v  2803.306217 -108.482045 0.000000
v  2805.330391 -26.160855 0.000000
v  2805.330391 -26.160855 0.000000
v  2805.330391 -26.160855 0.000000
v  2807.175069 9.096486 0.000000
v  2807.175069 9.096486 0.000000
v  2810.580195 51.866941 0.000000
v  2810.580195 51.866941 0.000000
v  2815.408121 102.183269 0.000000
v  2815.408121 102.183269 0.000000
v  2821.524734 160.073954 0.000000
v  2821.524734 160.073954 0.000000
v  2821.524734 160.073954 0.000000
v  2847.165699 395.566541 0.000000
v  2847.165699 395.566541 0.000000
v  2847.165699 395.566541 0.000000
v  2850.869118 429.852562 0.000000
v  2850.869118 429.852562 0.000000
v  2854.472960 462.824617 0.000000
v  2854.472960 462.824617 0.000000
v  2857.980153 494.482378 0.000000
v  2857.980153 494.482378 0.000000
v  2861.393627 524.825530 0.000000
v  2861.393627 524.825530 0.000000
v  2864.716321 553.853765 0.000000
v  2864.716321 553.853765 0.000000
v  2867.951179 581.566785 0.000000
v  2867.951179 581.566785 0.000000
v  2871.101154 607.964301 0.000000
v  2871.101154 607.964301 0.000000
v  2874.169208 633.046034 0.000000
v  2874.169208 633.046034 0.000000
v  2877.158317 656.811714 0.000000
v  2877.158317 656.811714 0.000000
v  2880.071470 679.261078 0.000000
v  2880.071470 679.261078 0.000000
v  2882.911678 700.393874 0.000000
v  2882.911678 700.393874 0.000000
v  2885.681977 720.209857 0.000000
v  2885.681977 720.209857 0.000000
v  2888.385438 738.708792 0.000000
v  2888.385438 738.708792 0.000000
v  2891.025181 755.890447 0.000000
v  2891.025181 755.890447 0.000000
v  2891.025181 755.890447 0.000000
v  2909.244175 871.275026 0.000000
v  2909.244175 871.275026 0.000000
v  2909.244175 871.275026 0.000000
v  2749.999638 871.275026 0.000000
v  2749.999638 871.275026 0.000000
v  2749.999638 871.275026 0.000000
v  2638.663883 649.277765 0.000000
v  2638.663883 649.277765 0.000000
v  2638.663883 649.277765 0.000000
v  2627.523315 626.505109 0.000000
v  2627.523315 626.505109 0.000000
v  2616.118426 603.201160 0.000000
v  2616.118426 603.201160 0.000000
v  2604.460594 579.358764 0.000000
v  2604.460594 579.358764 0.000000
v  2592.561557 554.971128 0.000000
v  2592.561557 554.971128 0.000000
v  2580.433418 530.031840 0.000000
v  2580.433418 530.031840 0.000000
v  2568.088651 504.534888 0.000000
v  2568.088651 504.534888 0.000000
v  2555.540103 478.474681 0.000000
v  2555.540103 478.474681 0.000000
v  2542.800992 451.846067 0.000000
v  2542.800992 451.846067 0.000000
v  2529.884901 424.644359 0.000000
v  2529.884901 424.644359 0.000000
v  2516.805771 396.865350 0.000000
v  2516.805771 396.865350 0.000000
v  2503.577894 368.505341 0.000000
v  2503.577894 368.505341 0.000000
v  2490.215893 339.561153 0.000000
v  2490.215893 339.561153 0.000000
v  2490.215893 339.561153 0.000000
v  2410.593624 166.146833 0.000000
v  2410.593624 166.146833 0.000000
v  2410.593624 166.146833 0.000000
v  2351.889248 29.844541 0.000000
v  2351.889248 29.844541 0.000000
v  2351.889248 29.844541 0.000000
v  2322.199459 -42.355191 0.000000
v  2322.199459 -42.355191 0.000000
v  2322.199459 -42.355191 0.000000
v  2309.379215 39.291236 0.000000
v  2309.379215 39.291236 0.000000
v  2309.379215 39.291236 0.000000
v  2287.133098 167.087189 0.000000
v  2287.133098 167.087189 0.000000
v  2274.966354 226.875592 0.000000
v  2274.966354 226.875592 0.000000
v  2274.966354 226.875592 0.000000
v  2212.887878 506.902594 0.000000
v  2212.887878 506.902594 0.000000
v  2212.887878 506.902594 0.000000
v  2185.333875 630.400957 0.000000
v  2185.333875 630.400957 0.000000
v  2162.955399 743.069905 0.000000
v  2162.955399 743.069905 0.000000
v  2162.955399 743.069905 0.000000
v  2138.663883 871.275026 0.000000
v  2138.663883 871.275026 0.000000
v  2138.663883 871.275026 0.000000
v  1982.793446 871.275026 0.000000
v  1982.793446 871.275026 0.000000
v  1982.793446 871.275026 0.000000
v  1981.443996 827.415365 0.000000
v  1981.443996 827.415365 0.000000
v  1981.443996 827.415365 0.000000
v  1977.967252 775.344280 0.000000
v  1977.967252 775.344280 0.000000
v  1972.641903 730.928502 0.000000
v  1972.641903 730.928502 0.000000
v  1972.641903 730.928502 0.000000
v  1969.828534 711.695373 0.000000
v  1969.828534 711.695373 0.000000
v  1966.610053 690.278347 0.000000
v  1966.610053 690.278347 0.000000
v  1962.985105 666.675602 0.000000
v  1962.985105 666.675602 0.000000
v  1958.952321 640.885304 0.000000
v  1958.952321 640.885304 0.000000
v  1954.510322 612.905610 0.000000
v  1954.510322 612.905610 0.000000
v  1949.657721 582.734667 0.000000
v  1949.657721 582.734667 0.000000
v  1944.393121 550.370610 0.000000
v  1944.393121 550.370610 0.000000
v  1938.715119 515.811560 0.000000
v  1938.715119 515.811560 0.000000
v  1932.622300 479.055632 0.000000
v  1932.622300 479.055632 0.000000
v  1926.113243 440.100926 0.000000
v  1926.113243 440.100926 0.000000
v  1926.113243 440.100926 0.000000
v  2997.638340 35.242650 0.000000
v  2997.638340 35.242650 0.000000
v  2997.638340 35.242650 0.000000
v  2926.787968 -108.482045 0.000000
v  2926.787968 -108.482045 0.000000
v  2926.787968 -108.482045 0.000000
v  3053.643818 -108.482045 0.000000
v  3053.643818 -108.482045 0.000000
v  3053.643818 -108.482045 0.000000
v  3075.235958 -41.680422 0.000000
v  3075.235958 -41.680422 0.000000
v  3075.235958 -41.680422 0.000000
v  3092.028059 4.721584 0.000000
v  3092.028059 4.721584 0.000000
v  3113.697643 58.859381 0.000000
v  3113.697643 58.859381 0.000000
v  3113.697643 58.859381 0.000000
v  3185.222263 227.550346 0.000000
v  3185.222263 227.550346 0.000000
v  3185.222263 227.550346 0.000000
v  3520.579929 227.550346 0.000000
v  3520.579929 227.550346 0.000000
v  3520.579929 227.550346 0.000000
v  3549.595470 73.029432 0.000000
v  3549.595470 73.029432 0.000000
v  3549.595470 73.029432 0.000000
v  3580.633755 -108.482045 0.000000
v  3580.633755 -108.482045 0.000000
v  3580.633755 -108.482045 0.000000
v  3693.319912 -108.482045 0.000000
v  3693.319912 -108.482045 0.000000
v  3693.319912 -108.482045 0.000000
v  3656.207676 48.737931 0.000000
v  3656.207676 48.737931 0.000000
v  3656.207676 48.737931 0.000000
v  3619.095440 224.176514 0.000000
v  3619.095440 224.176514 0.000000
v  3619.095440 224.176514 0.000000
v  3607.530388 283.068715 0.000000
v  3607.530388 283.068715 0.000000
v  3595.281453 348.679867 0.000000
v  3595.281453 348.679867 0.000000
v  3582.394933 420.994713 0.000000
v  3582.394933 420.994713 0.000000
v  3568.916338 499.997935 0.000000
v  3568.916338 499.997935 0.000000
v  3568.916338 499.997935 0.000000
v  3561.713022 543.354009 0.000000
v  3561.713022 543.354009 0.000000
v  3554.978246 584.590996 0.000000
v  3554.978246 584.590996 0.000000
v  3548.756246 623.723249 0.000000
v  3548.756246 623.723249 0.000000
v  3543.090920 660.766526 0.000000
v  3543.090920 660.766526 0.000000
v  3538.026013 695.738013 0.000000
v  3538.026013 695.738013 0.000000
v  3533.605383 728.656399 0.000000
v  3533.605383 728.656399 0.000000
v  3529.873429 759.542000 0.000000
v  3529.873429 759.542000 0.000000
v  3526.875763 788.417000 0.000000
v  3526.875763 788.417000 0.000000
v  3524.660260 815.305839 0.000000
v  3524.660260 815.305839 0.000000
v  3523.278828 840.235907 0.000000
v  3523.278828 840.235907 0.000000
v  3523.278828 840.235907 0.000000
v  3521.255131 891.517955 0.000000
v  3521.255131 891.517955 0.000000
v  3521.255131 891.517955 0.000000
v  3354.588146 847.658295 0.000000
v  3354.588146 847.658295 0.000000
v  3354.588146 847.658295 0.000000
v  3342.442150 804.473418 0.000000
v  3342.442150 804.473418 0.000000
v  3342.442150 804.473418 0.000000
v  3325.501872 752.446242 0.000000
v  3325.501872 752.446242 0.000000
v  3303.306217 697.860736 0.000000
v  3303.306217 697.860736 0.000000
v  3303.306217 697.860736 0.000000
v  3171.052570 411.086101 0.000000
v  3171.052570 411.086101 0.000000
v  3171.052570 411.086101 0.000000
v  3217.610950 306.497711 0.000000
v  3217.610950 306.497711 0.000000
v  3217.610950 306.497711 0.000000
v  3258.771534 392.192739 0.000000
v  3258.771534 392.192739 0.000000
v  3258.771534 392.192739 0.000000
v  3272.678408 422.107318 0.000000
v  3272.678408 422.107318 0.000000
v  3288.137372 455.972350 0.000000
v  3288.137372 455.972350 0.000000
v  3305.142997 493.793923 0.000000
v  3305.142997 493.793923 0.000000
v  3323.689793 535.578149 0.000000
v  3323.689793 535.578149 0.000000
v  3343.772219 581.331166 0.000000
v  3343.772219 581.331166 0.000000
v  3365.384693 631.059128 0.000000
v  3365.384693 631.059128 0.000000
v  3365.384693 631.059128 0.000000
v  3436.909313 796.376246 0.000000
v  3436.909313 796.376246 0.000000
v  3436.909313 796.376246 0.000000
v  3455.128307 671.544928 0.000000
v  3455.128307 671.544928 0.000000
v  3455.128307 671.544928 0.000000
v  3483.467693 479.912001 0.000000
v  3483.467693 479.912001 0.000000
v  3483.467693 479.912001 0.000000
v  3510.458584 306.497711 0.000000
v  3510.458584 306.497711 0.000000
v  3510.458584 306.497711 0.000000
v  3863.360043 -5.917941 0.000000
v  3863.360043 -5.917941 0.000000
v  3863.360043 -5.917941 0.000000
v  3838.393803 -108.482045 0.000000
v  3838.393803 -108.482045 0.000000
v  3838.393803 -108.482045 0.000000
v  3957.827206 -108.482045 0.000000
v  3957.827206 -108.482045 0.000000
v  3957.827206 -108.482045 0.000000
v  3961.201305 -32.233734 0.000000
v  3961.201305 -32.233734 0.000000
v  3961.201305 -32.233734 0.000000
v  3964.372156 10.117802 0.000000
v  3964.372156 10.117802 0.000000
v  3969.634557 60.018525 0.000000
v  3969.634557 60.018525 0.000000
v  3976.720448 117.563832 0.000000
v  3976.720448 117.563832 0.000000
v  3976.720448 117.563832 0.000000
v  4005.060787 337.536860 0.000000
v  4005.060787 337.536860 0.000000
v  4005.060787 337.536860 0.000000
v  4059.716816 785.580057 0.000000
v  4059.716816 785.580057 0.000000
v  4059.716816 785.580057 0.000000
v  4198.717709 466.416735 0.000000
v  4198.717709 466.416735 0.000000
v  4198.717709 466.416735 0.000000
v  4210.042343 439.679478 0.000000
v  4210.042343 439.679478 0.000000
v  4221.138238 413.502837 0.000000
v  4221.138238 413.502837 0.000000
v  4231.995760 387.883200 0.000000
v  4231.995760 387.883200 0.000000
v  4242.605343 362.816712 0.000000
v  4242.605343 362.816712 0.000000
v  4252.957479 338.299260 0.000000
v  4252.957479 338.299260 0.000000
v  4263.042719 314.326478 0.000000
v  4263.042719 314.326478 0.000000
v  4272.851675 290.893736 0.000000
v  4272.851675 290.893736 0.000000
v  4282.375003 267.996133 0.000000
v  4282.375003 267.996133 0.000000
v  4291.603410 245.628494 0.000000
v  4291.603410 245.628494 0.000000
v  4300.527631 223.785350 0.000000
v  4300.527631 223.785350 0.000000
v  4309.138418 202.460932 0.000000
v  4309.138418 202.460932 0.000000
v  4317.426529 181.649148 0.000000
v  4317.426529 181.649148 0.000000
v  4325.382691 161.343562 0.000000
v  4325.382691 161.343562 0.000000
v  4332.997575 141.537363 0.000000
v  4332.997575 141.537363 0.000000
v  4340.261767 122.223334 0.000000
v  4340.261767 122.223334 0.000000
v  4347.165699 103.393796 0.000000
v  4347.165699 103.393796 0.000000
v  4347.165699 103.393796 0.000000
v  4430.836315 -128.050196 0.000000
v  4430.836315 -128.050196 0.000000
v  4430.836315 -128.050196 0.000000
v  4567.139263 -108.482045 0.000000
v  4567.139263 -108.482045 0.000000
v  4567.139263 -108.482045 0.000000
v  4575.911160 -20.087984 0.000000
v  4575.911160 -20.087984 0.000000
v  4575.911160 -20.087984 0.000000
v  4582.658405 36.592174 0.000000
v  4582.658405 36.592174 0.000000
v  4582.658405 36.592174 0.000000
v  4622.469540 328.764934 0.000000
v  4622.469540 328.764934 0.000000
v  4622.469540 328.764934 0.000000
v  4663.630123 625.661034 0.000000
v  4663.630123 625.661034 0.000000
v  4663.630123 625.661034 0.000000
v  4672.170530 687.872288 0.000000
v  4672.170530 687.872288 0.000000
v  4680.711803 743.001843 0.000000
v  4680.711803 743.001843 0.000000
v  4689.271564 790.978152 0.000000
v  4689.271564 790.978152 0.000000
v  4689.271564 790.978152 0.000000
v  4704.790707 871.275026 0.000000
v  4704.790707 871.275026 0.000000
v  4704.790707 871.275026 0.000000
v  4596.828098 871.275026 0.000000
v  4596.828098 871.275026 0.000000
v  4596.828098 871.275026 0.000000
v  4594.804401 832.138735 0.000000
v  4594.804401 832.138735 0.000000
v  4594.804401 832.138735 0.000000
v  4588.113216 747.620798 0.000000
v  4588.113216 747.620798 0.000000
v  4579.284306 670.195419 0.000000
v  4579.284306 670.195419 0.000000
v  4579.284306 670.195419 0.000000
v  4540.148373 389.493662 0.000000
v  4540.148373 389.493662 0.000000
v  4540.148373 389.493662 0.000000
v  4505.735035 117.563832 0.000000
v  4505.735035 117.563832 0.000000
v  4505.735035 117.563832 0.000000
v  4487.516994 -36.282313 0.000000
v  4487.516994 -36.282313 0.000000
v  4487.516994 -36.282313 0.000000
v  4449.729557 71.679893 0.000000
v  4449.729557 71.679893 0.000000
v  4449.729557 71.679893 0.000000
v  4439.894476 99.311178 0.000000
v  4439.894476 99.311178 0.000000
v  4430.489749 125.637385 0.000000
v  4430.489749 125.637385 0.000000
v  4421.508558 150.659254 0.000000
v  4421.508558 150.659254 0.000000
v  4412.944139 174.377548 0.000000
v  4412.944139 174.377548 0.000000
v  4404.789785 196.793059 0.000000
v  4404.789785 196.793059 0.000000
v  4397.038838 217.906596 0.000000
v  4397.038838 217.906596 0.000000
v  4389.684686 237.718992 0.000000
v  4389.684686 237.718992 0.000000
v  4382.720758 256.231096 0.000000
v  4382.720758 256.231096 0.000000
v  4376.140508 273.443771 0.000000
v  4376.140508 273.443771 0.000000
v  4369.937410 289.357888 0.000000
v  4369.937410 289.357888 0.000000
v  4364.104930 303.974319 0.000000
v  4364.104930 303.974319 0.000000
v  4358.636494 317.293930 0.000000
v  4358.636494 317.293930 0.000000
v  4358.636494 317.293930 0.000000
v  4258.097286 558.184642 0.000000
v  4258.097286 558.184642 0.000000
v  4258.097286 558.184642 0.000000
v  4249.681708 578.129810 0.000000
v  4249.681708 578.129810 0.000000
v  4241.525140 597.474810 0.000000
v  4241.525140 597.474810 0.000000
v  4233.620167 616.216680 0.000000
v  4233.620167 616.216680 0.000000
v  4225.959324 634.352601 0.000000
v  4225.959324 634.352601 0.000000
v  4218.535102 651.879889 0.000000
v  4218.535102 651.879889 0.000000
v  4211.339946 668.796002 0.000000
v  4211.339946 668.796002 0.000000
v  4204.366248 685.098531 0.000000
v  4204.366248 685.098531 0.000000
v  4197.606347 700.785205 0.000000
v  4197.606347 700.785205 0.000000
v  4191.052519 715.853879 0.000000
v  4191.052519 715.853879 0.000000
v  4184.696968 730.302540 0.000000
v  4184.696968 730.302540 0.000000
v  4178.531812 744.129297 0.000000
v  4178.531812 744.129297 0.000000
v  4172.549066 757.332375 0.000000
v  4172.549066 757.332375 0.000000
v  4166.740609 769.910112 0.000000
v  4166.740609 769.910112 0.000000
v  4161.098157 781.860946 0.000000
v  4161.098157 781.860946 0.000000
v  4155.613204 793.183406 0.000000
v  4155.613204 793.183406 0.000000
v  4150.276958 803.876094 0.000000
v  4150.276958 803.876094 0.000000
v  4145.080238 813.937661 0.000000
v  4145.080238 813.937661 0.000000
v  4140.013332 823.366779 0.000000
v  4140.013332 823.366779 0.000000
v  4140.013332 823.366779 0.000000
v  4113.697643 871.275026 0.000000
v  4113.697643 871.275026 0.000000
v  4113.697643 871.275026 0.000000
v  3976.046200 871.275026 0.000000
v  3976.046200 871.275026 0.000000
v  3976.046200 871.275026 0.000000
v  3972.672100 808.522004 0.000000
v  3972.672100 808.522004 0.000000
v  3972.672100 808.522004 0.000000
v  3967.346934 742.203481 0.000000
v  3967.346934 742.203481 0.000000
v  3959.265564 667.160730 0.000000
v  3959.265564 667.160730 0.000000
v  3948.380108 583.150882 0.000000
v  3948.380108 583.150882 0.000000
v  3948.380108 583.150882 0.000000
v  3890.350933 165.472079 0.000000
v  3890.350933 165.472079 0.000000
v  3890.350933 165.472079 0.000000
v  3888.268895 150.871805 0.000000
v  3888.268895 150.871805 0.000000
v  3886.271364 136.831737 0.000000
v  3886.271364 136.831737 0.000000
v  3884.353918 123.352966 0.000000
v  3884.353918 123.352966 0.000000
v  3882.512106 110.436541 0.000000
v  3882.512106 110.436541 0.000000
v  3880.741448 98.083459 0.000000
v  3880.741448 98.083459 0.000000
v  3879.037433 86.294671 0.000000
v  3879.037433 86.294671 0.000000
v  3877.395519 75.071075 0.000000
v  3877.395519 75.071075 0.000000
v  3875.811130 64.413523 0.000000
v  3875.811130 64.413523 0.000000
v  3874.279653 54.322811 0.000000
v  3874.279653 54.322811 0.000000
v  3872.796435 44.799687 0.000000
v  3872.796435 44.799687 0.000000
v  3871.356774 35.844846 0.000000
v  3871.356774 35.844846 0.000000
v  3869.955910 27.458931 0.000000
v  3869.955910 27.458931 0.000000
v  3868.589010 19.642531 0.000000
v  3868.589010 19.642531 0.000000
v  3867.251143 12.396183 0.000000
v  3867.251143 12.396183 0.000000
v  3865.937246 5.720373 0.000000
v  3865.937246 5.720373 0.000000
v  3864.642063 -0.384465 0.000000
v  3864.642063 -0.384465 0.000000
v  4847.840900 73.029432 0.000000
v  4847.840900 73.029432 0.000000
v  4847.840900 73.029432 0.000000
v  4816.801662 -108.482045 0.000000
v  4816.801662 -108.482045 0.000000
v  4816.801662 -108.482045 0.000000
v  4928.812618 -108.482045 0.000000
v  4928.812618 -108.482045 0.000000
v  4928.812618 -108.482045 0.000000
v  4942.307110 36.592174 0.000000
v  4942.307110 36.592174 0.000000
v  4942.307110 36.592174 0.000000
v  4965.923901 223.501760 0.000000
v  4965.923901 223.501760 0.000000
v  4965.923901 223.501760 0.000000
v  5027.328129 682.341177 0.000000
v  5027.328129 682.341177 0.000000
v  5027.328129 682.341177 0.000000
v  5048.245068 815.269667 0.000000
v  5048.245068 815.269667 0.000000
v  5048.245068 815.269667 0.000000
v  5058.367367 871.275026 0.000000
v  5058.367367 871.275026 0.000000
v  5058.367367 871.275026 0.000000
v  4937.584515 871.275026 0.000000
v  4937.584515 871.275026 0.000000
v  4937.584515 871.275026 0.000000
v  4936.235065 761.288542 0.000000
v  4936.235065 761.288542 0.000000
v  4936.235065 761.288542 0.000000
v  4934.983496 741.552881 0.000000
v  4934.983496 741.552881 0.000000
v  4933.722072 721.864466 0.000000
v  4933.722072 721.864466 0.000000
v  4932.349393 702.164642 0.000000
v  4932.349393 702.164642 0.000000
v  4930.739553 682.347636 0.000000
v  4930.739553 682.347636 0.000000
v  4928.793821 662.830437 0.000000
v  4928.793821 662.830437 0.000000
v  4926.787968 646.578688 0.000000
v  4926.787968 646.578688 0.000000
v  4926.787968 646.578688 0.000000
v  4887.652035 359.804052 0.000000
v  4887.652035 359.804052 0.000000
v  4887.652035 359.804052 0.000000
v  -4992.240344 634.432930 300.000000
v  -4992.240344 634.432930 300.000000
v  -4992.240344 634.432930 300.000000
v  -4931.748109 731.840923 300.000000
v  -4931.748109 731.840923 300.000000
v  -4862.666173 801.766783 300.000000
v  -4862.666173 801.766783 300.000000
v  -4782.307176 852.211666 300.000000
v  -4782.307176 852.211666 300.000000
v  -4782.307176 852.211666 300.000000
v  -4697.682981 881.485940 300.000000
v  -4697.682981 881.485940 300.000000
v  -4604.927707 891.030928 300.000000
v  -4604.927707 891.030928 300.000000
v  -4604.927707 891.030928 300.000000
v  -4517.043668 881.211710 300.000000
v  -4517.043668 881.211710 300.000000
v  -4447.617568 856.647712 300.000000
v  -4447.617568 856.647712 300.000000
v  -4389.399311 818.636907 300.000000
v  -4389.399311 818.636907 300.000000
v  -4338.265481 764.251205 300.000000
v  -4338.265481 764.251205 300.000000
v  -4338.265481 764.251205 300.000000
v  -4296.100320 691.739462 300.000000
v  -4296.100320 691.739462 300.000000
v  -4266.998400 598.800215 300.000000
v  -4266.998400 598.800215 300.000000
v  -4255.092777 473.837607 300.000000
v  -4255.092777 473.837607 300.000000
v  -4255.092777 473.837607 300.000000
v  -4267.957614 332.872638 300.000000
v  -4267.957614 332.872638 300.000000
v  -4306.073780 202.619712 300.000000
v  -4306.073780 202.619712 300.000000
v  -4371.082769 77.270610 300.000000
v  -4371.082769 77.270610 300.000000
v  -4371.082769 77.270610 300.000000
v  -4451.609791 -22.162429 300.000000
v  -4451.609791 -22.162429 300.000000
v  -4531.887723 -82.402885 300.000000
v  -4531.887723 -82.402885 300.000000
v  -4616.760236 -116.593804 300.000000
v  -4616.760236 -116.593804 300.000000
v  -4713.562384 -128.352491 300.000000
v  -4713.562384 -128.352491 300.000000
v  -4713.562384 -128.352491 300.000000
v  -4794.568306 -118.263166 300.000000
v  -4794.568306 -118.263166 300.000000
v  -4861.858218 -90.882154 300.000000
v  -4861.858218 -90.882154 300.000000
v  -4922.040492 -44.905660 300.000000
v  -4922.040492 -44.905660 300.000000
v  -4978.814501 27.777831 300.000000
v  -4978.814501 27.777831 300.000000
v  -4978.814501 27.777831 300.000000
v  -5020.943972 114.398976 300.000000
v  -5020.943972 114.398976 300.000000
v  -5048.104459 215.172782 300.000000
v  -5048.104459 215.172782 300.000000
v  -5058.017905 336.863479 300.000000
v  -5058.017905 336.863479 300.000000
v  -5058.017905 336.863479 300.000000
v  -5040.161502 498.859083 300.000000
v  -5040.161502 498.859083 300.000000
v  -4957.827379 337.536860 300.000000
v  -4957.827379 337.536860 300.000000
v  -4957.827379 337.536860 300.000000
v  -4950.328610 225.061625 300.000000
v  -4950.328610 225.061625 300.000000
v  -4927.885687 138.997067 300.000000
v  -4927.885687 138.997067 300.000000
v  -4927.885687 138.997067 300.000000
v  -4891.181887 64.400020 300.000000
v  -4891.181887 64.400020 300.000000
v  -4851.108836 15.692017 300.000000
v  -4851.108836 15.692017 300.000000
v  -4806.578440 -17.091720 300.000000
v  -4806.578440 -17.091720 300.000000
v  -4806.578440 -17.091720 300.000000
v  -4760.811490 -35.212288 300.000000
v  -4760.811490 -35.212288 300.000000
v  -4706.791926 -41.380945 300.000000
v  -4706.791926 -41.380945 300.000000
v  -4706.791926 -41.380945 300.000000
v  -4638.729937 -31.634866 300.000000
v  -4638.729937 -31.634866 300.000000
v  -4577.260567 -3.893634 300.000000
v  -4577.260567 -3.893634 300.000000
v  -4577.260567 -3.893634 300.000000
v  -4523.146421 38.052389 300.000000
v  -4523.146421 38.052389 300.000000
v  -4473.940836 94.563768 300.000000
v  -4473.940836 94.563768 300.000000
v  -4473.940836 94.563768 300.000000
v  -4428.637951 168.934910 300.000000
v  -4428.637951 168.934910 300.000000
v  -4391.923022 256.640593 300.000000
v  -4391.923022 256.640593 300.000000
v  -4391.923022 256.640593 300.000000
v  -4364.419757 366.552252 300.000000
v  -4364.419757 366.552252 300.000000
v  -4354.958547 479.239675 300.000000
v  -4354.958547 479.239675 300.000000
v  -4354.958547 479.239675 300.000000
v  -4362.711924 576.492922 300.000000
v  -4362.711924 576.492922 300.000000
v  -4382.267196 646.868116 300.000000
v  -4382.267196 646.868116 300.000000
v  -4410.316020 700.972686 300.000000
v  -4410.316020 700.972686 300.000000
v  -4410.316020 700.972686 300.000000
v  -4461.277785 756.266995 300.000000
v  -4461.277785 756.266995 300.000000
v  -4523.896393 789.296597 300.000000
v  -4523.896393 789.296597 300.000000
v  -4607.634839 802.090912 300.000000
v  -4607.634839 802.090912 300.000000
v  -4607.634839 802.090912 300.000000
v  -4699.263506 788.956880 300.000000
v  -4699.263506 788.956880 300.000000
v  -4779.345964 750.029684 300.000000
v  -4779.345964 750.029684 300.000000
v  -4855.752437 678.009919 300.000000
v  -4855.752437 678.009919 300.000000
v  -4855.752437 678.009919 300.000000
v  -4901.010164 609.742722 300.000000
v  -4901.010164 609.742722 300.000000
v  -4930.800011 537.455914 300.000000
v  -4930.800011 537.455914 300.000000
v  -4930.800011 537.455914 300.000000
v  -4951.089628 444.563616 300.000000
v  -4951.089628 444.563616 300.000000
v  -4138.664131 -7.267472 300.000000
v  -4138.664131 -7.267472 300.000000
v  -4138.664131 -7.267472 300.000000
v  -4110.324030 162.773001 300.000000
v  -4110.324030 162.773001 300.000000
v  -4110.324030 162.773001 300.000000
v  -4096.040531 256.856144 300.000000
v  -4096.040531 256.856144 300.000000
v  -4086.608401 335.744907 300.000000
v  -4086.608401 335.744907 300.000000
v  -4081.344276 399.156531 300.000000
v  -4081.344276 399.156531 300.000000
v  -4079.538587 446.851230 300.000000
v  -4079.538587 446.851230 300.000000
v  -4079.538587 446.851230 300.000000
v  -4081.305326 491.122006 300.000000
v  -4081.305326 491.122006 300.000000
v  -4088.731532 549.412686 300.000000
v  -4088.731532 549.412686 300.000000
v  -4088.731532 549.412686 300.000000
v  -4096.153979 587.874252 300.000000
v  -4096.153979 587.874252 300.000000
v  -4096.153979 587.874252 300.000000
v  -4011.808519 598.670441 300.000000
v  -4011.808519 598.670441 300.000000
v  -4011.808519 598.670441 300.000000
v  -4005.060797 562.907952 300.000000
v  -4005.060797 562.907952 300.000000
v  -4005.060797 562.907952 300.000000
v  -3995.614176 501.504439 300.000000
v  -3995.614176 501.504439 300.000000
v  -3995.614176 501.504439 300.000000
v  -3965.249782 537.266928 300.000000
v  -3965.249782 537.266928 300.000000
v  -3965.249782 537.266928 300.000000
v  -3922.265853 575.306002 300.000000
v  -3922.265853 575.306002 300.000000
v  -3870.740118 598.707739 300.000000
v  -3870.740118 598.707739 300.000000
v  -3804.653240 607.747946 300.000000
v  -3804.653240 607.747946 300.000000
v  -3804.653240 607.747946 300.000000
v  -3747.865494 600.881095 300.000000
v  -3747.865494 600.881095 300.000000
v  -3703.397541 582.202389 300.000000
v  -3703.397541 582.202389 300.000000
v  -3665.825781 551.630648 300.000000
v  -3665.825781 551.630648 300.000000
v  -3632.591252 504.203516 300.000000
v  -3632.591252 504.203516 300.000000
v  -3632.591252 504.203516 300.000000
v  -3621.120219 481.261569 300.000000
v  -3621.120219 481.261569 300.000000
v  -3621.120219 481.261569 300.000000
v  -3604.925876 504.203516 300.000000
v  -3604.925876 504.203516 300.000000
v  -3604.925876 504.203516 300.000000
v  -3548.888404 562.608691 300.000000
v  -3548.888404 562.608691 300.000000
v  -3484.422567 596.066395 300.000000
v  -3484.422567 596.066395 300.000000
v  -3405.195837 608.117122 300.000000
v  -3405.195837 608.117122 300.000000
v  -3405.195837 608.117122 300.000000
v  -3346.867019 600.531500 300.000000
v  -3346.867019 600.531500 300.000000
v  -3297.367206 579.163632 300.000000
v  -3297.367206 579.163632 300.000000
v  -3251.608046 541.745112 300.000000
v  -3251.608046 541.745112 300.000000
v  -3251.608046 541.745112 300.000000
v  -3223.146444 502.291282 300.000000
v  -3223.146444 502.291282 300.000000
v  -3204.154813 452.245133 300.000000
v  -3204.154813 452.245133 300.000000
v  -3196.255801 384.083248 300.000000
v  -3196.255801 384.083248 300.000000
v  -3196.255801 384.083248 300.000000
v  -3197.852012 332.118634 300.000000
v  -3197.852012 332.118634 300.000000
v  -3204.116230 270.060468 300.000000
v  -3204.116230 270.060468 300.000000
v  -3204.116230 270.060468 300.000000
v  -3223.684316 133.083406 300.000000
v  -3223.684316 133.083406 300.000000
v  -3223.684316 133.083406 300.000000
v  -3233.050700 61.797398 300.000000
v  -3233.050700 61.797398 300.000000
v  -3240.553384 -14.689874 300.000000
v  -3240.553384 -14.689874 300.000000
v  -3240.553384 -14.689874 300.000000
v  -3247.975831 -108.482045 300.000000
v  -3247.975831 -108.482045 300.000000
v  -3247.975831 -108.482045 300.000000
v  -3350.539927 -108.482045 300.000000
v  -3350.539927 -108.482045 300.000000
v  -3350.539927 -108.482045 300.000000
v  -3328.947549 58.184627 300.000000
v  -3328.947549 58.184627 300.000000
v  -3328.947549 58.184627 300.000000
v  -3297.233586 272.759515 300.000000
v  -3297.233586 272.759515 300.000000
v  -3297.233586 272.759515 300.000000
v  -3292.259465 317.361015 300.000000
v  -3292.259465 317.361015 300.000000
v  -3290.267747 365.883958 300.000000
v  -3290.267747 365.883958 300.000000
v  -3290.267747 365.883958 300.000000
v  -3297.948799 429.237360 300.000000
v  -3297.948799 429.237360 300.000000
v  -3316.233660 469.001661 300.000000
v  -3316.233660 469.001661 300.000000
v  -3342.501213 496.026159 300.000000
v  -3342.501213 496.026159 300.000000
v  -3342.501213 496.026159 300.000000
v  -3382.218371 516.382424 300.000000
v  -3382.218371 516.382424 300.000000
v  -3425.436487 522.720678 300.000000
v  -3425.436487 522.720678 300.000000
v  -3425.436487 522.720678 300.000000
v  -3480.255669 513.801129 300.000000
v  -3480.255669 513.801129 300.000000
v  -3521.504454 491.369628 300.000000
v  -3521.504454 491.369628 300.000000
v  -3555.984721 452.966499 300.000000
v  -3555.984721 452.966499 300.000000
v  -3585.470450 386.152696 300.000000
v  -3585.470450 386.152696 300.000000
v  -3585.470450 386.152696 300.000000
v  -3595.606335 346.310877 300.000000
v  -3595.606335 346.310877 300.000000
v  -3604.014559 302.518970 300.000000
v  -3604.014559 302.518970 300.000000
v  -3604.014559 302.518970 300.000000
v  -3619.206674 205.087881 300.000000
v  -3619.206674 205.087881 300.000000
v  -3631.183857 113.648496 300.000000
v  -3631.183857 113.648496 300.000000
v  -3639.765237 28.069460 300.000000
v  -3639.765237 28.069460 300.000000
v  -3644.737010 -51.801883 300.000000
v  -3644.737010 -51.801883 300.000000
v  -3644.737010 -51.801883 300.000000
v  -3646.761303 -108.482045 300.000000
v  -3646.761303 -108.482045 300.000000
v  -3646.761303 -108.482045 300.000000
v  -3747.975831 -108.482045 300.000000
v  -3747.975831 -108.482045 300.000000
v  -3747.975831 -108.482045 300.000000
v  -3732.456212 14.999736 300.000000
v  -3732.456212 14.999736 300.000000
v  -3732.456212 14.999736 300.000000
v  -3704.790955 201.234567 300.000000
v  -3704.790955 201.234567 300.000000
v  -3704.790955 201.234567 300.000000
v  -3689.946179 301.774371 300.000000
v  -3689.946179 301.774371 300.000000
v  -3689.946179 301.774371 300.000000
v  -3687.125040 328.626030 300.000000
v  -3687.125040 328.626030 300.000000
v  -3685.897593 371.959450 300.000000
v  -3685.897593 371.959450 300.000000
v  -3685.897593 371.959450 300.000000
v  -3691.010800 421.661524 300.000000
v  -3691.010800 421.661524 300.000000
v  -3702.952349 455.118132 300.000000
v  -3702.952349 455.118132 300.000000
v  -3719.413289 478.827581 300.000000
v  -3719.413289 478.827581 300.000000
v  -3719.413289 478.827581 300.000000
v  -3748.277025 502.765029 300.000000
v  -3748.277025 502.765029 300.000000
v  -3781.372700 517.279576 300.000000
v  -3781.372700 517.279576 300.000000
v  -3821.528351 522.855432 300.000000
v  -3821.528351 522.855432 300.000000
v  -3821.528351 522.855432 300.000000
v  -3854.586156 519.530137 300.000000
v  -3854.586156 519.530137 300.000000
v  -3884.428047 509.232757 300.000000
v  -3884.428047 509.232757 300.000000
v  -3884.428047 509.232757 300.000000
v  -3922.858265 482.448705 300.000000
v  -3922.858265 482.448705 300.000000
v  -3956.379430 438.007259 300.000000
v  -3956.379430 438.007259 300.000000
v  -3984.638122 362.621840 300.000000
v  -3984.638122 362.621840 300.000000
v  -3984.638122 362.621840 300.000000
v  -3995.091773 315.515482 300.000000
v  -3995.091773 315.515482 300.000000
v  -4002.361779 274.109054 300.000000
v  -4002.361779 274.109054 300.000000
v  -4002.361779 274.109054 300.000000
v  -4023.954277 130.384359 300.000000
v  -4023.954277 130.384359 300.000000
v  -4023.954277 130.384359 300.000000
v  -4034.806694 47.897871 300.000000
v  -4034.806694 47.897871 300.000000
v  -4040.823345 -16.039398 300.000000
v  -4040.823345 -16.039398 300.000000
v  -4040.823345 -16.039398 300.000000
v  -4046.221499 -108.482045 300.000000
v  -4046.221499 -108.482045 300.000000
v  -4046.221499 -108.482045 300.000000
v  -4157.557492 -108.482045 300.000000
v  -4157.557492 -108.482045 300.000000
v  -4157.557492 -108.482045 300.000000
v  -2934.885387 594.621855 300.000000
v  -2934.885387 594.621855 300.000000
v  -2934.885387 594.621855 300.000000
v  -2909.919147 598.670441 300.000000
v  -2909.919147 598.670441 300.000000
v  -2909.919147 598.670441 300.000000
v  -2851.360433 605.800930 300.000000
v  -2851.360433 605.800930 300.000000
v  -2794.534569 608.117122 300.000000
v  -2794.534569 608.117122 300.000000
v  -2794.534569 608.117122 300.000000
v  -2747.811881 605.397849 300.000000
v  -2747.811881 605.397849 300.000000
v  -2698.803881 596.937140 300.000000
v  -2698.803881 596.937140 300.000000
v  -2698.803881 596.937140 300.000000
v  -2635.820345 574.470284 300.000000
v  -2635.820345 574.470284 300.000000
v  -2593.939876 545.193753 300.000000
v  -2593.939876 545.193753 300.000000
v  -2564.871229 508.954283 300.000000
v  -2564.871229 508.954283 300.000000
v  -2545.575972 462.136194 300.000000
v  -2545.575972 462.136194 300.000000
v  -2537.561319 396.909127 300.000000
v  -2537.561319 396.909127 300.000000
v  -2537.561319 396.909127 300.000000
v  -2538.720218 363.880583 300.000000
v  -2538.720218 363.880583 300.000000
v  -2542.172794 324.041564 300.000000
v  -2542.172794 324.041564 300.000000
v  -2542.172794 324.041564 300.000000
v  -2558.367138 221.477467 300.000000
v  -2558.367138 221.477467 300.000000
v  -2558.367138 221.477467 300.000000
v  -2571.795212 129.848315 300.000000
v  -2571.795212 129.848315 300.000000
v  -2581.451716 46.492957 300.000000
v  -2581.451716 46.492957 300.000000
v  -2586.707239 -28.859910 300.000000
v  -2586.707239 -28.859910 300.000000
v  -2586.707239 -28.859910 300.000000
v  -2588.056688 -108.482045 300.000000
v  -2588.056688 -108.482045 300.000000
v  -2588.056688 -108.482045 300.000000
v  -2669.028406 -108.482045 300.000000
v  -2669.028406 -108.482045 300.000000
v  -2669.028406 -108.482045 300.000000
v  -2671.052818 -76.093380 300.000000
v  -2671.052818 -76.093380 300.000000
v  -2671.052818 -76.093380 300.000000
v  -2669.703131 -26.160855 300.000000
v  -2669.703131 -26.160855 300.000000
v  -2669.703131 -26.160855 300.000000
v  -2706.140404 -59.224286 300.000000
v  -2706.140404 -59.224286 300.000000
v  -2706.140404 -59.224286 300.000000
v  -2760.366541 -97.951137 300.000000
v  -2760.366541 -97.951137 300.000000
v  -2817.747034 -120.446434 300.000000
v  -2817.747034 -120.446434 300.000000
v  -2880.906953 -128.398715 300.000000
v  -2880.906953 -128.398715 300.000000
v  -2880.906953 -128.398715 300.000000
v  -2939.582859 -121.670412 300.000000
v  -2939.582859 -121.670412 300.000000
v  -2987.139193 -102.903492 300.000000
v  -2987.139193 -102.903492 300.000000
v  -3028.509339 -71.871312 300.000000
v  -3028.509339 -71.871312 300.000000
v  -3028.509339 -71.871312 300.000000
v  -3059.941631 -31.882774 300.000000
v  -3059.941631 -31.882774 300.000000
v  -3079.390232 15.311175 300.000000
v  -3079.390232 15.311175 300.000000
v  -3087.028552 76.406147 300.000000
v  -3087.028552 76.406147 300.000000
v  -3087.028552 76.406147 300.000000
v  -3079.593018 140.099907 300.000000
v  -3079.593018 140.099907 300.000000
v  -3056.934096 198.686165 300.000000
v  -3056.934096 198.686165 300.000000
v  -3015.839551 256.549420 300.000000
v  -3015.839551 256.549420 300.000000
v  -3015.839551 256.549420 300.000000
v  -2970.860897 296.442917 300.000000
v  -2970.860897 296.442917 300.000000
v  -2915.282739 326.717848 300.000000
v  -2915.282739 326.717848 300.000000
v  -2843.726670 347.302189 300.000000
v  -2843.726670 347.302189 300.000000
v  -2843.726670 347.302189 300.000000
v  -2793.432732 354.092269 300.000000
v  -2793.432732 354.092269 300.000000
v  -2740.553503 356.430251 300.000000
v  -2740.553503 356.430251 300.000000
v  -2740.553503 356.430251 300.000000
v  -2694.324353 355.023183 300.000000
v  -2694.324353 355.023183 300.000000
v  -2641.363029 350.357372 300.000000
v  -2641.363029 350.357372 300.000000
v  -2641.363029 350.357372 300.000000
v  -2624.493961 348.333079 300.000000
v  -2624.493961 348.333079 300.000000
v  -2624.493961 348.333079 300.000000
v  -2619.770651 392.867464 300.000000
v  -2619.770651 392.867464 300.000000
v  -2619.770651 392.867464 300.000000
v  -2620.667224 406.728554 300.000000
v  -2620.667224 406.728554 300.000000
v  -2622.538559 419.083993 300.000000
v  -2622.538559 419.083993 300.000000
v  -2625.247021 430.206899 300.000000
v  -2625.247021 430.206899 300.000000
v  -2628.707191 440.317431 300.000000
v  -2628.707191 440.317431 300.000000
v  -2632.876778 449.593395 300.000000
v  -2632.876778 449.593395 300.000000
v  -2637.750862 458.178074 300.000000
v  -2637.750862 458.178074 300.000000
v  -2643.358877 466.185851 300.000000
v  -2643.358877 466.185851 300.000000
v  -2649.763949 473.706003 300.000000
v  -2649.763949 473.706003 300.000000
v  -2657.064467 480.804875 300.000000
v  -2657.064467 480.804875 300.000000
v  -2665.397954 487.526528 300.000000
v  -2665.397954 487.526528 300.000000
v  -2674.947468 493.891782 300.000000
v  -2674.947468 493.891782 300.000000
v  -2685.951038 499.895450 300.000000
v  -2685.951038 499.895450 300.000000
v  -2695.339113 504.140533 300.000000
v  -2695.339113 504.140533 300.000000
v  -2705.875610 508.133620 300.000000
v  -2705.875610 508.133620 300.000000
v  -2717.753300 511.830917 300.000000
v  -2717.753300 511.830917 300.000000
v  -2731.204743 515.170495 300.000000
v  -2731.204743 515.170495 300.000000
v  -2743.286068 517.528707 300.000000
v  -2743.286068 517.528707 300.000000
v  -2756.724352 519.548413 300.000000
v  -2756.724352 519.548413 300.000000
v  -2771.719452 521.159610 300.000000
v  -2771.719452 521.159610 300.000000
v  -2788.505609 522.275357 300.000000
v  -2788.505609 522.275357 300.000000
v  -2807.358056 522.788117 300.000000
v  -2807.358056 522.788117 300.000000
v  -2807.358056 522.788117 300.000000
v  -2855.314820 521.261496 300.000000
v  -2855.314820 521.261496 300.000000
v  -2920.715456 514.324981 300.000000
v  -2920.715456 514.324981 300.000000
v  -2920.715456 514.324981 300.000000
v  -2950.405006 509.601611 300.000000
v  -2950.405006 509.601611 300.000000
v  -2950.405006 509.601611 300.000000
v  -2635.964994 263.312835 300.000000
v  -2635.964994 263.312835 300.000000
v  -2635.964994 263.312835 300.000000
v  -2658.907061 267.361421 300.000000
v  -2658.907061 267.361421 300.000000
v  -2658.907061 267.361421 300.000000
v  -2674.124419 269.298343 300.000000
v  -2674.124419 269.298343 300.000000
v  -2697.737789 270.534050 300.000000
v  -2697.737789 270.534050 300.000000
v  -2725.716409 270.920148 300.000000
v  -2725.716409 270.920148 300.000000
v  -2725.716409 270.920148 300.000000
v  -2833.748537 260.969650 300.000000
v  -2833.748537 260.969650 300.000000
v  -2901.167917 237.712579 300.000000
v  -2901.167917 237.712579 300.000000
v  -2901.167917 237.712579 300.000000
v  -2944.233496 208.737196 300.000000
v  -2944.233496 208.737196 300.000000
v  -2970.894156 176.964751 300.000000
v  -2970.894156 176.964751 300.000000
v  -2986.639793 140.223436 300.000000
v  -2986.639793 140.223436 300.000000
v  -2992.100165 93.938171 300.000000
v  -2992.100165 93.938171 300.000000
v  -2992.100165 93.938171 300.000000
v  -2986.655512 50.236488 300.000000
v  -2986.655512 50.236488 300.000000
v  -2973.924624 18.168550 300.000000
v  -2973.924624 18.168550 300.000000
v  -2954.623993 -7.436717 300.000000
v  -2954.623993 -7.436717 300.000000
v  -2954.623993 -7.436717 300.000000
v  -2929.184419 -26.984505 300.000000
v  -2929.184419 -26.984505 300.000000
v  -2897.714825 -39.429357 300.000000
v  -2897.714825 -39.429357 300.000000
v  -2855.933715 -44.069967 300.000000
v  -2855.933715 -44.069967 300.000000
v  -2855.933715 -44.069967 300.000000
v  -2810.004346 -37.953351 300.000000
v  -2810.004346 -37.953351 300.000000
v  -2768.559958 -20.743730 300.000000
v  -2768.559958 -20.743730 300.000000
v  -2728.546324 9.744968 300.000000
v  -2728.546324 9.744968 300.000000
v  -2728.546324 9.744968 300.000000
v  -2687.460762 62.315109 300.000000
v  -2687.460762 62.315109 300.000000
v  -2658.670440 131.856137 300.000000
v  -2658.670440 131.856137 300.000000
v  -2658.670440 131.856137 300.000000
v  -2648.441940 174.685520 300.000000
v  -2648.441940 174.685520 300.000000
v  -2641.363029 216.754127 300.000000
v  -2641.363029 216.754127 300.000000
v  -2641.363029 216.754127 300.000000
v  -2396.423941 16.349267 300.000000
v  -2396.423941 16.349267 300.000000
v  -2396.423941 16.349267 300.000000
v  -2393.875916 29.876647 300.000000
v  -2393.875916 29.876647 300.000000
v  -2391.361746 44.055309 300.000000
v  -2391.361746 44.055309 300.000000
v  -2388.868938 58.888114 300.000000
v  -2388.868938 58.888114 300.000000
v  -2386.385221 74.377645 300.000000
v  -2386.385221 74.377645 300.000000
v  -2383.898430 90.526214 300.000000
v  -2383.898430 90.526214 300.000000
v  -2381.396463 107.335848 300.000000
v  -2381.396463 107.335848 300.000000
v  -2378.867216 124.808290 300.000000
v  -2378.867216 124.808290 300.000000
v  -2376.298553 142.944986 300.000000
v  -2376.298553 142.944986 300.000000
v  -2373.678287 161.747075 300.000000
v  -2373.678287 161.747075 300.000000
v  -2370.994142 181.215376 300.000000
v  -2370.994142 181.215376 300.000000
v  -2368.233767 201.350377 300.000000
v  -2368.233767 201.350377 300.000000
v  -2365.384703 222.152221 300.000000
v  -2365.384703 222.152221 300.000000
v  -2365.384703 222.152221 300.000000
v  -2352.564220 328.764934 300.000000
v  -2352.564220 328.764934 300.000000
v  -2352.564220 328.764934 300.000000
v  -2348.026936 385.565386 300.000000
v  -2348.026936 385.565386 300.000000
v  -2346.861841 435.383457 300.000000
v  -2346.861841 435.383457 300.000000
v  -2346.861841 435.383457 300.000000
v  -2348.512269 490.427283 300.000000
v  -2348.512269 490.427283 300.000000
v  -2354.588633 545.364100 300.000000
v  -2354.588633 545.364100 300.000000
v  -2354.588633 545.364100 300.000000
v  -2362.010841 587.874252 300.000000
v  -2362.010841 587.874252 300.000000
v  -2362.010841 587.874252 300.000000
v  -2274.291639 598.670441 300.000000
v  -2274.291639 598.670441 300.000000
v  -2274.291639 598.670441 300.000000
v  -2267.543917 558.184642 300.000000
v  -2267.543917 558.184642 300.000000
v  -2267.543917 558.184642 300.000000
v  -2262.145882 505.553025 300.000000
v  -2262.145882 505.553025 300.000000
v  -2262.145882 505.553025 300.000000
v  -2243.927364 524.446446 300.000000
v  -2243.927364 524.446446 300.000000
v  -2243.927364 524.446446 300.000000
v  -2188.966326 567.885769 300.000000
v  -2188.966326 567.885769 300.000000
v  -2121.069529 596.100804 300.000000
v  -2121.069529 596.100804 300.000000
v  -2030.027037 608.117122 300.000000
v  -2030.027037 608.117122 300.000000
v  -2030.027037 608.117122 300.000000
v  -2007.759933 606.767613 300.000000
v  -2007.759933 606.767613 300.000000
v  -2007.759933 606.767613 300.000000
v  -2014.507656 521.747369 300.000000
v  -2014.507656 521.747369 300.000000
v  -2014.507656 521.747369 300.000000
v  -2063.090448 523.096878 300.000000
v  -2063.090448 523.096878 300.000000
v  -2063.090448 523.096878 300.000000
v  -2129.457782 517.862441 300.000000
v  -2129.457782 517.862441 300.000000
v  -2175.134444 502.392173 300.000000
v  -2175.134444 502.392173 300.000000
v  -2208.179520 479.923416 300.000000
v  -2208.179520 479.923416 300.000000
v  -2232.769575 450.276462 300.000000
v  -2232.769575 450.276462 300.000000
v  -2250.224548 410.670612 300.000000
v  -2250.224548 410.670612 300.000000
v  -2250.224548 410.670612 300.000000
v  -2259.555678 373.973458 300.000000
v  -2259.555678 373.973458 300.000000
v  -2264.170055 344.959247 300.000000
v  -2264.170055 344.959247 300.000000
v  -2264.170055 344.959247 300.000000
v  -2276.315813 258.589494 300.000000
v  -2276.315813 258.589494 300.000000
v  -2276.315813 258.589494 300.000000
v  -2295.884018 78.427541 300.000000
v  -2295.884018 78.427541 300.000000
v  -2295.884018 78.427541 300.000000
v  -2305.330877 -26.160855 300.000000
v  -2305.330877 -26.160855 300.000000
v  -2305.330877 -26.160855 300.000000
v  -2311.403637 -108.482045 300.000000
v  -2311.403637 -108.482045 300.000000
v  -2311.403637 -108.482045 300.000000
v  -2420.715456 -108.482045 300.000000
v  -2420.715456 -108.482045 300.000000
v  -2420.715456 -108.482045 300.000000
v  -1534.750347 10.276388 300.000000
v  -1534.750347 10.276388 300.000000
v  -1534.750347 10.276388 300.000000
v  -1533.871134 14.336476 300.000000
v  -1533.871134 14.336476 300.000000
v  -1532.975400 18.654008 300.000000
v  -1532.975400 18.654008 300.000000
v  -1532.062549 23.228960 300.000000
v  -1532.062549 23.228960 300.000000
v  -1531.131999 28.061305 300.000000
v  -1531.131999 28.061305 300.000000
v  -1530.183185 33.151017 300.000000
v  -1530.183185 33.151017 300.000000
v  -1529.215552 38.498070 300.000000
v  -1529.215552 38.498070 300.000000
v  -1528.228550 44.102435 300.000000
v  -1528.228550 44.102435 300.000000
v  -1527.221637 49.964084 300.000000
v  -1527.221637 49.964084 300.000000
v  -1526.194279 56.082988 300.000000
v  -1526.194279 56.082988 300.000000
v  -1525.145940 62.459115 300.000000
v  -1525.145940 62.459115 300.000000
v  -1524.076091 69.092434 300.000000
v  -1524.076091 69.092434 300.000000
v  -1522.984206 75.982910 300.000000
v  -1522.984206 75.982910 300.000000
v  -1521.869759 83.130510 300.000000
v  -1521.869759 83.130510 300.000000
v  -1520.732226 90.535196 300.000000
v  -1520.732226 90.535196 300.000000
v  -1519.571087 98.196931 300.000000
v  -1519.571087 98.196931 300.000000
v  -1518.385821 106.115675 300.000000
v  -1518.385821 106.115675 300.000000
v  -1517.175908 114.291388 300.000000
v  -1517.175908 114.291388 300.000000
v  -1515.940831 122.724029 300.000000
v  -1515.940831 122.724029 300.000000
v  -1514.680070 131.413552 300.000000
v  -1514.680070 131.413552 300.000000
v  -1513.393110 140.359914 300.000000
v  -1513.393110 140.359914 300.000000
v  -1512.079433 149.563067 300.000000
v  -1512.079433 149.563067 300.000000
v  -1510.738524 159.022964 300.000000
v  -1510.738524 159.022964 300.000000
v  -1509.369868 168.739554 300.000000
v  -1509.369868 168.739554 300.000000
v  -1507.972949 178.712788 300.000000
v  -1507.972949 178.712788 300.000000
v  -1506.547252 188.942611 300.000000
v  -1506.547252 188.942611 300.000000
v  -1505.092265 199.428970 300.000000
v  -1505.092265 199.428970 300.000000
v  -1503.607472 210.171810 300.000000
v  -1503.607472 210.171810 300.000000
v  -1502.092360 221.171072 300.000000
v  -1502.092360 221.171072 300.000000
v  -1500.546416 232.426699 300.000000
v  -1500.546416 232.426699 300.000000
v  -1498.969127 243.938629 300.000000
v  -1498.969127 243.938629 300.000000
v  -1497.359979 255.706802 300.000000
v  -1497.359979 255.706802 300.000000
v  -1495.718461 267.731154 300.000000
v  -1495.718461 267.731154 300.000000
v  -1494.044060 280.011620 300.000000
v  -1494.044060 280.011620 300.000000
v  -1492.336265 292.548133 300.000000
v  -1492.336265 292.548133 300.000000
v  -1490.594562 305.340626 300.000000
v  -1490.594562 305.340626 300.000000
v  -1488.818441 318.389030 300.000000
v  -1488.818441 318.389030 300.000000
v  -1487.007390 331.693272 300.000000
v  -1487.007390 331.693272 300.000000
v  -1485.160898 345.253282 300.000000
v  -1485.160898 345.253282 300.000000
v  -1483.278454 359.068984 300.000000
v  -1483.278454 359.068984 300.000000
v  -1481.359548 373.140303 300.000000
v  -1481.359548 373.140303 300.000000
v  -1479.403669 387.467162 300.000000
v  -1479.403669 387.467162 300.000000
v  -1479.403669 387.467162 300.000000
v  -1472.722189 436.935903 300.000000
v  -1472.722189 436.935903 300.000000
v  -1466.604823 483.407103 300.000000
v  -1466.604823 483.407103 300.000000
v  -1461.055388 526.880298 300.000000
v  -1461.055388 526.880298 300.000000
v  -1456.077735 567.355031 300.000000
v  -1456.077735 567.355031 300.000000
v  -1451.675757 604.830858 300.000000
v  -1451.675757 604.830858 300.000000
v  -1447.853410 639.307349 300.000000
v  -1447.853410 639.307349 300.000000
v  -1444.614733 670.784091 300.000000
v  -1444.614733 670.784091 300.000000
v  -1441.963903 699.260701 300.000000
v  -1441.963903 699.260701 300.000000
v  -1439.905307 724.736832 300.000000
v  -1439.905307 724.736832 300.000000
v  -1438.443702 747.212201 300.000000
v  -1438.443702 747.212201 300.000000
v  -1437.584524 766.686636 300.000000
v  -1437.584524 766.686636 300.000000
v  -1437.584524 766.686636 300.000000
v  -1438.933973 871.275026 300.000000
v  -1438.933973 871.275026 300.000000
v  -1438.933973 871.275026 300.000000
v  -971.997623 871.275026 300.000000
v  -971.997623 871.275026 300.000000
v  -971.997623 871.275026 300.000000
v  -977.395420 782.206196 300.000000
v  -977.395420 782.206196 300.000000
v  -977.395420 782.206196 300.000000
v  -1037.449722 788.279075 300.000000
v  -1037.449722 788.279075 300.000000
v  -1037.449722 788.279075 300.000000
v  -1116.396790 790.978152 300.000000
v  -1116.396790 790.978152 300.000000
v  -1116.396790 790.978152 300.000000
v  -1330.297117 792.327661 300.000000
v  -1330.297117 792.327661 300.000000
v  -1330.297117 792.327661 300.000000
v  -1338.394289 730.249423 300.000000
v  -1338.394289 730.249423 300.000000
v  -1338.394289 730.249423 300.000000
v  -1363.360529 537.266928 300.000000
v  -1363.360529 537.266928 300.000000
v  -1363.360529 537.266928 300.000000
v  -1372.132425 466.416735 300.000000
v  -1372.132425 466.416735 300.000000
v  -1372.132425 466.416735 300.000000
v  -1174.426680 465.067226 300.000000
v  -1174.426680 465.067226 300.000000
v  -1174.426680 465.067226 300.000000
v  -1129.702665 465.207209 300.000000
v  -1129.702665 465.207209 300.000000
v  -1093.711522 466.463226 300.000000
v  -1093.711522 466.463226 300.000000
v  -1066.464310 469.115812 300.000000
v  -1066.464310 469.115812 300.000000
v  -1066.464310 469.115812 300.000000
v  -1024.629002 476.538199 300.000000
v  -1024.629002 476.538199 300.000000
v  -1024.629002 476.538199 300.000000
v  -1043.522243 377.347905 300.000000
v  -1043.522243 377.347905 300.000000
v  -1043.522243 377.347905 300.000000
v  -1131.916409 383.420784 300.000000
v  -1131.916409 383.420784 300.000000
v  -1131.916409 383.420784 300.000000
v  -1257.422571 385.445076 300.000000
v  -1257.422571 385.445076 300.000000
v  -1257.422571 385.445076 300.000000
v  -1382.928495 387.469369 300.000000
v  -1382.928495 387.469369 300.000000
v  -1382.928495 387.469369 300.000000
v  -1394.399529 307.847250 300.000000
v  -1394.399529 307.847250 300.000000
v  -1394.399529 307.847250 300.000000
v  -1430.162077 42.665053 300.000000
v  -1430.162077 42.665053 300.000000
v  -1430.162077 42.665053 300.000000
v  -1441.633110 -29.534679 300.000000
v  -1441.633110 -29.534679 300.000000
v  -1441.633110 -29.534679 300.000000
v  -1266.869192 -29.534679 300.000000
v  -1266.869192 -29.534679 300.000000
v  -1266.869192 -29.534679 300.000000
v  -1202.751411 -28.832255 300.000000
v  -1202.751411 -28.832255 300.000000
v  -1152.834063 -26.160855 300.000000
v  -1152.834063 -26.160855 300.000000
v  -1152.834063 -26.160855 300.000000
v  -1069.838409 -19.413222 300.000000
v  -1069.838409 -19.413222 300.000000
v  -1069.838409 -19.413222 300.000000
v  -1088.731651 -108.482045 300.000000
v  -1088.731651 -108.482045 300.000000
v  -1088.731651 -108.482045 300.000000
v  -1561.066275 -108.482045 300.000000
v  -1561.066275 -108.482045 300.000000
v  -1561.066275 -108.482045 300.000000
v  -929.487114 -3.893648 300.000000
v  -929.487114 -3.893648 300.000000
v  -929.487114 -3.893648 300.000000
v  -892.375355 -12.665581 300.000000
v  -892.375355 -12.665581 300.000000
v  -892.375355 -12.665581 300.000000
v  -803.306465 -32.908496 300.000000
v  -803.306465 -32.908496 300.000000
v  -803.306465 -32.908496 300.000000
v  -771.800680 -38.009944 300.000000
v  -771.800680 -38.009944 300.000000
v  -720.311326 -40.544727 300.000000
v  -720.311326 -40.544727 300.000000
v  -720.311326 -40.544727 300.000000
v  -650.085293 -35.326037 300.000000
v  -650.085293 -35.326037 300.000000
v  -600.713547 -22.053585 300.000000
v  -600.713547 -22.053585 300.000000
v  -563.699841 -3.319248 300.000000
v  -563.699841 -3.319248 300.000000
v  -563.699841 -3.319248 300.000000
v  -520.684014 35.292336 300.000000
v  -520.684014 35.292336 300.000000
v  -497.003263 79.271127 300.000000
v  -497.003263 79.271127 300.000000
v  -488.728111 135.105306 300.000000
v  -488.728111 135.105306 300.000000
v  -488.728111 135.105306 300.000000
v  -490.621077 159.230051 300.000000
v  -490.621077 159.230051 300.000000
v  -495.328556 179.525032 300.000000
v  -495.328556 179.525032 300.000000
v  -495.328556 179.525032 300.000000
v  -509.703926 214.595027 300.000000
v  -509.703926 214.595027 300.000000
v  -529.003465 245.528612 300.000000
v  -529.003465 245.528612 300.000000
v  -529.003465 245.528612 300.000000
v  -560.721584 284.313393 300.000000
v  -560.721584 284.313393 300.000000
v  -593.454723 317.968685 300.000000
v  -593.454723 317.968685 300.000000
v  -593.454723 317.968685 300.000000
v  -678.475266 396.916050 300.000000
v  -678.475266 396.916050 300.000000
v  -678.475266 396.916050 300.000000
v  -715.854273 433.105728 300.000000
v  -715.854273 433.105728 300.000000
v  -740.604043 459.726612 300.000000
v  -740.604043 459.726612 300.000000
v  -740.604043 459.726612 300.000000
v  -766.723108 491.872310 300.000000
v  -766.723108 491.872310 300.000000
v  -792.349896 528.847930 300.000000
v  -792.349896 528.847930 300.000000
v  -792.349896 528.847930 300.000000
v  -826.839096 601.376552 300.000000
v  -826.839096 601.376552 300.000000
v  -836.369877 663.452867 300.000000
v  -836.369877 663.452867 300.000000
v  -836.369877 663.452867 300.000000
v  -828.242521 724.566137 300.000000
v  -828.242521 724.566137 300.000000
v  -805.962034 774.126580 300.000000
v  -805.962034 774.126580 300.000000
v  -767.420371 818.502747 300.000000
v  -767.420371 818.502747 300.000000
v  -767.420371 818.502747 300.000000
v  -699.200970 862.120703 300.000000
v  -699.200970 862.120703 300.000000
v  -607.586867 887.879627 300.000000
v  -607.586867 887.879627 300.000000
v  -607.586867 887.879627 300.000000
v  -582.492854 890.455323 300.000000
v  -582.492854 890.455323 300.000000
v  -550.269966 891.517955 300.000000
v  -550.269966 891.517955 300.000000
v  -550.269966 891.517955 300.000000
v  -474.298398 886.868045 300.000000
v  -474.298398 886.868045 300.000000
v  -393.050079 871.949810 300.000000
v  -393.050079 871.949810 300.000000
v  -393.050079 871.949810 300.000000
v  -370.108013 865.876931 300.000000
v  -370.108013 865.876931 300.000000
v  -370.108013 865.876931 300.000000
v  -384.952908 775.458592 300.000000
v  -384.952908 775.458592 300.000000
v  -384.952908 775.458592 300.000000
v  -433.535938 788.279075 300.000000
v  -433.535938 788.279075 300.000000
v  -433.535938 788.279075 300.000000
v  -490.584943 799.174094 300.000000
v  -490.584943 799.174094 300.000000
v  -557.691303 802.824013 300.000000
v  -557.691303 802.824013 300.000000
v  -557.691303 802.824013 300.000000
v  -632.774543 793.067897 300.000000
v  -632.774543 793.067897 300.000000
v  -678.549142 772.193512 300.000000
v  -678.549142 772.193512 300.000000
v  -678.549142 772.193512 300.000000
v  -711.994178 741.506072 300.000000
v  -711.994178 741.506072 300.000000
v  -730.040012 707.918668 300.000000
v  -730.040012 707.918668 300.000000
v  -736.504917 666.141722 300.000000
v  -736.504917 666.141722 300.000000
v  -736.504917 666.141722 300.000000
v  -734.630490 642.326279 300.000000
v  -734.630490 642.326279 300.000000
v  -729.757195 622.961956 300.000000
v  -729.757195 622.961956 300.000000
v  -729.757195 622.961956 300.000000
v  -720.431991 594.461270 300.000000
v  -720.431991 594.461270 300.000000
v  -707.552031 571.147601 300.000000
v  -707.552031 571.147601 300.000000
v  -707.552031 571.147601 300.000000
v  -679.516728 535.058924 300.000000
v  -679.516728 535.058924 300.000000
v  -647.436028 502.854008 300.000000
v  -647.436028 502.854008 300.000000
v  -647.436028 502.854008 300.000000
v  -503.711109 367.901224 300.000000
v  -503.711109 367.901224 300.000000
v  -503.711109 367.901224 300.000000
v  -481.869022 344.845263 300.000000
v  -481.869022 344.845263 300.000000
v  -454.738493 311.670517 300.000000
v  -454.738493 311.670517 300.000000
v  -454.738493 311.670517 300.000000
v  -422.362561 263.065746 300.000000
v  -422.362561 263.065746 300.000000
v  -401.171139 216.495329 300.000000
v  -401.171139 216.495329 300.000000
v  -401.171139 216.495329 300.000000
v  -392.371044 182.553538 300.000000
v  -392.371044 182.553538 300.000000
v  -388.834608 141.172660 300.000000
v  -388.834608 141.172660 300.000000
v  -388.834608 141.172660 300.000000
v  -399.720996 63.474882 300.000000
v  -399.720996 63.474882 300.000000
v  -431.770716 -2.645820 300.000000
v  -431.770716 -2.645820 300.000000
v  -490.099940 -64.094015 300.000000
v  -490.099940 -64.094015 300.000000
v  -490.099940 -64.094015 300.000000
v  -542.157835 -95.955618 300.000000
v  -542.157835 -95.955618 300.000000
v  -612.090518 -118.634142 300.000000
v  -612.090518 -118.634142 300.000000
v  -712.889611 -128.468198 300.000000
v  -712.889611 -128.468198 300.000000
v  -712.889611 -128.468198 300.000000
v  -797.874649 -123.443262 300.000000
v  -797.874649 -123.443262 300.000000
v  -885.627632 -107.132517 300.000000
v  -885.627632 -107.132517 300.000000
v  -885.627632 -107.132517 300.000000
v  -940.958385 -91.612949 300.000000
v  -940.958385 -91.612949 300.000000
v  -940.958385 -91.612949 300.000000
v  -289.811020 -3.893648 300.000000
v  -289.811020 -3.893648 300.000000
v  -289.811020 -3.893648 300.000000
v  -252.699261 -12.665581 300.000000
v  -252.699261 -12.665581 300.000000
v  -252.699261 -12.665581 300.000000
v  -163.630371 -32.908496 300.000000
v  -163.630371 -32.908496 300.000000
v  -163.630371 -32.908496 300.000000
v  -132.124586 -38.009944 300.000000
v  -132.124586 -38.009944 300.000000
v  -80.635232 -40.544727 300.000000
v  -80.635232 -40.544727 300.000000
v  -80.635232 -40.544727 300.000000
v  -10.409199 -35.326037 300.000000
v  -10.409199 -35.326037 300.000000
v  38.962547 -22.053585 300.000000
v  38.962547 -22.053585 300.000000
v  75.976253 -3.319248 300.000000
v  75.976253 -3.319248 300.000000
v  75.976253 -3.319248 300.000000
v  118.992080 35.292336 300.000000
v  118.992080 35.292336 300.000000
v  142.672831 79.271127 300.000000
v  142.672831 79.271127 300.000000
v  150.947983 135.105306 300.000000
v  150.947983 135.105306 300.000000
v  150.947983 135.105306 300.000000
v  149.055017 159.230051 300.000000
v  149.055017 159.230051 300.000000
v  144.347538 179.525032 300.000000
v  144.347538 179.525032 300.000000
v  144.347538 179.525032 300.000000
v  129.972168 214.595027 300.000000
v  129.972168 214.595027 300.000000
v  110.672629 245.528612 300.000000
v  110.672629 245.528612 300.000000
v  110.672629 245.528612 300.000000
v  78.954510 284.313393 300.000000
v  78.954510 284.313393 300.000000
v  46.221371 317.968685 300.000000
v  46.221371 317.968685 300.000000
v  46.221371 317.968685 300.000000
v  -38.799171 396.916050 300.000000
v  -38.799171 396.916050 300.000000
v  -38.799171 396.916050 300.000000
v  -76.178178 433.105728 300.000000
v  -76.178178 433.105728 300.000000
v  -100.927949 459.726612 300.000000
v  -100.927949 459.726612 300.000000
v  -100.927949 459.726612 300.000000
v  -127.047014 491.872310 300.000000
v  -127.047014 491.872310 300.000000
v  -152.673802 528.847930 300.000000
v  -152.673802 528.847930 300.000000
v  -152.673802 528.847930 300.000000
v  -187.163002 601.376552 300.000000
v  -187.163002 601.376552 300.000000
v  -196.693783 663.452867 300.000000
v  -196.693783 663.452867 300.000000
v  -196.693783 663.452867 300.000000
v  -188.566398 724.566217 300.000000
v  -188.566398 724.566217 300.000000
v  -166.285863 774.126614 300.000000
v  -166.285863 774.126614 300.000000
v  -127.744168 818.502623 300.000000
v  -127.744168 818.502623 300.000000
v  -127.744168 818.502623 300.000000
v  -59.524142 862.120925 300.000000
v  -59.524142 862.120925 300.000000
v  32.089227 887.879627 300.000000
v  32.089227 887.879627 300.000000
v  32.089227 887.879627 300.000000
v  57.183240 890.455323 300.000000
v  57.183240 890.455323 300.000000
v  89.406128 891.517955 300.000000
v  89.406128 891.517955 300.000000
v  89.406128 891.517955 300.000000
v  165.377696 886.868045 300.000000
v  165.377696 886.868045 300.000000
v  246.626015 871.949810 300.000000
v  246.626015 871.949810 300.000000
v  246.626015 871.949810 300.000000
v  269.568081 865.876931 300.000000
v  269.568081 865.876931 300.000000
v  269.568081 865.876931 300.000000
v  254.723186 775.458592 300.000000
v  254.723186 775.458592 300.000000
v  254.723186 775.458592 300.000000
v  206.140156 788.279075 300.000000
v  206.140156 788.279075 300.000000
v  206.140156 788.279075 300.000000
v  149.091151 799.174094 300.000000
v  149.091151 799.174094 300.000000
v  81.984791 802.824013 300.000000
v  81.984791 802.824013 300.000000
v  81.984791 802.824013 300.000000
v  6.901552 793.067897 300.000000
v  6.901552 793.067897 300.000000
v  -38.873048 772.193512 300.000000
v  -38.873048 772.193512 300.000000
v  -38.873048 772.193512 300.000000
v  -72.318084 741.506072 300.000000
v  -72.318084 741.506072 300.000000
v  -90.363918 707.918668 300.000000
v  -90.363918 707.918668 300.000000
v  -96.828823 666.141722 300.000000
v  -96.828823 666.141722 300.000000
v  -96.828823 666.141722 300.000000
v  -94.954396 642.326279 300.000000
v  -94.954396 642.326279 300.000000
v  -90.081100 622.961956 300.000000
v  -90.081100 622.961956 300.000000
v  -90.081100 622.961956 300.000000
v  -80.755897 594.461270 300.000000
v  -80.755897 594.461270 300.000000
v  -67.875937 571.147601 300.000000
v  -67.875937 571.147601 300.000000
v  -67.875937 571.147601 300.000000
v  -39.840634 535.058924 300.000000
v  -39.840634 535.058924 300.000000
v  -7.759933 502.854008 300.000000
v  -7.759933 502.854008 300.000000
v  -7.759933 502.854008 300.000000
v  135.964985 367.901224 300.000000
v  135.964985 367.901224 300.000000
v  135.964985 367.901224 300.000000
v  157.807072 344.845263 300.000000
v  157.807072 344.845263 300.000000
v  184.937601 311.670517 300.000000
v  184.937601 311.670517 300.000000
v  184.937601 311.670517 300.000000
v  217.313533 263.065746 300.000000
v  217.313533 263.065746 300.000000
v  238.504955 216.495329 300.000000
v  238.504955 216.495329 300.000000
v  238.504955 216.495329 300.000000
v  247.305050 182.553538 300.000000
v  247.305050 182.553538 300.000000
v  250.841487 141.172660 300.000000
v  250.841487 141.172660 300.000000
v  250.841487 141.172660 300.000000
v  239.955098 63.474882 300.000000
v  239.955098 63.474882 300.000000
v  207.905379 -2.645820 300.000000
v  207.905379 -2.645820 300.000000
v  149.576155 -64.094015 300.000000
v  149.576155 -64.094015 300.000000
v  149.576155 -64.094015 300.000000
v  97.518259 -95.955618 300.000000
v  97.518259 -95.955618 300.000000
v  27.585576 -118.634142 300.000000
v  27.585576 -118.634142 300.000000
v  -73.213517 -128.468198 300.000000
v  -73.213517 -128.468198 300.000000
v  -73.213517 -128.468198 300.000000
v  -158.198555 -123.443262 300.000000
v  -158.198555 -123.443262 300.000000
v  -245.951538 -107.132517 300.000000
v  -245.951538 -107.132517 300.000000
v  -245.951538 -107.132517 300.000000
v  -301.282291 -91.612949 300.000000
v  -301.282291 -91.612949 300.000000
v  -301.282291 -91.612949 300.000000
v  361.335869 35.242650 300.000000
v  361.335869 35.242650 300.000000
v  361.335869 35.242650 300.000000
v  534.750099 411.086101 300.000000
v  534.750099 411.086101 300.000000
v  534.750099 411.086101 300.000000
v  667.003746 697.860736 300.000000
v  667.003746 697.860736 300.000000
v  667.003746 697.860736 300.000000
v  689.199523 752.446454 300.000000
v  689.199523 752.446454 300.000000
v  706.140156 804.473418 300.000000
v  706.140156 804.473418 300.000000
v  706.140156 804.473418 300.000000
v  718.286152 847.658295 300.000000
v  718.286152 847.658295 300.000000
v  718.286152 847.658295 300.000000
v  884.952660 891.517955 300.000000
v  884.952660 891.517955 300.000000
v  884.952660 891.517955 300.000000
v  886.976833 840.235907 300.000000
v  886.976833 840.235907 300.000000
v  886.976833 840.235907 300.000000
v  888.358440 815.305910 300.000000
v  888.358440 815.305910 300.000000
v  890.574040 788.417107 300.000000
v  890.574040 788.417107 300.000000
v  893.571741 759.542118 300.000000
v  893.571741 759.542118 300.000000
v  897.303676 728.656511 300.000000
v  897.303676 728.656511 300.000000
v  901.724249 695.738109 300.000000
v  901.724249 695.738109 300.000000
v  906.789069 660.766600 300.000000
v  906.789069 660.766600 300.000000
v  912.454289 623.723303 300.000000
v  912.454289 623.723303 300.000000
v  918.676177 584.591034 300.000000
v  918.676177 584.591034 300.000000
v  925.410844 543.354040 300.000000
v  925.410844 543.354040 300.000000
v  932.614065 499.997972 300.000000
v  932.614065 499.997972 300.000000
v  932.614065 499.997972 300.000000
v  946.092640 420.994609 300.000000
v  946.092640 420.994609 300.000000
v  958.979272 348.679717 300.000000
v  958.979272 348.679717 300.000000
v  971.228343 283.068604 300.000000
v  971.228343 283.068604 300.000000
v  982.793446 224.176514 300.000000
v  982.793446 224.176514 300.000000
v  982.793446 224.176514 300.000000
v  1019.905205 48.737931 300.000000
v  1019.905205 48.737931 300.000000
v  1019.905205 48.737931 300.000000
v  1057.017441 -108.482045 300.000000
v  1057.017441 -108.482045 300.000000
v  1057.017441 -108.482045 300.000000
v  944.331760 -108.482045 300.000000
v  944.331760 -108.482045 300.000000
v  944.331760 -108.482045 300.000000
v  913.292522 73.029432 300.000000
v  913.292522 73.029432 300.000000
v  913.292522 73.029432 300.000000
v  884.277935 227.550346 300.000000
v  884.277935 227.550346 300.000000
v  884.277935 227.550346 300.000000
v  548.920269 227.550346 300.000000
v  548.920269 227.550346 300.000000
v  548.920269 227.550346 300.000000
v  477.395172 58.859381 300.000000
v  477.395172 58.859381 300.000000
v  477.395172 58.859381 300.000000
v  455.725555 4.721462 300.000000
v  455.725555 4.721462 300.000000
v  438.933964 -41.680422 300.000000
v  438.933964 -41.680422 300.000000
v  438.933964 -41.680422 300.000000
v  417.341347 -108.482045 300.000000
v  417.341347 -108.482045 300.000000
v  417.341347 -108.482045 300.000000
v  290.485497 -108.482045 300.000000
v  290.485497 -108.482045 300.000000
v  290.485497 -108.482045 300.000000
v  581.308956 306.497711 300.000000
v  581.308956 306.497711 300.000000
v  581.308956 306.497711 300.000000
v  874.156590 306.497711 300.000000
v  874.156590 306.497711 300.000000
v  874.156590 306.497711 300.000000
v  847.165699 479.912001 300.000000
v  847.165699 479.912001 300.000000
v  847.165699 479.912001 300.000000
v  818.825836 671.544928 300.000000
v  818.825836 671.544928 300.000000
v  818.825836 671.544928 300.000000
v  800.607319 796.376246 300.000000
v  800.607319 796.376246 300.000000
v  800.607319 796.376246 300.000000
v  729.082222 631.059128 300.000000
v  729.082222 631.059128 300.000000
v  729.082222 631.059128 300.000000
v  707.469690 581.331189 300.000000
v  707.469690 581.331189 300.000000
v  687.387321 535.578169 300.000000
v  687.387321 535.578169 300.000000
v  668.840653 493.793925 300.000000
v  668.840653 493.793925 300.000000
v  651.835180 455.972334 300.000000
v  651.835180 455.972334 300.000000
v  636.376347 422.107296 300.000000
v  636.376347 422.107296 300.000000
v  622.469540 392.192739 300.000000
v  622.469540 392.192739 300.000000
v  622.469540 392.192739 300.000000
v  1216.261501 -32.233734 300.000000
v  1216.261501 -32.233734 300.000000
v  1216.261501 -32.233734 300.000000
v  1233.317698 58.171614 300.000000
v  1233.317698 58.171614 300.000000
v  1246.626015 143.879640 300.000000
v  1246.626015 143.879640 300.000000
v  1246.626015 143.879640 300.000000
v  1308.029766 584.500391 300.000000
v  1308.029766 584.500391 300.000000
v  1308.029766 584.500391 300.000000
v  1312.694398 619.639428 300.000000
v  1312.694398 619.639428 300.000000
v  1316.670828 652.633495 300.000000
v  1316.670828 652.633495 300.000000
v  1320.067819 683.438712 300.000000
v  1320.067819 683.438712 300.000000
v  1322.997281 712.019000 300.000000
v  1322.997281 712.019000 300.000000
v  1325.573559 738.346595 300.000000
v  1325.573559 738.346595 300.000000
v  1325.573559 738.346595 300.000000
v  1326.923008 811.221081 300.000000
v  1326.923008 811.221081 300.000000
v  1326.923008 811.221081 300.000000
v  1323.548908 871.275026 300.000000
v  1323.548908 871.275026 300.000000
v  1323.548908 871.275026 300.000000
v  1454.453106 871.275026 300.000000
v  1454.453106 871.275026 300.000000
v  1454.453106 871.275026 300.000000
v  1431.511517 761.288542 300.000000
v  1431.511517 761.288542 300.000000
v  1431.511517 761.288542 300.000000
v  1414.530782 671.680819 300.000000
v  1414.530782 671.680819 300.000000
v  1402.496452 588.548976 300.000000
v  1402.496452 588.548976 300.000000
v  1402.496452 588.548976 300.000000
v  1356.612797 249.142784 300.000000
v  1356.612797 249.142784 300.000000
v  1356.612797 249.142784 300.000000
v  1316.801662 -29.534679 300.000000
v  1316.801662 -29.534679 300.000000
v  1316.801662 -29.534679 300.000000
v  1462.550278 -30.209441 300.000000
v  1462.550278 -30.209441 300.000000
v  1462.550278 -30.209441 300.000000
v  1561.339241 -28.494065 300.000000
v  1561.339241 -28.494065 300.000000
v  1657.557125 -22.787039 300.000000
v  1657.557125 -22.787039 300.000000
v  1657.557125 -22.787039 300.000000
v  1707.489605 -19.413222 300.000000
v  1707.489605 -19.413222 300.000000
v  1707.489605 -19.413222 300.000000
v  1687.246914 -108.482045 300.000000
v  1687.246914 -108.482045 300.000000
v  1687.246914 -108.482045 300.000000
v  1200.067158 -108.482045 300.000000
v  1200.067158 -108.482045 300.000000
v  1200.067158 -108.482045 300.000000
v  1853.913422 9.601626 300.000000
v  1853.913422 9.601626 300.000000
v  1853.913422 9.601626 300.000000
v  1926.113243 440.100926 300.000000
v  1926.113243 440.100926 300.000000
v  1926.113243 440.100926 300.000000
v  1932.622300 479.055632 300.000000
v  1932.622300 479.055632 300.000000
v  1938.715119 515.811560 300.000000
v  1938.715119 515.811560 300.000000
v  1944.393121 550.370610 300.000000
v  1944.393121 550.370610 300.000000
v  1949.657721 582.734667 300.000000
v  1949.657721 582.734667 300.000000
v  1954.510322 612.905610 300.000000
v  1954.510322 612.905610 300.000000
v  1958.952321 640.885304 300.000000
v  1958.952321 640.885304 300.000000
v  1962.985105 666.675602 300.000000
v  1962.985105 666.675602 300.000000
v  1966.610053 690.278347 300.000000
v  1966.610053 690.278347 300.000000
v  1969.828534 711.695373 300.000000
v  1969.828534 711.695373 300.000000
v  1972.641903 730.928502 300.000000
v  1972.641903 730.928502 300.000000
v  1972.641903 730.928502 300.000000
v  1977.967252 775.344280 300.000000
v  1977.967252 775.344280 300.000000
v  1981.443996 827.415365 300.000000
v  1981.443996 827.415365 300.000000
v  1981.443996 827.415365 300.000000
v  1982.793446 871.275026 300.000000
v  1982.793446 871.275026 300.000000
v  1982.793446 871.275026 300.000000
v  2138.663883 871.275026 300.000000
v  2138.663883 871.275026 300.000000
v  2138.663883 871.275026 300.000000
v  2162.955399 743.069905 300.000000
v  2162.955399 743.069905 300.000000
v  2162.955399 743.069905 300.000000
v  2185.333875 630.400957 300.000000
v  2185.333875 630.400957 300.000000
v  2212.887878 506.902594 300.000000
v  2212.887878 506.902594 300.000000
v  2212.887878 506.902594 300.000000
v  2274.966354 226.875592 300.000000
v  2274.966354 226.875592 300.000000
v  2274.966354 226.875592 300.000000
v  2287.133098 167.087189 300.000000
v  2287.133098 167.087189 300.000000
v  2309.379215 39.291236 300.000000
v  2309.379215 39.291236 300.000000
v  2309.379215 39.291236 300.000000
v  2322.199459 -42.355191 300.000000
v  2322.199459 -42.355191 300.000000
v  2322.199459 -42.355191 300.000000
v  2351.889248 29.844541 300.000000
v  2351.889248 29.844541 300.000000
v  2351.889248 29.844541 300.000000
v  2410.593624 166.146833 300.000000
v  2410.593624 166.146833 300.000000
v  2410.593624 166.146833 300.000000
v  2490.215893 339.561153 300.000000
v  2490.215893 339.561153 300.000000
v  2490.215893 339.561153 300.000000
v  2503.577894 368.505341 300.000000
v  2503.577894 368.505341 300.000000
v  2516.805771 396.865350 300.000000
v  2516.805771 396.865350 300.000000
v  2529.884901 424.644359 300.000000
v  2529.884901 424.644359 300.000000
v  2542.800992 451.846067 300.000000
v  2542.800992 451.846067 300.000000
v  2555.540103 478.474681 300.000000
v  2555.540103 478.474681 300.000000
v  2568.088651 504.534888 300.000000
v  2568.088651 504.534888 300.000000
v  2580.433418 530.031840 300.000000
v  2580.433418 530.031840 300.000000
v  2592.561557 554.971128 300.000000
v  2592.561557 554.971128 300.000000
v  2604.460594 579.358764 300.000000
v  2604.460594 579.358764 300.000000
v  2616.118426 603.201160 300.000000
v  2616.118426 603.201160 300.000000
v  2627.523315 626.505109 300.000000
v  2627.523315 626.505109 300.000000
v  2638.663883 649.277765 300.000000
v  2638.663883 649.277765 300.000000
v  2638.663883 649.277765 300.000000
v  2749.999638 871.275026 300.000000
v  2749.999638 871.275026 300.000000
v  2749.999638 871.275026 300.000000
v  2909.244175 871.275026 300.000000
v  2909.244175 871.275026 300.000000
v  2909.244175 871.275026 300.000000
v  2891.025181 755.890447 300.000000
v  2891.025181 755.890447 300.000000
v  2891.025181 755.890447 300.000000
v  2888.385438 738.708792 300.000000
v  2888.385438 738.708792 300.000000
v  2885.681977 720.209857 300.000000
v  2885.681977 720.209857 300.000000
v  2882.911678 700.393874 300.000000
v  2882.911678 700.393874 300.000000
v  2880.071470 679.261078 300.000000
v  2880.071470 679.261078 300.000000
v  2877.158317 656.811714 300.000000
v  2877.158317 656.811714 300.000000
v  2874.169208 633.046034 300.000000
v  2874.169208 633.046034 300.000000
v  2871.101154 607.964301 300.000000
v  2871.101154 607.964301 300.000000
v  2867.951179 581.566785 300.000000
v  2867.951179 581.566785 300.000000
v  2864.716321 553.853765 300.000000
v  2864.716321 553.853765 300.000000
v  2861.393627 524.825530 300.000000
v  2861.393627 524.825530 300.000000
v  2857.980153 494.482378 300.000000
v  2857.980153 494.482378 300.000000
v  2854.472960 462.824617 300.000000
v  2854.472960 462.824617 300.000000
v  2850.869118 429.852562 300.000000
v  2850.869118 429.852562 300.000000
v  2847.165699 395.566541 300.000000
v  2847.165699 395.566541 300.000000
v  2847.165699 395.566541 300.000000
v  2821.524734 160.073954 300.000000
v  2821.524734 160.073954 300.000000
v  2821.524734 160.073954 300.000000
v  2815.408121 102.183269 300.000000
v  2815.408121 102.183269 300.000000
v  2810.580195 51.866941 300.000000
v  2810.580195 51.866941 300.000000
v  2807.175069 9.096486 300.000000
v  2807.175069 9.096486 300.000000
v  2805.330391 -26.160855 300.000000
v  2805.330391 -26.160855 300.000000
v  2805.330391 -26.160855 300.000000
v  2803.306217 -108.482045 300.000000
v  2803.306217 -108.482045 300.000000
v  2803.306217 -108.482045 300.000000
v  2693.319912 -108.482045 300.000000
v  2693.319912 -108.482045 300.000000
v  2693.319912 -108.482045 300.000000
v  2720.310326 72.354663 300.000000
v  2720.310326 72.354663 300.000000
v  2720.310326 72.354663 300.000000
v  2772.941704 494.082052 300.000000
v  2772.941704 494.082052 300.000000
v  2772.941704 494.082052 300.000000
v  2809.379215 795.701462 300.000000
v  2809.379215 795.701462 300.000000
v  2809.379215 795.701462 300.000000
v  2770.917530 731.598932 300.000000
v  2770.917530 731.598932 300.000000
v  2770.917530 731.598932 300.000000
v  2763.217636 718.365340 300.000000
v  2763.217636 718.365340 300.000000
v  2754.702013 702.981284 300.000000
v  2754.702013 702.981284 300.000000
v  2745.363822 685.448921 300.000000
v  2745.363822 685.448921 300.000000
v  2735.196811 665.770178 300.000000
v  2735.196811 665.770178 300.000000
v  2724.195053 643.946864 300.000000
v  2724.195053 643.946864 300.000000
v  2712.352809 619.980731 300.000000
v  2712.352809 619.980731 300.000000
v  2699.664456 593.873505 300.000000
v  2699.664456 593.873505 300.000000
v  2686.124450 565.626901 300.000000
v  2686.124450 565.626901 300.000000
v  2671.727295 535.242635 300.000000
v  2671.727295 535.242635 300.000000
v  2671.727295 535.242635 300.000000
v  2573.211784 329.439688 300.000000
v  2573.211784 329.439688 300.000000
v  2573.211784 329.439688 300.000000
v  2544.553214 268.668411 300.000000
v  2544.553214 268.668411 300.000000
v  2512.827831 199.391013 300.000000
v  2512.827831 199.391013 300.000000
v  2478.232151 121.587293 300.000000
v  2478.232151 121.587293 300.000000
v  2440.958138 35.242650 300.000000
v  2440.958138 35.242650 300.000000
v  2440.958138 35.242650 300.000000
v  2379.554386 -108.482045 300.000000
v  2379.554386 -108.482045 300.000000
v  2379.554386 -108.482045 300.000000
v  2246.626015 -128.050196 300.000000
v  2246.626015 -128.050196 300.000000
v  2246.626015 -128.050196 300.000000
v  2240.553017 -62.598102 300.000000
v  2240.553017 -62.598102 300.000000
v  2240.553017 -62.598102 300.000000
v  2232.455845 -5.917941 300.000000
v  2232.455845 -5.917941 300.000000
v  2232.455845 -5.917941 300.000000
v  2216.936226 78.427541 300.000000
v  2216.936226 78.427541 300.000000
v  2216.936226 78.427541 300.000000
v  2177.125568 270.060468 300.000000
v  2177.125568 270.060468 300.000000
v  2177.125568 270.060468 300.000000
v  2063.765163 795.701462 300.000000
v  2063.765163 795.701462 300.000000
v  2063.765163 795.701462 300.000000
v  2009.109135 443.474788 300.000000
v  2009.109135 443.474788 300.000000
v  2009.109135 443.474788 300.000000
v  1966.599102 175.593543 300.000000
v  1966.599102 175.593543 300.000000
v  1966.599102 175.593543 300.000000
v  1955.128307 91.922808 300.000000
v  1955.128307 91.922808 300.000000
v  1955.128307 91.922808 300.000000
v  1946.355934 14.324974 300.000000
v  1946.355934 14.324974 300.000000
v  1946.355934 14.324974 300.000000
v  1935.559864 -108.482045 300.000000
v  1935.559864 -108.482045 300.000000
v  1935.559864 -108.482045 300.000000
v  1828.272457 -108.482045 300.000000
v  1828.272457 -108.482045 300.000000
v  1828.272457 -108.482045 300.000000
v  2997.638340 35.242650 300.000000
v  2997.638340 35.242650 300.000000
v  2997.638340 35.242650 300.000000
v  3171.052570 411.086101 300.000000
v  3171.052570 411.086101 300.000000
v  3171.052570 411.086101 300.000000
v  3303.306217 697.860736 300.000000
v  3303.306217 697.860736 300.000000
v  3303.306217 697.860736 300.000000
v  3325.501872 752.446242 300.000000
v  3325.501872 752.446242 300.000000
v  3342.442150 804.473418 300.000000
v  3342.442150 804.473418 300.000000
v  3342.442150 804.473418 300.000000
v  3354.588146 847.658295 300.000000
v  3354.588146 847.658295 300.000000
v  3354.588146 847.658295 300.000000
v  3521.255131 891.517955 300.000000
v  3521.255131 891.517955 300.000000
v  3521.255131 891.517955 300.000000
v  3523.278828 840.235907 300.000000
v  3523.278828 840.235907 300.000000
v  3523.278828 840.235907 300.000000
v  3524.660260 815.305839 300.000000
v  3524.660260 815.305839 300.000000
v  3526.875763 788.417000 300.000000
v  3526.875763 788.417000 300.000000
v  3529.873429 759.542000 300.000000
v  3529.873429 759.542000 300.000000
v  3533.605383 728.656399 300.000000
v  3533.605383 728.656399 300.000000
v  3538.026013 695.738013 300.000000
v  3538.026013 695.738013 300.000000
v  3543.090920 660.766526 300.000000
v  3543.090920 660.766526 300.000000
v  3548.756246 623.723249 300.000000
v  3548.756246 623.723249 300.000000
v  3554.978246 584.590996 300.000000
v  3554.978246 584.590996 300.000000
v  3561.713022 543.354009 300.000000
v  3561.713022 543.354009 300.000000
v  3568.916338 499.997935 300.000000
v  3568.916338 499.997935 300.000000
v  3568.916338 499.997935 300.000000
v  3582.394933 420.994713 300.000000
v  3582.394933 420.994713 300.000000
v  3595.281453 348.679867 300.000000
v  3595.281453 348.679867 300.000000
v  3607.530388 283.068715 300.000000
v  3607.530388 283.068715 300.000000
v  3619.095440 224.176514 300.000000
v  3619.095440 224.176514 300.000000
v  3619.095440 224.176514 300.000000
v  3656.207676 48.737931 300.000000
v  3656.207676 48.737931 300.000000
v  3656.207676 48.737931 300.000000
v  3693.319912 -108.482045 300.000000
v  3693.319912 -108.482045 300.000000
v  3693.319912 -108.482045 300.000000
v  3580.633755 -108.482045 300.000000
v  3580.633755 -108.482045 300.000000
v  3580.633755 -108.482045 300.000000
v  3549.595470 73.029432 300.000000
v  3549.595470 73.029432 300.000000
v  3549.595470 73.029432 300.000000
v  3520.579929 227.550346 300.000000
v  3520.579929 227.550346 300.000000
v  3520.579929 227.550346 300.000000
v  3185.222263 227.550346 300.000000
v  3185.222263 227.550346 300.000000
v  3185.222263 227.550346 300.000000
v  3113.697643 58.859381 300.000000
v  3113.697643 58.859381 300.000000
v  3113.697643 58.859381 300.000000
v  3092.028059 4.721584 300.000000
v  3092.028059 4.721584 300.000000
v  3075.235958 -41.680422 300.000000
v  3075.235958 -41.680422 300.000000
v  3075.235958 -41.680422 300.000000
v  3053.643818 -108.482045 300.000000
v  3053.643818 -108.482045 300.000000
v  3053.643818 -108.482045 300.000000
v  2926.787968 -108.482045 300.000000
v  2926.787968 -108.482045 300.000000
v  2926.787968 -108.482045 300.000000
v  3217.610950 306.497711 300.000000
v  3217.610950 306.497711 300.000000
v  3217.610950 306.497711 300.000000
v  3510.458584 306.497711 300.000000
v  3510.458584 306.497711 300.000000
v  3510.458584 306.497711 300.000000
v  3483.467693 479.912001 300.000000
v  3483.467693 479.912001 300.000000
v  3483.467693 479.912001 300.000000
v  3455.128307 671.544928 300.000000
v  3455.128307 671.544928 300.000000
v  3455.128307 671.544928 300.000000
v  3436.909313 796.376246 300.000000
v  3436.909313 796.376246 300.000000
v  3436.909313 796.376246 300.000000
v  3365.384693 631.059128 300.000000
v  3365.384693 631.059128 300.000000
v  3365.384693 631.059128 300.000000
v  3343.772219 581.331166 300.000000
v  3343.772219 581.331166 300.000000
v  3323.689793 535.578149 300.000000
v  3323.689793 535.578149 300.000000
v  3305.142997 493.793923 300.000000
v  3305.142997 493.793923 300.000000
v  3288.137372 455.972350 300.000000
v  3288.137372 455.972350 300.000000
v  3272.678408 422.107318 300.000000
v  3272.678408 422.107318 300.000000
v  3258.771534 392.192739 300.000000
v  3258.771534 392.192739 300.000000
v  3258.771534 392.192739 300.000000
v  3863.360043 -5.917941 300.000000
v  3863.360043 -5.917941 300.000000
v  3863.360043 -5.917941 300.000000
v  3864.642063 -0.384465 300.000000
v  3864.642063 -0.384465 300.000000
v  3865.937246 5.720373 300.000000
v  3865.937246 5.720373 300.000000
v  3867.251143 12.396183 300.000000
v  3867.251143 12.396183 300.000000
v  3868.589010 19.642531 300.000000
v  3868.589010 19.642531 300.000000
v  3869.955910 27.458931 300.000000
v  3869.955910 27.458931 300.000000
v  3871.356774 35.844846 300.000000
v  3871.356774 35.844846 300.000000
v  3872.796435 44.799687 300.000000
v  3872.796435 44.799687 300.000000
v  3874.279653 54.322811 300.000000
v  3874.279653 54.322811 300.000000
v  3875.811130 64.413523 300.000000
v  3875.811130 64.413523 300.000000
v  3877.395519 75.071075 300.000000
v  3877.395519 75.071075 300.000000
v  3879.037433 86.294671 300.000000
v  3879.037433 86.294671 300.000000
v  3880.741448 98.083459 300.000000
v  3880.741448 98.083459 300.000000
v  3882.512106 110.436541 300.000000
v  3882.512106 110.436541 300.000000
v  3884.353918 123.352966 300.000000
v  3884.353918 123.352966 300.000000
v  3886.271364 136.831737 300.000000
v  3886.271364 136.831737 300.000000
v  3888.268895 150.871805 300.000000
v  3888.268895 150.871805 300.000000
v  3890.350933 165.472079 300.000000
v  3890.350933 165.472079 300.000000
v  3890.350933 165.472079 300.000000
v  3948.380108 583.150882 300.000000
v  3948.380108 583.150882 300.000000
v  3948.380108 583.150882 300.000000
v  3959.265564 667.160730 300.000000
v  3959.265564 667.160730 300.000000
v  3967.346934 742.203481 300.000000
v  3967.346934 742.203481 300.000000
v  3972.672100 808.522004 300.000000
v  3972.672100 808.522004 300.000000
v  3972.672100 808.522004 300.000000
v  3976.046200 871.275026 300.000000
v  3976.046200 871.275026 300.000000
v  3976.046200 871.275026 300.000000
v  4113.697643 871.275026 300.000000
v  4113.697643 871.275026 300.000000
v  4113.697643 871.275026 300.000000
v  4140.013332 823.366779 300.000000
v  4140.013332 823.366779 300.000000
v  4140.013332 823.366779 300.000000
v  4145.080238 813.937661 300.000000
v  4145.080238 813.937661 300.000000
v  4150.276958 803.876094 300.000000
v  4150.276958 803.876094 300.000000
v  4155.613204 793.183406 300.000000
v  4155.613204 793.183406 300.000000
v  4161.098157 781.860946 300.000000
v  4161.098157 781.860946 300.000000
v  4166.740609 769.910112 300.000000
v  4166.740609 769.910112 300.000000
v  4172.549066 757.332375 300.000000
v  4172.549066 757.332375 300.000000
v  4178.531812 744.129297 300.000000
v  4178.531812 744.129297 300.000000
v  4184.696968 730.302540 300.000000
v  4184.696968 730.302540 300.000000
v  4191.052519 715.853879 300.000000
v  4191.052519 715.853879 300.000000
v  4197.606347 700.785205 300.000000
v  4197.606347 700.785205 300.000000
v  4204.366248 685.098531 300.000000
v  4204.366248 685.098531 300.000000
v  4211.339946 668.796002 300.000000
v  4211.339946 668.796002 300.000000
v  4218.535102 651.879889 300.000000
v  4218.535102 651.879889 300.000000
v  4225.959324 634.352601 300.000000
v  4225.959324 634.352601 300.000000
v  4233.620167 616.216680 300.000000
v  4233.620167 616.216680 300.000000
v  4241.525140 597.474810 300.000000
v  4241.525140 597.474810 300.000000
v  4249.681708 578.129810 300.000000
v  4249.681708 578.129810 300.000000
v  4258.097286 558.184642 300.000000
v  4258.097286 558.184642 300.000000
v  4258.097286 558.184642 300.000000
v  4358.636494 317.293930 300.000000
v  4358.636494 317.293930 300.000000
v  4358.636494 317.293930 300.000000
v  4364.104930 303.974319 300.000000
v  4364.104930 303.974319 300.000000
v  4369.937410 289.357888 300.000000
v  4369.937410 289.357888 300.000000
v  4376.140508 273.443771 300.000000
v  4376.140508 273.443771 300.000000
v  4382.720758 256.231096 300.000000
v  4382.720758 256.231096 300.000000
v  4389.684686 237.718992 300.000000
v  4389.684686 237.718992 300.000000
v  4397.038838 217.906596 300.000000
v  4397.038838 217.906596 300.000000
v  4404.789785 196.793059 300.000000
v  4404.789785 196.793059 300.000000
v  4412.944139 174.377548 300.000000
v  4412.944139 174.377548 300.000000
v  4421.508558 150.659254 300.000000
v  4421.508558 150.659254 300.000000
v  4430.489749 125.637385 300.000000
v  4430.489749 125.637385 300.000000
v  4439.894476 99.311178 300.000000
v  4439.894476 99.311178 300.000000
v  4449.729557 71.679893 300.000000
v  4449.729557 71.679893 300.000000
v  4449.729557 71.679893 300.000000
v  4487.516994 -36.282313 300.000000
v  4487.516994 -36.282313 300.000000
v  4487.516994 -36.282313 300.000000
v  4505.735035 117.563832 300.000000
v  4505.735035 117.563832 300.000000
v  4505.735035 117.563832 300.000000
v  4540.148373 389.493662 300.000000
v  4540.148373 389.493662 300.000000
v  4540.148373 389.493662 300.000000
v  4579.284306 670.195419 300.000000
v  4579.284306 670.195419 300.000000
v  4579.284306 670.195419 300.000000
v  4588.113216 747.620798 300.000000
v  4588.113216 747.620798 300.000000
v  4594.804401 832.138735 300.000000
v  4594.804401 832.138735 300.000000
v  4594.804401 832.138735 300.000000
v  4596.828098 871.275026 300.000000
v  4596.828098 871.275026 300.000000
v  4596.828098 871.275026 300.000000
v  4704.790707 871.275026 300.000000
v  4704.790707 871.275026 300.000000
v  4704.790707 871.275026 300.000000
v  4689.271564 790.978152 300.000000
v  4689.271564 790.978152 300.000000
v  4689.271564 790.978152 300.000000
v  4680.711803 743.001843 300.000000
v  4680.711803 743.001843 300.000000
v  4672.170530 687.872288 300.000000
v  4672.170530 687.872288 300.000000
v  4663.630123 625.661034 300.000000
v  4663.630123 625.661034 300.000000
v  4663.630123 625.661034 300.000000
v  4622.469540 328.764934 300.000000
v  4622.469540 328.764934 300.000000
v  4622.469540 328.764934 300.000000
v  4582.658405 36.592174 300.000000
v  4582.658405 36.592174 300.000000
v  4582.658405 36.592174 300.000000
v  4575.911160 -20.087984 300.000000
v  4575.911160 -20.087984 300.000000
v  4575.911160 -20.087984 300.000000
v  4567.139263 -108.482045 300.000000
v  4567.139263 -108.482045 300.000000
v  4567.139263 -108.482045 300.000000
v  4430.836315 -128.050196 300.000000
v  4430.836315 -128.050196 300.000000
v  4430.836315 -128.050196 300.000000
v  4347.165699 103.393796 300.000000
v  4347.165699 103.393796 300.000000
v  4347.165699 103.393796 300.000000
v  4340.261767 122.223334 300.000000
v  4340.261767 122.223334 300.000000
v  4332.997575 141.537363 300.000000
v  4332.997575 141.537363 300.000000
v  4325.382691 161.343562 300.000000
v  4325.382691 161.343562 300.000000
v  4317.426529 181.649148 300.000000
v  4317.426529 181.649148 300.000000
v  4309.138418 202.460932 300.000000
v  4309.138418 202.460932 300.000000
v  4300.527631 223.785350 300.000000
v  4300.527631 223.785350 300.000000
v  4291.603410 245.628494 300.000000
v  4291.603410 245.628494 300.000000
v  4282.375003 267.996133 300.000000
v  4282.375003 267.996133 300.000000
v  4272.851675 290.893736 300.000000
v  4272.851675 290.893736 300.000000
v  4263.042719 314.326478 300.000000
v  4263.042719 314.326478 300.000000
v  4252.957479 338.299260 300.000000
v  4252.957479 338.299260 300.000000
v  4242.605343 362.816712 300.000000
v  4242.605343 362.816712 300.000000
v  4231.995760 387.883200 300.000000
v  4231.995760 387.883200 300.000000
v  4221.138238 413.502837 300.000000
v  4221.138238 413.502837 300.000000
v  4210.042343 439.679478 300.000000
v  4210.042343 439.679478 300.000000
v  4198.717709 466.416735 300.000000
v  4198.717709 466.416735 300.000000
v  4198.717709 466.416735 300.000000
v  4059.716816 785.580057 300.000000
v  4059.716816 785.580057 300.000000
v  4059.716816 785.580057 300.000000
v  4005.060787 337.536860 300.000000
v  4005.060787 337.536860 300.000000
v  4005.060787 337.536860 300.000000
v  3976.720448 117.563832 300.000000
v  3976.720448 117.563832 300.000000
v  3976.720448 117.563832 300.000000
v  3969.634557 60.018525 300.000000
v  3969.634557 60.018525 300.000000
v  3964.372156 10.117802 300.000000
v  3964.372156 10.117802 300.000000
v  3961.201305 -32.233734 300.000000
v  3961.201305 -32.233734 300.000000
v  3961.201305 -32.233734 300.000000
v  3957.827206 -108.482045 300.000000
v  3957.827206 -108.482045 300.000000
v  3957.827206 -108.482045 300.000000
v  3838.393803 -108.482045 300.000000
v  3838.393803 -108.482045 300.000000
v  3838.393803 -108.482045 300.000000
v  4847.840900 73.029432 300.000000
v  4847.840900 73.029432 300.000000
v  4847.840900 73.029432 300.000000
v  4887.652035 359.804052 300.000000
v  4887.652035 359.804052 300.000000
v  4887.652035 359.804052 300.000000
v  4926.787968 646.578688 300.000000
v  4926.787968 646.578688 300.000000
v  4926.787968 646.578688 300.000000
v  4928.793821 662.830437 300.000000
v  4928.793821 662.830437 300.000000
v  4930.739553 682.347636 300.000000
v  4930.739553 682.347636 300.000000
v  4932.349393 702.164642 300.000000
v  4932.349393 702.164642 300.000000
v  4933.722072 721.864466 300.000000
v  4933.722072 721.864466 300.000000
v  4934.983496 741.552881 300.000000
v  4934.983496 741.552881 300.000000
v  4936.235065 761.288542 300.000000
v  4936.235065 761.288542 300.000000
v  4936.235065 761.288542 300.000000
v  4937.584515 871.275026 300.000000
v  4937.584515 871.275026 300.000000
v  4937.584515 871.275026 300.000000
v  5058.367367 871.275026 300.000000
v  5058.367367 871.275026 300.000000
v  5058.367367 871.275026 300.000000
v  5048.245068 815.269667 300.000000
v  5048.245068 815.269667 300.000000
v  5048.245068 815.269667 300.000000
v  5027.328129 682.341177 300.000000
v  5027.328129 682.341177 300.000000
v  5027.328129 682.341177 300.000000
v  4965.923901 223.501760 300.000000
v  4965.923901 223.501760 300.000000
v  4965.923901 223.501760 300.000000
v  4942.307110 36.592174 300.000000
v  4942.307110 36.592174 300.000000
v  4942.307110 36.592174 300.000000
v  4928.812618 -108.482045 300.000000
v  4928.812618 -108.482045 300.000000
v  4928.812618 -108.482045 300.000000
v  4816.801662 -108.482045 300.000000
v  4816.801662 -108.482045 300.000000
v  4816.801662 -108.482045 300.000000

vt  0.006502 0.747952 0.000000
vt  0.006502 0.747952 0.000000
vt  0.006502 0.747952 0.000000
vt  0.001765 0.615035 0.000000
vt  0.001765 0.615035 0.000000
vt  0.000000 0.456214 0.000000
vt  0.000000 0.456214 0.000000
vt  0.000000 0.456214 0.000000
vt  0.000980 0.336907 0.000000
vt  0.000980 0.336907 0.000000
vt  0.003665 0.238108 0.000000
vt  0.003665 0.238108 0.000000
vt  0.007829 0.153184 0.000000
vt  0.007829 0.153184 0.000000
vt  0.007829 0.153184 0.000000
vt  0.013441 0.081925 0.000000
vt  0.013441 0.081925 0.000000
vt  0.019390 0.036850 0.000000
vt  0.019390 0.036850 0.000000
vt  0.026042 0.010005 0.000000
vt  0.026042 0.010005 0.000000
vt  0.034049 0.000113 0.000000
vt  0.034049 0.000113 0.000000
vt  0.034049 0.000113 0.000000
vt  0.043618 0.011642 0.000000
vt  0.043618 0.011642 0.000000
vt  0.052008 0.045163 0.000000
vt  0.052008 0.045163 0.000000
vt  0.059943 0.104223 0.000000
vt  0.059943 0.104223 0.000000
vt  0.067903 0.201707 0.000000
vt  0.067903 0.201707 0.000000
vt  0.067903 0.201707 0.000000
vt  0.074329 0.324600 0.000000
vt  0.074329 0.324600 0.000000
vt  0.078097 0.452301 0.000000
vt  0.078097 0.452301 0.000000
vt  0.079369 0.590504 0.000000
vt  0.079369 0.590504 0.000000
vt  0.079369 0.590504 0.000000
vt  0.078192 0.713018 0.000000
vt  0.078192 0.713018 0.000000
vt  0.075315 0.804136 0.000000
vt  0.075315 0.804136 0.000000
vt  0.071147 0.875227 0.000000
vt  0.071147 0.875227 0.000000
vt  0.071147 0.875227 0.000000
vt  0.066093 0.928547 0.000000
vt  0.066093 0.928547 0.000000
vt  0.060338 0.965813 0.000000
vt  0.060338 0.965813 0.000000
vt  0.053475 0.989896 0.000000
vt  0.053475 0.989896 0.000000
vt  0.044788 0.999523 0.000000
vt  0.044788 0.999523 0.000000
vt  0.044788 0.999523 0.000000
vt  0.035619 0.990165 0.000000
vt  0.035619 0.990165 0.000000
vt  0.027254 0.961464 0.000000
vt  0.027254 0.961464 0.000000
vt  0.027254 0.961464 0.000000
vt  0.019310 0.912007 0.000000
vt  0.019310 0.912007 0.000000
vt  0.012482 0.843452 0.000000
vt  0.012482 0.843452 0.000000
vt  0.009904 0.456874 0.000000
vt  0.009904 0.456874 0.000000
vt  0.009904 0.456874 0.000000
vt  0.010570 0.561804 0.000000
vt  0.010570 0.561804 0.000000
vt  0.012575 0.652876 0.000000
vt  0.012575 0.652876 0.000000
vt  0.012575 0.652876 0.000000
vt  0.015520 0.723746 0.000000
vt  0.015520 0.723746 0.000000
vt  0.019994 0.790676 0.000000
vt  0.019994 0.790676 0.000000
vt  0.019994 0.790676 0.000000
vt  0.027547 0.861284 0.000000
vt  0.027547 0.861284 0.000000
vt  0.035463 0.899449 0.000000
vt  0.035463 0.899449 0.000000
vt  0.044520 0.912325 0.000000
vt  0.044520 0.912325 0.000000
vt  0.044520 0.912325 0.000000
vt  0.052798 0.899782 0.000000
vt  0.052798 0.899782 0.000000
vt  0.058987 0.867399 0.000000
vt  0.058987 0.867399 0.000000
vt  0.064025 0.813188 0.000000
vt  0.064025 0.813188 0.000000
vt  0.064025 0.813188 0.000000
vt  0.066798 0.760144 0.000000
vt  0.066798 0.760144 0.000000
vt  0.068731 0.691148 0.000000
vt  0.068731 0.691148 0.000000
vt  0.069497 0.595800 0.000000
vt  0.069497 0.595800 0.000000
vt  0.069497 0.595800 0.000000
vt  0.068562 0.485321 0.000000
vt  0.068562 0.485321 0.000000
vt  0.065843 0.377563 0.000000
vt  0.065843 0.377563 0.000000
vt  0.065843 0.377563 0.000000
vt  0.062214 0.291576 0.000000
vt  0.062214 0.291576 0.000000
vt  0.057736 0.218662 0.000000
vt  0.057736 0.218662 0.000000
vt  0.057736 0.218662 0.000000
vt  0.052872 0.163258 0.000000
vt  0.052872 0.163258 0.000000
vt  0.047523 0.122134 0.000000
vt  0.047523 0.122134 0.000000
vt  0.047523 0.122134 0.000000
vt  0.041446 0.094936 0.000000
vt  0.041446 0.094936 0.000000
vt  0.034719 0.085381 0.000000
vt  0.034719 0.085381 0.000000
vt  0.034719 0.085381 0.000000
vt  0.029379 0.091429 0.000000
vt  0.029379 0.091429 0.000000
vt  0.024855 0.109194 0.000000
vt  0.024855 0.109194 0.000000
vt  0.024855 0.109194 0.000000
vt  0.020453 0.141335 0.000000
vt  0.020453 0.141335 0.000000
vt  0.016492 0.189089 0.000000
vt  0.016492 0.189089 0.000000
vt  0.012864 0.262224 0.000000
vt  0.012864 0.262224 0.000000
vt  0.012864 0.262224 0.000000
vt  0.010645 0.346603 0.000000
vt  0.010645 0.346603 0.000000
vt  0.090878 0.118826 0.000000
vt  0.090878 0.118826 0.000000
vt  0.090878 0.118826 0.000000
vt  0.089010 0.019595 0.000000
vt  0.089010 0.019595 0.000000
vt  0.089010 0.019595 0.000000
vt  0.100016 0.019595 0.000000
vt  0.100016 0.019595 0.000000
vt  0.100016 0.019595 0.000000
vt  0.100549 0.110226 0.000000
vt  0.100549 0.110226 0.000000
vt  0.100549 0.110226 0.000000
vt  0.101144 0.172910 0.000000
vt  0.101144 0.172910 0.000000
vt  0.102217 0.253780 0.000000
vt  0.102217 0.253780 0.000000
vt  0.102217 0.253780 0.000000
vt  0.104351 0.394689 0.000000
vt  0.104351 0.394689 0.000000
vt  0.104351 0.394689 0.000000
vt  0.105070 0.435284 0.000000
vt  0.105070 0.435284 0.000000
vt  0.106103 0.481467 0.000000
vt  0.106103 0.481467 0.000000
vt  0.106103 0.481467 0.000000
vt  0.108896 0.555376 0.000000
vt  0.108896 0.555376 0.000000
vt  0.112210 0.598946 0.000000
vt  0.112210 0.598946 0.000000
vt  0.116009 0.625206 0.000000
vt  0.116009 0.625206 0.000000
vt  0.116009 0.625206 0.000000
vt  0.118959 0.635301 0.000000
vt  0.118959 0.635301 0.000000
vt  0.122226 0.638561 0.000000
vt  0.122226 0.638561 0.000000
vt  0.122226 0.638561 0.000000
vt  0.126196 0.633095 0.000000
vt  0.126196 0.633095 0.000000
vt  0.129467 0.618865 0.000000
vt  0.129467 0.618865 0.000000
vt  0.132320 0.595396 0.000000
vt  0.132320 0.595396 0.000000
vt  0.132320 0.595396 0.000000
vt  0.133948 0.572151 0.000000
vt  0.133948 0.572151 0.000000
vt  0.135128 0.539350 0.000000
vt  0.135128 0.539350 0.000000
vt  0.135633 0.490622 0.000000
vt  0.135633 0.490622 0.000000
vt  0.135633 0.490622 0.000000
vt  0.135512 0.448138 0.000000
vt  0.135512 0.448138 0.000000
vt  0.135233 0.421812 0.000000
vt  0.135233 0.421812 0.000000
vt  0.135233 0.421812 0.000000
vt  0.133766 0.323242 0.000000
vt  0.133766 0.323242 0.000000
vt  0.133766 0.323242 0.000000
vt  0.131031 0.140657 0.000000
vt  0.131031 0.140657 0.000000
vt  0.131031 0.140657 0.000000
vt  0.129497 0.019595 0.000000
vt  0.129497 0.019595 0.000000
vt  0.129497 0.019595 0.000000
vt  0.139502 0.019595 0.000000
vt  0.139502 0.019595 0.000000
vt  0.139502 0.019595 0.000000
vt  0.139702 0.075164 0.000000
vt  0.139702 0.075164 0.000000
vt  0.139702 0.075164 0.000000
vt  0.140194 0.153470 0.000000
vt  0.140194 0.153470 0.000000
vt  0.141042 0.237373 0.000000
vt  0.141042 0.237373 0.000000
vt  0.142226 0.327020 0.000000
vt  0.142226 0.327020 0.000000
vt  0.143728 0.422542 0.000000
vt  0.143728 0.422542 0.000000
vt  0.143728 0.422542 0.000000
vt  0.144559 0.465476 0.000000
vt  0.144559 0.465476 0.000000
vt  0.145561 0.504537 0.000000
vt  0.145561 0.504537 0.000000
vt  0.145561 0.504537 0.000000
vt  0.148475 0.570042 0.000000
vt  0.148475 0.570042 0.000000
vt  0.151884 0.607692 0.000000
vt  0.151884 0.607692 0.000000
vt  0.155961 0.629684 0.000000
vt  0.155961 0.629684 0.000000
vt  0.161380 0.638429 0.000000
vt  0.161380 0.638429 0.000000
vt  0.161380 0.638429 0.000000
vt  0.165652 0.632215 0.000000
vt  0.165652 0.632215 0.000000
vt  0.169578 0.612258 0.000000
vt  0.169578 0.612258 0.000000
vt  0.169578 0.612258 0.000000
vt  0.172175 0.585763 0.000000
vt  0.172175 0.585763 0.000000
vt  0.173982 0.546778 0.000000
vt  0.173982 0.546778 0.000000
vt  0.174741 0.484666 0.000000
vt  0.174741 0.484666 0.000000
vt  0.174741 0.484666 0.000000
vt  0.174544 0.437093 0.000000
vt  0.174544 0.437093 0.000000
vt  0.174053 0.393366 0.000000
vt  0.174053 0.393366 0.000000
vt  0.174053 0.393366 0.000000
vt  0.170918 0.182995 0.000000
vt  0.170918 0.182995 0.000000
vt  0.170918 0.182995 0.000000
vt  0.168783 0.019595 0.000000
vt  0.168783 0.019595 0.000000
vt  0.168783 0.019595 0.000000
vt  0.178922 0.019595 0.000000
vt  0.178922 0.019595 0.000000
vt  0.178922 0.019595 0.000000
vt  0.179656 0.111549 0.000000
vt  0.179656 0.111549 0.000000
vt  0.179656 0.111549 0.000000
vt  0.180397 0.186537 0.000000
vt  0.180397 0.186537 0.000000
vt  0.181323 0.256427 0.000000
vt  0.181323 0.256427 0.000000
vt  0.181323 0.256427 0.000000
vt  0.183257 0.390720 0.000000
vt  0.183257 0.390720 0.000000
vt  0.183257 0.390720 0.000000
vt  0.183877 0.451562 0.000000
vt  0.183877 0.451562 0.000000
vt  0.184034 0.502508 0.000000
vt  0.184034 0.502508 0.000000
vt  0.184034 0.502508 0.000000
vt  0.183254 0.569335 0.000000
vt  0.183254 0.569335 0.000000
vt  0.181376 0.618400 0.000000
vt  0.181376 0.618400 0.000000
vt  0.178563 0.657081 0.000000
vt  0.178563 0.657081 0.000000
vt  0.178563 0.657081 0.000000
vt  0.174040 0.693766 0.000000
vt  0.174040 0.693766 0.000000
vt  0.169146 0.714715 0.000000
vt  0.169146 0.714715 0.000000
vt  0.163381 0.722152 0.000000
vt  0.163381 0.722152 0.000000
vt  0.163381 0.722152 0.000000
vt  0.155549 0.710338 0.000000
vt  0.155549 0.710338 0.000000
vt  0.149177 0.677536 0.000000
vt  0.149177 0.677536 0.000000
vt  0.143637 0.620275 0.000000
vt  0.143637 0.620275 0.000000
vt  0.143637 0.620275 0.000000
vt  0.142037 0.597782 0.000000
vt  0.142037 0.597782 0.000000
vt  0.142037 0.597782 0.000000
vt  0.140903 0.620275 0.000000
vt  0.140903 0.620275 0.000000
vt  0.140903 0.620275 0.000000
vt  0.137618 0.666773 0.000000
vt  0.137618 0.666773 0.000000
vt  0.133904 0.696745 0.000000
vt  0.133904 0.696745 0.000000
vt  0.129508 0.715058 0.000000
vt  0.129508 0.715058 0.000000
vt  0.123895 0.721790 0.000000
vt  0.123895 0.721790 0.000000
vt  0.123895 0.721790 0.000000
vt  0.117362 0.712927 0.000000
vt  0.117362 0.712927 0.000000
vt  0.112269 0.689984 0.000000
vt  0.112269 0.689984 0.000000
vt  0.108020 0.652690 0.000000
vt  0.108020 0.652690 0.000000
vt  0.108020 0.652690 0.000000
vt  0.105018 0.617629 0.000000
vt  0.105018 0.617629 0.000000
vt  0.105018 0.617629 0.000000
vt  0.104084 0.677829 0.000000
vt  0.104084 0.677829 0.000000
vt  0.104084 0.677829 0.000000
vt  0.103417 0.712891 0.000000
vt  0.103417 0.712891 0.000000
vt  0.103417 0.712891 0.000000
vt  0.095080 0.702306 0.000000
vt  0.095080 0.702306 0.000000
vt  0.095080 0.702306 0.000000
vt  0.095814 0.664598 0.000000
vt  0.095814 0.664598 0.000000
vt  0.095814 0.664598 0.000000
vt  0.096548 0.607450 0.000000
vt  0.096548 0.607450 0.000000
vt  0.096722 0.564046 0.000000
vt  0.096722 0.564046 0.000000
vt  0.096722 0.564046 0.000000
vt  0.096544 0.517286 0.000000
vt  0.096544 0.517286 0.000000
vt  0.096023 0.455117 0.000000
vt  0.096023 0.455117 0.000000
vt  0.095091 0.377774 0.000000
vt  0.095091 0.377774 0.000000
vt  0.093679 0.285534 0.000000
vt  0.093679 0.285534 0.000000
vt  0.093679 0.285534 0.000000
vt  0.209871 0.708921 0.000000
vt  0.209871 0.708921 0.000000
vt  0.209871 0.708921 0.000000
vt  0.208337 0.625567 0.000000
vt  0.208337 0.625567 0.000000
vt  0.208337 0.625567 0.000000
vt  0.211271 0.630198 0.000000
vt  0.211271 0.630198 0.000000
vt  0.211271 0.630198 0.000000
vt  0.217736 0.636999 0.000000
vt  0.217736 0.636999 0.000000
vt  0.222477 0.638495 0.000000
vt  0.222477 0.638495 0.000000
vt  0.222477 0.638495 0.000000
vt  0.224340 0.637993 0.000000
vt  0.224340 0.637993 0.000000
vt  0.226000 0.636899 0.000000
vt  0.226000 0.636899 0.000000
vt  0.227482 0.635319 0.000000
vt  0.227482 0.635319 0.000000
vt  0.228810 0.633339 0.000000
vt  0.228810 0.633339 0.000000
vt  0.230004 0.631027 0.000000
vt  0.230004 0.631027 0.000000
vt  0.231334 0.627753 0.000000
vt  0.231334 0.627753 0.000000
vt  0.232508 0.624128 0.000000
vt  0.232508 0.624128 0.000000
vt  0.233550 0.620213 0.000000
vt  0.233550 0.620213 0.000000
vt  0.234478 0.616051 0.000000
vt  0.234478 0.616051 0.000000
vt  0.235565 0.610165 0.000000
vt  0.235565 0.610165 0.000000
vt  0.236509 0.603925 0.000000
vt  0.236509 0.603925 0.000000
vt  0.237333 0.597335 0.000000
vt  0.237333 0.597335 0.000000
vt  0.238055 0.590375 0.000000
vt  0.238055 0.590375 0.000000
vt  0.238688 0.583002 0.000000
vt  0.238688 0.583002 0.000000
vt  0.239242 0.575151 0.000000
vt  0.239242 0.575151 0.000000
vt  0.239724 0.566735 0.000000
vt  0.239724 0.566735 0.000000
vt  0.240136 0.557641 0.000000
vt  0.240136 0.557641 0.000000
vt  0.240478 0.547728 0.000000
vt  0.240478 0.547728 0.000000
vt  0.240746 0.536823 0.000000
vt  0.240746 0.536823 0.000000
vt  0.240931 0.524710 0.000000
vt  0.240931 0.524710 0.000000
vt  0.241020 0.511120 0.000000
vt  0.241020 0.511120 0.000000
vt  0.241020 0.511120 0.000000
vt  0.240553 0.467459 0.000000
vt  0.240553 0.467459 0.000000
vt  0.240553 0.467459 0.000000
vt  0.238885 0.469443 0.000000
vt  0.238885 0.469443 0.000000
vt  0.238885 0.469443 0.000000
vt  0.233650 0.474018 0.000000
vt  0.233650 0.474018 0.000000
vt  0.229080 0.475397 0.000000
vt  0.229080 0.475397 0.000000
vt  0.229080 0.475397 0.000000
vt  0.223853 0.473105 0.000000
vt  0.223853 0.473105 0.000000
vt  0.218882 0.466448 0.000000
vt  0.218882 0.466448 0.000000
vt  0.218882 0.466448 0.000000
vt  0.211808 0.446267 0.000000
vt  0.211808 0.446267 0.000000
vt  0.206315 0.416585 0.000000
vt  0.206315 0.416585 0.000000
vt  0.201868 0.377473 0.000000
vt  0.201868 0.377473 0.000000
vt  0.201868 0.377473 0.000000
vt  0.197806 0.320744 0.000000
vt  0.197806 0.320744 0.000000
vt  0.195566 0.263306 0.000000
vt  0.195566 0.263306 0.000000
vt  0.194831 0.200860 0.000000
vt  0.194831 0.200860 0.000000
vt  0.194831 0.200860 0.000000
vt  0.195586 0.140962 0.000000
vt  0.195586 0.140962 0.000000
vt  0.197509 0.094693 0.000000
vt  0.197509 0.094693 0.000000
vt  0.200616 0.055488 0.000000
vt  0.200616 0.055488 0.000000
vt  0.200616 0.055488 0.000000
vt  0.204705 0.025064 0.000000
vt  0.204705 0.025064 0.000000
vt  0.209406 0.006665 0.000000
vt  0.209406 0.006665 0.000000
vt  0.215206 0.000068 0.000000
vt  0.215206 0.000068 0.000000
vt  0.215206 0.000068 0.000000
vt  0.221450 0.007865 0.000000
vt  0.221450 0.007865 0.000000
vt  0.227122 0.029919 0.000000
vt  0.227122 0.029919 0.000000
vt  0.232482 0.067887 0.000000
vt  0.232482 0.067887 0.000000
vt  0.232482 0.067887 0.000000
vt  0.236084 0.100303 0.000000
vt  0.236084 0.100303 0.000000
vt  0.236084 0.100303 0.000000
vt  0.235950 0.051349 0.000000
vt  0.235950 0.051349 0.000000
vt  0.235950 0.051349 0.000000
vt  0.236151 0.019595 0.000000
vt  0.236151 0.019595 0.000000
vt  0.236151 0.019595 0.000000
vt  0.244155 0.019595 0.000000
vt  0.244155 0.019595 0.000000
vt  0.244155 0.019595 0.000000
vt  0.244288 0.097657 0.000000
vt  0.244288 0.097657 0.000000
vt  0.244288 0.097657 0.000000
vt  0.244807 0.171533 0.000000
vt  0.244807 0.171533 0.000000
vt  0.245762 0.253255 0.000000
vt  0.245762 0.253255 0.000000
vt  0.247089 0.343089 0.000000
vt  0.247089 0.343089 0.000000
vt  0.247089 0.343089 0.000000
vt  0.248690 0.443643 0.000000
vt  0.248690 0.443643 0.000000
vt  0.248690 0.443643 0.000000
vt  0.249031 0.482701 0.000000
vt  0.249031 0.482701 0.000000
vt  0.249146 0.515083 0.000000
vt  0.249146 0.515083 0.000000
vt  0.249146 0.515083 0.000000
vt  0.248354 0.579032 0.000000
vt  0.248354 0.579032 0.000000
vt  0.246446 0.624932 0.000000
vt  0.246446 0.624932 0.000000
vt  0.243573 0.660462 0.000000
vt  0.243573 0.660462 0.000000
vt  0.239433 0.689165 0.000000
vt  0.239433 0.689165 0.000000
vt  0.233207 0.711191 0.000000
vt  0.233207 0.711191 0.000000
vt  0.233207 0.711191 0.000000
vt  0.228363 0.719486 0.000000
vt  0.228363 0.719486 0.000000
vt  0.223744 0.722152 0.000000
vt  0.223744 0.722152 0.000000
vt  0.223744 0.722152 0.000000
vt  0.218127 0.719881 0.000000
vt  0.218127 0.719881 0.000000
vt  0.212339 0.712891 0.000000
vt  0.212339 0.712891 0.000000
vt  0.212339 0.712891 0.000000
vt  0.239419 0.384104 0.000000
vt  0.239419 0.384104 0.000000
vt  0.239419 0.384104 0.000000
vt  0.238885 0.338458 0.000000
vt  0.238885 0.338458 0.000000
vt  0.238885 0.338458 0.000000
vt  0.238185 0.297214 0.000000
vt  0.238185 0.297214 0.000000
vt  0.237174 0.255223 0.000000
vt  0.237174 0.255223 0.000000
vt  0.237174 0.255223 0.000000
vt  0.234328 0.187045 0.000000
vt  0.234328 0.187045 0.000000
vt  0.230267 0.135505 0.000000
vt  0.230267 0.135505 0.000000
vt  0.230267 0.135505 0.000000
vt  0.226312 0.105614 0.000000
vt  0.226312 0.105614 0.000000
vt  0.222215 0.088741 0.000000
vt  0.222215 0.088741 0.000000
vt  0.217675 0.082744 0.000000
vt  0.217675 0.082744 0.000000
vt  0.217675 0.082744 0.000000
vt  0.213545 0.087294 0.000000
vt  0.213545 0.087294 0.000000
vt  0.210434 0.099495 0.000000
vt  0.210434 0.099495 0.000000
vt  0.207920 0.118660 0.000000
vt  0.207920 0.118660 0.000000
vt  0.207920 0.118660 0.000000
vt  0.206012 0.143763 0.000000
vt  0.206012 0.143763 0.000000
vt  0.204753 0.175203 0.000000
vt  0.204753 0.175203 0.000000
vt  0.204215 0.218048 0.000000
vt  0.204215 0.218048 0.000000
vt  0.204215 0.218048 0.000000
vt  0.204755 0.263427 0.000000
vt  0.204755 0.263427 0.000000
vt  0.206311 0.299448 0.000000
vt  0.206311 0.299448 0.000000
vt  0.208947 0.330598 0.000000
vt  0.208947 0.330598 0.000000
vt  0.213204 0.359006 0.000000
vt  0.213204 0.359006 0.000000
vt  0.213204 0.359006 0.000000
vt  0.219868 0.381807 0.000000
vt  0.219868 0.381807 0.000000
vt  0.230547 0.391563 0.000000
vt  0.230547 0.391563 0.000000
vt  0.230547 0.391563 0.000000
vt  0.233313 0.391184 0.000000
vt  0.233313 0.391184 0.000000
vt  0.235647 0.389972 0.000000
vt  0.235647 0.389972 0.000000
vt  0.237151 0.388074 0.000000
vt  0.237151 0.388074 0.000000
vt  0.237151 0.388074 0.000000
vt  0.263097 0.141980 0.000000
vt  0.263097 0.141980 0.000000
vt  0.263097 0.141980 0.000000
vt  0.260696 0.019595 0.000000
vt  0.260696 0.019595 0.000000
vt  0.260696 0.019595 0.000000
vt  0.271502 0.019595 0.000000
vt  0.271502 0.019595 0.000000
vt  0.271502 0.019595 0.000000
vt  0.272102 0.100303 0.000000
vt  0.272102 0.100303 0.000000
vt  0.272102 0.100303 0.000000
vt  0.273036 0.202842 0.000000
vt  0.273036 0.202842 0.000000
vt  0.273036 0.202842 0.000000
vt  0.274970 0.379473 0.000000
vt  0.274970 0.379473 0.000000
vt  0.274970 0.379473 0.000000
vt  0.276171 0.464151 0.000000
vt  0.276171 0.464151 0.000000
vt  0.276171 0.464151 0.000000
vt  0.276627 0.492597 0.000000
vt  0.276627 0.492597 0.000000
vt  0.277549 0.528575 0.000000
vt  0.277549 0.528575 0.000000
vt  0.277549 0.528575 0.000000
vt  0.279274 0.567404 0.000000
vt  0.279274 0.567404 0.000000
vt  0.281705 0.596470 0.000000
vt  0.281705 0.596470 0.000000
vt  0.284972 0.618499 0.000000
vt  0.284972 0.618499 0.000000
vt  0.289487 0.633666 0.000000
vt  0.289487 0.633666 0.000000
vt  0.296047 0.638798 0.000000
vt  0.296047 0.638798 0.000000
vt  0.296047 0.638798 0.000000
vt  0.300850 0.637475 0.000000
vt  0.300850 0.637475 0.000000
vt  0.300850 0.637475 0.000000
vt  0.301517 0.720829 0.000000
vt  0.301517 0.720829 0.000000
vt  0.301517 0.720829 0.000000
vt  0.299315 0.722152 0.000000
vt  0.299315 0.722152 0.000000
vt  0.299315 0.722152 0.000000
vt  0.290316 0.710371 0.000000
vt  0.290316 0.710371 0.000000
vt  0.283604 0.682709 0.000000
vt  0.283604 0.682709 0.000000
vt  0.278172 0.640121 0.000000
vt  0.278172 0.640121 0.000000
vt  0.278172 0.640121 0.000000
vt  0.276371 0.621598 0.000000
vt  0.276371 0.621598 0.000000
vt  0.276371 0.621598 0.000000
vt  0.275837 0.673198 0.000000
vt  0.275837 0.673198 0.000000
vt  0.275837 0.673198 0.000000
vt  0.275170 0.712891 0.000000
vt  0.275170 0.712891 0.000000
vt  0.275170 0.712891 0.000000
vt  0.266499 0.702306 0.000000
vt  0.266499 0.702306 0.000000
vt  0.266499 0.702306 0.000000
vt  0.267233 0.660629 0.000000
vt  0.267233 0.660629 0.000000
vt  0.267233 0.660629 0.000000
vt  0.267833 0.606769 0.000000
vt  0.267833 0.606769 0.000000
vt  0.267997 0.552803 0.000000
vt  0.267997 0.552803 0.000000
vt  0.267997 0.552803 0.000000
vt  0.267881 0.503961 0.000000
vt  0.267881 0.503961 0.000000
vt  0.267433 0.448274 0.000000
vt  0.267433 0.448274 0.000000
vt  0.267433 0.448274 0.000000
vt  0.266166 0.343750 0.000000
vt  0.266166 0.343750 0.000000
vt  0.266166 0.343750 0.000000
vt  0.265884 0.323356 0.000000
vt  0.265884 0.323356 0.000000
vt  0.265611 0.303615 0.000000
vt  0.265611 0.303615 0.000000
vt  0.265346 0.284529 0.000000
vt  0.265346 0.284529 0.000000
vt  0.265087 0.266095 0.000000
vt  0.265087 0.266095 0.000000
vt  0.264833 0.248314 0.000000
vt  0.264833 0.248314 0.000000
vt  0.264583 0.231184 0.000000
vt  0.264583 0.231184 0.000000
vt  0.264335 0.214703 0.000000
vt  0.264335 0.214703 0.000000
vt  0.264090 0.198871 0.000000
vt  0.264090 0.198871 0.000000
vt  0.263844 0.183685 0.000000
vt  0.263844 0.183685 0.000000
vt  0.263598 0.169143 0.000000
vt  0.263598 0.169143 0.000000
vt  0.263349 0.155242 0.000000
vt  0.263349 0.155242 0.000000
vt  0.348273 0.136026 0.000000
vt  0.348273 0.136026 0.000000
vt  0.348273 0.136026 0.000000
vt  0.345672 0.019595 0.000000
vt  0.345672 0.019595 0.000000
vt  0.345672 0.019595 0.000000
vt  0.392362 0.019595 0.000000
vt  0.392362 0.019595 0.000000
vt  0.392362 0.019595 0.000000
vt  0.394230 0.106918 0.000000
vt  0.394230 0.106918 0.000000
vt  0.394230 0.106918 0.000000
vt  0.386026 0.100303 0.000000
vt  0.386026 0.100303 0.000000
vt  0.386026 0.100303 0.000000
vt  0.381091 0.097684 0.000000
vt  0.381091 0.097684 0.000000
vt  0.374753 0.096995 0.000000
vt  0.374753 0.096995 0.000000
vt  0.374753 0.096995 0.000000
vt  0.357478 0.096995 0.000000
vt  0.357478 0.096995 0.000000
vt  0.357478 0.096995 0.000000
vt  0.358612 0.167780 0.000000
vt  0.358612 0.167780 0.000000
vt  0.358612 0.167780 0.000000
vt  0.362147 0.427766 0.000000
vt  0.362147 0.427766 0.000000
vt  0.362147 0.427766 0.000000
vt  0.363281 0.505828 0.000000
vt  0.363281 0.505828 0.000000
vt  0.363281 0.505828 0.000000
vt  0.375687 0.503843 0.000000
vt  0.375687 0.503843 0.000000
vt  0.375687 0.503843 0.000000
vt  0.388093 0.501859 0.000000
vt  0.388093 0.501859 0.000000
vt  0.388093 0.501859 0.000000
vt  0.396831 0.495905 0.000000
vt  0.396831 0.495905 0.000000
vt  0.396831 0.495905 0.000000
vt  0.398699 0.593152 0.000000
vt  0.398699 0.593152 0.000000
vt  0.398699 0.593152 0.000000
vt  0.394563 0.585875 0.000000
vt  0.394563 0.585875 0.000000
vt  0.394563 0.585875 0.000000
vt  0.391870 0.583274 0.000000
vt  0.391870 0.583274 0.000000
vt  0.388312 0.582043 0.000000
vt  0.388312 0.582043 0.000000
vt  0.383891 0.581905 0.000000
vt  0.383891 0.581905 0.000000
vt  0.383891 0.581905 0.000000
vt  0.364348 0.583228 0.000000
vt  0.364348 0.583228 0.000000
vt  0.364348 0.583228 0.000000
vt  0.365215 0.652690 0.000000
vt  0.365215 0.652690 0.000000
vt  0.365215 0.652690 0.000000
vt  0.367683 0.841891 0.000000
vt  0.367683 0.841891 0.000000
vt  0.367683 0.841891 0.000000
vt  0.368483 0.902753 0.000000
vt  0.368483 0.902753 0.000000
vt  0.368483 0.902753 0.000000
vt  0.389627 0.901430 0.000000
vt  0.389627 0.901430 0.000000
vt  0.389627 0.901430 0.000000
vt  0.397431 0.898784 0.000000
vt  0.397431 0.898784 0.000000
vt  0.397431 0.898784 0.000000
vt  0.403368 0.892830 0.000000
vt  0.403368 0.892830 0.000000
vt  0.403368 0.892830 0.000000
vt  0.403901 0.980154 0.000000
vt  0.403901 0.980154 0.000000
vt  0.403901 0.980154 0.000000
vt  0.357745 0.980154 0.000000
vt  0.357745 0.980154 0.000000
vt  0.357745 0.980154 0.000000
vt  0.357878 0.877615 0.000000
vt  0.357878 0.877615 0.000000
vt  0.357878 0.877615 0.000000
vt  0.357793 0.858522 0.000000
vt  0.357793 0.858522 0.000000
vt  0.357649 0.836487 0.000000
vt  0.357649 0.836487 0.000000
vt  0.357445 0.811510 0.000000
vt  0.357445 0.811510 0.000000
vt  0.357183 0.783591 0.000000
vt  0.357183 0.783591 0.000000
vt  0.356863 0.752731 0.000000
vt  0.356863 0.752731 0.000000
vt  0.356485 0.718930 0.000000
vt  0.356485 0.718930 0.000000
vt  0.356050 0.682189 0.000000
vt  0.356050 0.682189 0.000000
vt  0.355558 0.642507 0.000000
vt  0.355558 0.642507 0.000000
vt  0.355010 0.599886 0.000000
vt  0.355010 0.599886 0.000000
vt  0.354405 0.554325 0.000000
vt  0.354405 0.554325 0.000000
vt  0.353744 0.505826 0.000000
vt  0.353744 0.505826 0.000000
vt  0.353744 0.505826 0.000000
vt  0.353551 0.491780 0.000000
vt  0.353551 0.491780 0.000000
vt  0.353361 0.477984 0.000000
vt  0.353361 0.477984 0.000000
vt  0.353175 0.464439 0.000000
vt  0.353175 0.464439 0.000000
vt  0.352993 0.451145 0.000000
vt  0.352993 0.451145 0.000000
vt  0.352814 0.438101 0.000000
vt  0.352814 0.438101 0.000000
vt  0.352638 0.425309 0.000000
vt  0.352638 0.425309 0.000000
vt  0.352466 0.412767 0.000000
vt  0.352466 0.412767 0.000000
vt  0.352297 0.400476 0.000000
vt  0.352297 0.400476 0.000000
vt  0.352132 0.388436 0.000000
vt  0.352132 0.388436 0.000000
vt  0.351969 0.376647 0.000000
vt  0.351969 0.376647 0.000000
vt  0.351810 0.365110 0.000000
vt  0.351810 0.365110 0.000000
vt  0.351654 0.353823 0.000000
vt  0.351654 0.353823 0.000000
vt  0.351502 0.342788 0.000000
vt  0.351502 0.342788 0.000000
vt  0.351352 0.332005 0.000000
vt  0.351352 0.332005 0.000000
vt  0.351205 0.321472 0.000000
vt  0.351205 0.321472 0.000000
vt  0.351061 0.311191 0.000000
vt  0.351061 0.311191 0.000000
vt  0.350920 0.301162 0.000000
vt  0.350920 0.301162 0.000000
vt  0.350782 0.291384 0.000000
vt  0.350782 0.291384 0.000000
vt  0.350647 0.281858 0.000000
vt  0.350647 0.281858 0.000000
vt  0.350514 0.272583 0.000000
vt  0.350514 0.272583 0.000000
vt  0.350385 0.263561 0.000000
vt  0.350385 0.263561 0.000000
vt  0.350257 0.254789 0.000000
vt  0.350257 0.254789 0.000000
vt  0.350133 0.246270 0.000000
vt  0.350133 0.246270 0.000000
vt  0.350011 0.238003 0.000000
vt  0.350011 0.238003 0.000000
vt  0.349891 0.229987 0.000000
vt  0.349891 0.229987 0.000000
vt  0.349774 0.222224 0.000000
vt  0.349774 0.222224 0.000000
vt  0.349659 0.214712 0.000000
vt  0.349659 0.214712 0.000000
vt  0.349547 0.207453 0.000000
vt  0.349547 0.207453 0.000000
vt  0.349436 0.200445 0.000000
vt  0.349436 0.200445 0.000000
vt  0.349329 0.193690 0.000000
vt  0.349329 0.193690 0.000000
vt  0.349223 0.187186 0.000000
vt  0.349223 0.187186 0.000000
vt  0.349119 0.180935 0.000000
vt  0.349119 0.180935 0.000000
vt  0.349018 0.174936 0.000000
vt  0.349018 0.174936 0.000000
vt  0.348918 0.169189 0.000000
vt  0.348918 0.169189 0.000000
vt  0.348820 0.163695 0.000000
vt  0.348820 0.163695 0.000000
vt  0.348725 0.158452 0.000000
vt  0.348725 0.158452 0.000000
vt  0.348631 0.153462 0.000000
vt  0.348631 0.153462 0.000000
vt  0.348539 0.148725 0.000000
vt  0.348539 0.148725 0.000000
vt  0.348449 0.144239 0.000000
vt  0.348449 0.144239 0.000000
vt  0.348360 0.140006 0.000000
vt  0.348360 0.140006 0.000000
vt  0.408103 0.122134 0.000000
vt  0.408103 0.122134 0.000000
vt  0.408103 0.122134 0.000000
vt  0.406969 0.036133 0.000000
vt  0.406969 0.036133 0.000000
vt  0.406969 0.036133 0.000000
vt  0.412439 0.020918 0.000000
vt  0.412439 0.020918 0.000000
vt  0.412439 0.020918 0.000000
vt  0.421113 0.004926 0.000000
vt  0.421113 0.004926 0.000000
vt  0.429514 0.000000 0.000000
vt  0.429514 0.000000 0.000000
vt  0.429514 0.000000 0.000000
vt  0.439478 0.009641 0.000000
vt  0.439478 0.009641 0.000000
vt  0.446391 0.031876 0.000000
vt  0.446391 0.031876 0.000000
vt  0.451537 0.063113 0.000000
vt  0.451537 0.063113 0.000000
vt  0.451537 0.063113 0.000000
vt  0.457302 0.123357 0.000000
vt  0.457302 0.123357 0.000000
vt  0.460470 0.188182 0.000000
vt  0.460470 0.188182 0.000000
vt  0.461547 0.264357 0.000000
vt  0.461547 0.264357 0.000000
vt  0.461547 0.264357 0.000000
vt  0.461197 0.304927 0.000000
vt  0.461197 0.304927 0.000000
vt  0.460327 0.338204 0.000000
vt  0.460327 0.338204 0.000000
vt  0.460327 0.338204 0.000000
vt  0.458232 0.383862 0.000000
vt  0.458232 0.383862 0.000000
vt  0.455032 0.431514 0.000000
vt  0.455032 0.431514 0.000000
vt  0.455032 0.431514 0.000000
vt  0.452350 0.464039 0.000000
vt  0.452350 0.464039 0.000000
vt  0.450191 0.486643 0.000000
vt  0.450191 0.486643 0.000000
vt  0.450191 0.486643 0.000000
vt  0.435984 0.618952 0.000000
vt  0.435984 0.618952 0.000000
vt  0.435984 0.618952 0.000000
vt  0.432813 0.650526 0.000000
vt  0.432813 0.650526 0.000000
vt  0.430042 0.685907 0.000000
vt  0.430042 0.685907 0.000000
vt  0.430042 0.685907 0.000000
vt  0.428768 0.708764 0.000000
vt  0.428768 0.708764 0.000000
vt  0.427847 0.736706 0.000000
vt  0.427847 0.736706 0.000000
vt  0.427847 0.736706 0.000000
vt  0.427365 0.755691 0.000000
vt  0.427365 0.755691 0.000000
vt  0.427180 0.779040 0.000000
vt  0.427180 0.779040 0.000000
vt  0.427180 0.779040 0.000000
vt  0.427819 0.819998 0.000000
vt  0.427819 0.819998 0.000000
vt  0.429602 0.852928 0.000000
vt  0.429602 0.852928 0.000000
vt  0.432908 0.883014 0.000000
vt  0.432908 0.883014 0.000000
vt  0.432908 0.883014 0.000000
vt  0.437433 0.903479 0.000000
vt  0.437433 0.903479 0.000000
vt  0.444855 0.913044 0.000000
vt  0.444855 0.913044 0.000000
vt  0.444855 0.913044 0.000000
vt  0.451489 0.909466 0.000000
vt  0.451489 0.909466 0.000000
vt  0.457128 0.898784 0.000000
vt  0.457128 0.898784 0.000000
vt  0.457128 0.898784 0.000000
vt  0.461930 0.886215 0.000000
vt  0.461930 0.886215 0.000000
vt  0.461930 0.886215 0.000000
vt  0.463398 0.974861 0.000000
vt  0.463398 0.974861 0.000000
vt  0.463398 0.974861 0.000000
vt  0.461130 0.980815 0.000000
vt  0.461130 0.980815 0.000000
vt  0.461130 0.980815 0.000000
vt  0.453099 0.995441 0.000000
vt  0.453099 0.995441 0.000000
vt  0.445589 1.000000 0.000000
vt  0.445589 1.000000 0.000000
vt  0.445589 1.000000 0.000000
vt  0.442404 0.998958 0.000000
vt  0.442404 0.998958 0.000000
vt  0.439923 0.996433 0.000000
vt  0.439923 0.996433 0.000000
vt  0.439923 0.996433 0.000000
vt  0.430867 0.971179 0.000000
vt  0.430867 0.971179 0.000000
vt  0.424124 0.928415 0.000000
vt  0.424124 0.928415 0.000000
vt  0.424124 0.928415 0.000000
vt  0.420314 0.884909 0.000000
vt  0.420314 0.884909 0.000000
vt  0.418111 0.836320 0.000000
vt  0.418111 0.836320 0.000000
vt  0.417308 0.776404 0.000000
vt  0.417308 0.776404 0.000000
vt  0.417308 0.776404 0.000000
vt  0.418250 0.715544 0.000000
vt  0.418250 0.715544 0.000000
vt  0.421659 0.644436 0.000000
vt  0.421659 0.644436 0.000000
vt  0.421659 0.644436 0.000000
vt  0.424193 0.608185 0.000000
vt  0.424193 0.608185 0.000000
vt  0.426774 0.576669 0.000000
vt  0.426774 0.576669 0.000000
vt  0.426774 0.576669 0.000000
vt  0.429221 0.550570 0.000000
vt  0.429221 0.550570 0.000000
vt  0.432916 0.515090 0.000000
vt  0.432916 0.515090 0.000000
vt  0.432916 0.515090 0.000000
vt  0.441320 0.437689 0.000000
vt  0.441320 0.437689 0.000000
vt  0.441320 0.437689 0.000000
vt  0.444556 0.404693 0.000000
vt  0.444556 0.404693 0.000000
vt  0.447691 0.366669 0.000000
vt  0.447691 0.366669 0.000000
vt  0.447691 0.366669 0.000000
vt  0.449599 0.336341 0.000000
vt  0.449599 0.336341 0.000000
vt  0.451020 0.301958 0.000000
vt  0.451020 0.301958 0.000000
vt  0.451020 0.301958 0.000000
vt  0.451485 0.282061 0.000000
vt  0.451485 0.282061 0.000000
vt  0.451672 0.258409 0.000000
vt  0.451672 0.258409 0.000000
vt  0.451672 0.258409 0.000000
vt  0.450854 0.203669 0.000000
vt  0.450854 0.203669 0.000000
vt  0.448513 0.160552 0.000000
vt  0.448513 0.160552 0.000000
vt  0.444261 0.122697 0.000000
vt  0.444261 0.122697 0.000000
vt  0.444261 0.122697 0.000000
vt  0.440602 0.104329 0.000000
vt  0.440602 0.104329 0.000000
vt  0.435722 0.091317 0.000000
vt  0.435722 0.091317 0.000000
vt  0.428780 0.086201 0.000000
vt  0.428780 0.086201 0.000000
vt  0.428780 0.086201 0.000000
vt  0.423691 0.088686 0.000000
vt  0.423691 0.088686 0.000000
vt  0.420576 0.093687 0.000000
vt  0.420576 0.093687 0.000000
vt  0.420576 0.093687 0.000000
vt  0.411772 0.113534 0.000000
vt  0.411772 0.113534 0.000000
vt  0.411772 0.113534 0.000000
vt  0.471335 0.122134 0.000000
vt  0.471335 0.122134 0.000000
vt  0.471335 0.122134 0.000000
vt  0.470201 0.036133 0.000000
vt  0.470201 0.036133 0.000000
vt  0.470201 0.036133 0.000000
vt  0.475671 0.020918 0.000000
vt  0.475671 0.020918 0.000000
vt  0.475671 0.020918 0.000000
vt  0.484345 0.004926 0.000000
vt  0.484345 0.004926 0.000000
vt  0.492746 0.000000 0.000000
vt  0.492746 0.000000 0.000000
vt  0.492746 0.000000 0.000000
vt  0.502710 0.009641 0.000000
vt  0.502710 0.009641 0.000000
vt  0.509622 0.031876 0.000000
vt  0.509622 0.031876 0.000000
vt  0.514768 0.063113 0.000000
vt  0.514768 0.063113 0.000000
vt  0.514768 0.063113 0.000000
vt  0.520534 0.123357 0.000000
vt  0.520534 0.123357 0.000000
vt  0.523702 0.188182 0.000000
vt  0.523702 0.188182 0.000000
vt  0.524778 0.264357 0.000000
vt  0.524778 0.264357 0.000000
vt  0.524778 0.264357 0.000000
vt  0.524429 0.304927 0.000000
vt  0.524429 0.304927 0.000000
vt  0.523559 0.338204 0.000000
vt  0.523559 0.338204 0.000000
vt  0.523559 0.338204 0.000000
vt  0.521464 0.383862 0.000000
vt  0.521464 0.383862 0.000000
vt  0.518264 0.431514 0.000000
vt  0.518264 0.431514 0.000000
vt  0.518264 0.431514 0.000000
vt  0.515582 0.464039 0.000000
vt  0.515582 0.464039 0.000000
vt  0.513423 0.486643 0.000000
vt  0.513423 0.486643 0.000000
vt  0.513423 0.486643 0.000000
vt  0.499216 0.618952 0.000000
vt  0.499216 0.618952 0.000000
vt  0.499216 0.618952 0.000000
vt  0.496044 0.650526 0.000000
vt  0.496044 0.650526 0.000000
vt  0.493273 0.685907 0.000000
vt  0.493273 0.685907 0.000000
vt  0.493273 0.685907 0.000000
vt  0.492000 0.708764 0.000000
vt  0.492000 0.708764 0.000000
vt  0.491078 0.736706 0.000000
vt  0.491078 0.736706 0.000000
vt  0.491078 0.736706 0.000000
vt  0.490597 0.755691 0.000000
vt  0.490597 0.755691 0.000000
vt  0.490411 0.779040 0.000000
vt  0.490411 0.779040 0.000000
vt  0.490411 0.779040 0.000000
vt  0.491050 0.819998 0.000000
vt  0.491050 0.819998 0.000000
vt  0.492834 0.852928 0.000000
vt  0.492834 0.852928 0.000000
vt  0.496140 0.883014 0.000000
vt  0.496140 0.883014 0.000000
vt  0.496140 0.883014 0.000000
vt  0.500665 0.903479 0.000000
vt  0.500665 0.903479 0.000000
vt  0.508087 0.913044 0.000000
vt  0.508087 0.913044 0.000000
vt  0.508087 0.913044 0.000000
vt  0.514720 0.909466 0.000000
vt  0.514720 0.909466 0.000000
vt  0.520360 0.898784 0.000000
vt  0.520360 0.898784 0.000000
vt  0.520360 0.898784 0.000000
vt  0.525162 0.886215 0.000000
vt  0.525162 0.886215 0.000000
vt  0.525162 0.886215 0.000000
vt  0.526629 0.974861 0.000000
vt  0.526629 0.974861 0.000000
vt  0.526629 0.974861 0.000000
vt  0.524362 0.980815 0.000000
vt  0.524362 0.980815 0.000000
vt  0.524362 0.980815 0.000000
vt  0.516330 0.995441 0.000000
vt  0.516330 0.995441 0.000000
vt  0.508820 1.000000 0.000000
vt  0.508820 1.000000 0.000000
vt  0.508820 1.000000 0.000000
vt  0.505635 0.998958 0.000000
vt  0.505635 0.998958 0.000000
vt  0.503155 0.996433 0.000000
vt  0.503155 0.996433 0.000000
vt  0.503155 0.996433 0.000000
vt  0.494099 0.971179 0.000000
vt  0.494099 0.971179 0.000000
vt  0.487355 0.928415 0.000000
vt  0.487355 0.928415 0.000000
vt  0.487355 0.928415 0.000000
vt  0.483545 0.884909 0.000000
vt  0.483545 0.884909 0.000000
vt  0.481343 0.836320 0.000000
vt  0.481343 0.836320 0.000000
vt  0.480540 0.776404 0.000000
vt  0.480540 0.776404 0.000000
vt  0.480540 0.776404 0.000000
vt  0.481482 0.715544 0.000000
vt  0.481482 0.715544 0.000000
vt  0.484891 0.644436 0.000000
vt  0.484891 0.644436 0.000000
vt  0.484891 0.644436 0.000000
vt  0.487424 0.608185 0.000000
vt  0.487424 0.608185 0.000000
vt  0.490006 0.576669 0.000000
vt  0.490006 0.576669 0.000000
vt  0.490006 0.576669 0.000000
vt  0.492453 0.550570 0.000000
vt  0.492453 0.550570 0.000000
vt  0.496147 0.515090 0.000000
vt  0.496147 0.515090 0.000000
vt  0.496147 0.515090 0.000000
vt  0.504552 0.437689 0.000000
vt  0.504552 0.437689 0.000000
vt  0.504552 0.437689 0.000000
vt  0.507787 0.404693 0.000000
vt  0.507787 0.404693 0.000000
vt  0.510923 0.366669 0.000000
vt  0.510923 0.366669 0.000000
vt  0.510923 0.366669 0.000000
vt  0.512830 0.336341 0.000000
vt  0.512830 0.336341 0.000000
vt  0.514251 0.301958 0.000000
vt  0.514251 0.301958 0.000000
vt  0.514251 0.301958 0.000000
vt  0.514717 0.282061 0.000000
vt  0.514717 0.282061 0.000000
vt  0.514904 0.258409 0.000000
vt  0.514904 0.258409 0.000000
vt  0.514904 0.258409 0.000000
vt  0.514086 0.203669 0.000000
vt  0.514086 0.203669 0.000000
vt  0.511745 0.160552 0.000000
vt  0.511745 0.160552 0.000000
vt  0.507493 0.122697 0.000000
vt  0.507493 0.122697 0.000000
vt  0.507493 0.122697 0.000000
vt  0.503834 0.104329 0.000000
vt  0.503834 0.104329 0.000000
vt  0.498954 0.091317 0.000000
vt  0.498954 0.091317 0.000000
vt  0.492012 0.086201 0.000000
vt  0.492012 0.086201 0.000000
vt  0.492012 0.086201 0.000000
vt  0.486922 0.088686 0.000000
vt  0.486922 0.088686 0.000000
vt  0.483808 0.093687 0.000000
vt  0.483808 0.093687 0.000000
vt  0.483808 0.093687 0.000000
vt  0.475004 0.113534 0.000000
vt  0.475004 0.113534 0.000000
vt  0.475004 0.113534 0.000000
vt  0.535701 0.160503 0.000000
vt  0.535701 0.160503 0.000000
vt  0.535701 0.160503 0.000000
vt  0.528697 0.019595 0.000000
vt  0.528697 0.019595 0.000000
vt  0.528697 0.019595 0.000000
vt  0.541237 0.019595 0.000000
vt  0.541237 0.019595 0.000000
vt  0.541237 0.019595 0.000000
vt  0.543371 0.085087 0.000000
vt  0.543371 0.085087 0.000000
vt  0.543371 0.085087 0.000000
vt  0.545031 0.130580 0.000000
vt  0.545031 0.130580 0.000000
vt  0.547173 0.183657 0.000000
vt  0.547173 0.183657 0.000000
vt  0.547173 0.183657 0.000000
vt  0.554243 0.349043 0.000000
vt  0.554243 0.349043 0.000000
vt  0.554243 0.349043 0.000000
vt  0.587393 0.349043 0.000000
vt  0.587393 0.349043 0.000000
vt  0.587393 0.349043 0.000000
vt  0.590261 0.197549 0.000000
vt  0.590261 0.197549 0.000000
vt  0.590261 0.197549 0.000000
vt  0.593329 0.019595 0.000000
vt  0.593329 0.019595 0.000000
vt  0.593329 0.019595 0.000000
vt  0.604468 0.019595 0.000000
vt  0.604468 0.019595 0.000000
vt  0.604468 0.019595 0.000000
vt  0.600800 0.173734 0.000000
vt  0.600800 0.173734 0.000000
vt  0.600800 0.173734 0.000000
vt  0.597131 0.345735 0.000000
vt  0.597131 0.345735 0.000000
vt  0.597131 0.345735 0.000000
vt  0.595988 0.403473 0.000000
vt  0.595988 0.403473 0.000000
vt  0.594777 0.467798 0.000000
vt  0.594777 0.467798 0.000000
vt  0.593504 0.538696 0.000000
vt  0.593504 0.538696 0.000000
vt  0.592171 0.616152 0.000000
vt  0.592171 0.616152 0.000000
vt  0.592171 0.616152 0.000000
vt  0.591459 0.658658 0.000000
vt  0.591459 0.658658 0.000000
vt  0.590793 0.699087 0.000000
vt  0.590793 0.699087 0.000000
vt  0.590178 0.737453 0.000000
vt  0.590178 0.737453 0.000000
vt  0.589618 0.773770 0.000000
vt  0.589618 0.773770 0.000000
vt  0.589118 0.808056 0.000000
vt  0.589118 0.808056 0.000000
vt  0.588681 0.840330 0.000000
vt  0.588681 0.840330 0.000000
vt  0.588312 0.870610 0.000000
vt  0.588312 0.870610 0.000000
vt  0.588016 0.898919 0.000000
vt  0.588016 0.898919 0.000000
vt  0.587797 0.925281 0.000000
vt  0.587797 0.925281 0.000000
vt  0.587660 0.949723 0.000000
vt  0.587660 0.949723 0.000000
vt  0.587660 0.949723 0.000000
vt  0.587460 1.000000 0.000000
vt  0.587460 1.000000 0.000000
vt  0.587460 1.000000 0.000000
vt  0.570985 0.957000 0.000000
vt  0.570985 0.957000 0.000000
vt  0.570985 0.957000 0.000000
vt  0.569784 0.914661 0.000000
vt  0.569784 0.914661 0.000000
vt  0.569784 0.914661 0.000000
vt  0.568110 0.863654 0.000000
vt  0.568110 0.863654 0.000000
vt  0.565916 0.810137 0.000000
vt  0.565916 0.810137 0.000000
vt  0.565916 0.810137 0.000000
vt  0.552843 0.528982 0.000000
vt  0.552843 0.528982 0.000000
vt  0.552843 0.528982 0.000000
vt  0.557445 0.426443 0.000000
vt  0.557445 0.426443 0.000000
vt  0.557445 0.426443 0.000000
vt  0.561514 0.510459 0.000000
vt  0.561514 0.510459 0.000000
vt  0.561514 0.510459 0.000000
vt  0.562888 0.539787 0.000000
vt  0.562888 0.539787 0.000000
vt  0.564416 0.572989 0.000000
vt  0.564416 0.572989 0.000000
vt  0.566097 0.610069 0.000000
vt  0.566097 0.610069 0.000000
vt  0.567931 0.651035 0.000000
vt  0.567931 0.651035 0.000000
vt  0.569916 0.695891 0.000000
vt  0.569916 0.695891 0.000000
vt  0.572052 0.744645 0.000000
vt  0.572052 0.744645 0.000000
vt  0.572052 0.744645 0.000000
vt  0.579122 0.906723 0.000000
vt  0.579122 0.906723 0.000000
vt  0.579122 0.906723 0.000000
vt  0.580923 0.784337 0.000000
vt  0.580923 0.784337 0.000000
vt  0.580923 0.784337 0.000000
vt  0.583725 0.596459 0.000000
vt  0.583725 0.596459 0.000000
vt  0.583725 0.596459 0.000000
vt  0.586393 0.426443 0.000000
vt  0.586393 0.426443 0.000000
vt  0.586393 0.426443 0.000000
vt  0.620210 0.094349 0.000000
vt  0.620210 0.094349 0.000000
vt  0.620210 0.094349 0.000000
vt  0.618609 0.019595 0.000000
vt  0.618609 0.019595 0.000000
vt  0.618609 0.019595 0.000000
vt  0.666766 0.019595 0.000000
vt  0.666766 0.019595 0.000000
vt  0.666766 0.019595 0.000000
vt  0.668767 0.106918 0.000000
vt  0.668767 0.106918 0.000000
vt  0.668767 0.106918 0.000000
vt  0.663831 0.103610 0.000000
vt  0.663831 0.103610 0.000000
vt  0.663831 0.103610 0.000000
vt  0.654320 0.098015 0.000000
vt  0.654320 0.098015 0.000000
vt  0.644555 0.096333 0.000000
vt  0.644555 0.096333 0.000000
vt  0.644555 0.096333 0.000000
vt  0.630148 0.096995 0.000000
vt  0.630148 0.096995 0.000000
vt  0.630148 0.096995 0.000000
vt  0.634083 0.370212 0.000000
vt  0.634083 0.370212 0.000000
vt  0.634083 0.370212 0.000000
vt  0.638619 0.702968 0.000000
vt  0.638619 0.702968 0.000000
vt  0.638619 0.702968 0.000000
vt  0.639808 0.784470 0.000000
vt  0.639808 0.784470 0.000000
vt  0.641487 0.872322 0.000000
vt  0.641487 0.872322 0.000000
vt  0.641487 0.872322 0.000000
vt  0.643755 0.980154 0.000000
vt  0.643755 0.980154 0.000000
vt  0.643755 0.980154 0.000000
vt  0.630815 0.980154 0.000000
vt  0.630815 0.980154 0.000000
vt  0.630815 0.980154 0.000000
vt  0.631148 0.921277 0.000000
vt  0.631148 0.921277 0.000000
vt  0.631148 0.921277 0.000000
vt  0.631015 0.849830 0.000000
vt  0.631015 0.849830 0.000000
vt  0.631015 0.849830 0.000000
vt  0.630760 0.824018 0.000000
vt  0.630760 0.824018 0.000000
vt  0.630471 0.795998 0.000000
vt  0.630471 0.795998 0.000000
vt  0.630135 0.765796 0.000000
vt  0.630135 0.765796 0.000000
vt  0.629742 0.733449 0.000000
vt  0.629742 0.733449 0.000000
vt  0.629281 0.698998 0.000000
vt  0.629281 0.698998 0.000000
vt  0.629281 0.698998 0.000000
vt  0.623211 0.267011 0.000000
vt  0.623211 0.267011 0.000000
vt  0.623211 0.267011 0.000000
vt  0.621896 0.182983 0.000000
vt  0.621896 0.182983 0.000000
vt  0.683241 0.135364 0.000000
vt  0.683241 0.135364 0.000000
vt  0.683241 0.135364 0.000000
vt  0.680707 0.019595 0.000000
vt  0.680707 0.019595 0.000000
vt  0.680707 0.019595 0.000000
vt  0.691312 0.019595 0.000000
vt  0.691312 0.019595 0.000000
vt  0.691312 0.019595 0.000000
vt  0.692379 0.139995 0.000000
vt  0.692379 0.139995 0.000000
vt  0.692379 0.139995 0.000000
vt  0.693246 0.216073 0.000000
vt  0.693246 0.216073 0.000000
vt  0.693246 0.216073 0.000000
vt  0.694380 0.298104 0.000000
vt  0.694380 0.298104 0.000000
vt  0.694380 0.298104 0.000000
vt  0.698582 0.560736 0.000000
vt  0.698582 0.560736 0.000000
vt  0.698582 0.560736 0.000000
vt  0.703985 0.906061 0.000000
vt  0.703985 0.906061 0.000000
vt  0.703985 0.906061 0.000000
vt  0.715191 0.390720 0.000000
vt  0.715191 0.390720 0.000000
vt  0.715191 0.390720 0.000000
vt  0.719126 0.202842 0.000000
vt  0.719126 0.202842 0.000000
vt  0.719126 0.202842 0.000000
vt  0.720660 0.120149 0.000000
vt  0.720660 0.120149 0.000000
vt  0.720660 0.120149 0.000000
vt  0.721460 0.064579 0.000000
vt  0.721460 0.064579 0.000000
vt  0.721460 0.064579 0.000000
vt  0.722061 0.000410 0.000000
vt  0.722061 0.000410 0.000000
vt  0.722061 0.000410 0.000000
vt  0.735201 0.019595 0.000000
vt  0.735201 0.019595 0.000000
vt  0.735201 0.019595 0.000000
vt  0.741270 0.160503 0.000000
vt  0.741270 0.160503 0.000000
vt  0.741270 0.160503 0.000000
vt  0.744955 0.245156 0.000000
vt  0.744955 0.245156 0.000000
vt  0.748375 0.321435 0.000000
vt  0.748375 0.321435 0.000000
vt  0.751511 0.389355 0.000000
vt  0.751511 0.389355 0.000000
vt  0.754344 0.448935 0.000000
vt  0.754344 0.448935 0.000000
vt  0.754344 0.448935 0.000000
vt  0.764082 0.650706 0.000000
vt  0.764082 0.650706 0.000000
vt  0.764082 0.650706 0.000000
vt  0.765505 0.680495 0.000000
vt  0.765505 0.680495 0.000000
vt  0.766843 0.708188 0.000000
vt  0.766843 0.708188 0.000000
vt  0.768098 0.733783 0.000000
vt  0.768098 0.733783 0.000000
vt  0.769268 0.757280 0.000000
vt  0.769268 0.757280 0.000000
vt  0.770356 0.778676 0.000000
vt  0.770356 0.778676 0.000000
vt  0.771361 0.797969 0.000000
vt  0.771361 0.797969 0.000000
vt  0.772284 0.815158 0.000000
vt  0.772284 0.815158 0.000000
vt  0.773126 0.830240 0.000000
vt  0.773126 0.830240 0.000000
vt  0.773887 0.843215 0.000000
vt  0.773887 0.843215 0.000000
vt  0.773887 0.843215 0.000000
vt  0.777689 0.906061 0.000000
vt  0.777689 0.906061 0.000000
vt  0.777689 0.906061 0.000000
vt  0.774087 0.610352 0.000000
vt  0.774087 0.610352 0.000000
vt  0.774087 0.610352 0.000000
vt  0.768884 0.196888 0.000000
vt  0.768884 0.196888 0.000000
vt  0.768884 0.196888 0.000000
vt  0.766216 0.019595 0.000000
vt  0.766216 0.019595 0.000000
vt  0.766216 0.019595 0.000000
vt  0.777088 0.019595 0.000000
vt  0.777088 0.019595 0.000000
vt  0.777088 0.019595 0.000000
vt  0.777288 0.100303 0.000000
vt  0.777288 0.100303 0.000000
vt  0.777288 0.100303 0.000000
vt  0.777471 0.134869 0.000000
vt  0.777471 0.134869 0.000000
vt  0.777807 0.176802 0.000000
vt  0.777807 0.176802 0.000000
vt  0.778285 0.226132 0.000000
vt  0.778285 0.226132 0.000000
vt  0.778889 0.282888 0.000000
vt  0.778889 0.282888 0.000000
vt  0.778889 0.282888 0.000000
vt  0.781424 0.513767 0.000000
vt  0.781424 0.513767 0.000000
vt  0.781424 0.513767 0.000000
vt  0.781790 0.547381 0.000000
vt  0.781790 0.547381 0.000000
vt  0.782146 0.579707 0.000000
vt  0.782146 0.579707 0.000000
vt  0.782493 0.610744 0.000000
vt  0.782493 0.610744 0.000000
vt  0.782830 0.640493 0.000000
vt  0.782830 0.640493 0.000000
vt  0.783159 0.668952 0.000000
vt  0.783159 0.668952 0.000000
vt  0.783478 0.696122 0.000000
vt  0.783478 0.696122 0.000000
vt  0.783790 0.722002 0.000000
vt  0.783790 0.722002 0.000000
vt  0.784093 0.746593 0.000000
vt  0.784093 0.746593 0.000000
vt  0.784388 0.769893 0.000000
vt  0.784388 0.769893 0.000000
vt  0.784676 0.791902 0.000000
vt  0.784676 0.791902 0.000000
vt  0.784957 0.812621 0.000000
vt  0.784957 0.812621 0.000000
vt  0.785231 0.832049 0.000000
vt  0.785231 0.832049 0.000000
vt  0.785498 0.850185 0.000000
vt  0.785498 0.850185 0.000000
vt  0.785759 0.867030 0.000000
vt  0.785759 0.867030 0.000000
vt  0.785759 0.867030 0.000000
vt  0.787560 0.980154 0.000000
vt  0.787560 0.980154 0.000000
vt  0.787560 0.980154 0.000000
vt  0.771819 0.980154 0.000000
vt  0.771819 0.980154 0.000000
vt  0.771819 0.980154 0.000000
vt  0.760813 0.762506 0.000000
vt  0.760813 0.762506 0.000000
vt  0.760813 0.762506 0.000000
vt  0.759712 0.740180 0.000000
vt  0.759712 0.740180 0.000000
vt  0.758585 0.717333 0.000000
vt  0.758585 0.717333 0.000000
vt  0.757432 0.693957 0.000000
vt  0.757432 0.693957 0.000000
vt  0.756256 0.670048 0.000000
vt  0.756256 0.670048 0.000000
vt  0.755057 0.645597 0.000000
vt  0.755057 0.645597 0.000000
vt  0.753837 0.620600 0.000000
vt  0.753837 0.620600 0.000000
vt  0.752597 0.595050 0.000000
vt  0.752597 0.595050 0.000000
vt  0.751337 0.568943 0.000000
vt  0.751337 0.568943 0.000000
vt  0.750061 0.542275 0.000000
vt  0.750061 0.542275 0.000000
vt  0.748768 0.515040 0.000000
vt  0.748768 0.515040 0.000000
vt  0.747460 0.487236 0.000000
vt  0.747460 0.487236 0.000000
vt  0.746139 0.458859 0.000000
vt  0.746139 0.458859 0.000000
vt  0.746139 0.458859 0.000000
vt  0.738269 0.288842 0.000000
vt  0.738269 0.288842 0.000000
vt  0.738269 0.288842 0.000000
vt  0.732466 0.155211 0.000000
vt  0.732466 0.155211 0.000000
vt  0.732466 0.155211 0.000000
vt  0.729531 0.084426 0.000000
vt  0.729531 0.084426 0.000000
vt  0.729531 0.084426 0.000000
vt  0.728264 0.164472 0.000000
vt  0.728264 0.164472 0.000000
vt  0.728264 0.164472 0.000000
vt  0.726065 0.289764 0.000000
vt  0.726065 0.289764 0.000000
vt  0.724862 0.348381 0.000000
vt  0.724862 0.348381 0.000000
vt  0.724862 0.348381 0.000000
vt  0.718726 0.622921 0.000000
vt  0.718726 0.622921 0.000000
vt  0.718726 0.622921 0.000000
vt  0.716002 0.743999 0.000000
vt  0.716002 0.743999 0.000000
vt  0.713790 0.854461 0.000000
vt  0.713790 0.854461 0.000000
vt  0.713790 0.854461 0.000000
vt  0.711389 0.980154 0.000000
vt  0.711389 0.980154 0.000000
vt  0.711389 0.980154 0.000000
vt  0.695981 0.980154 0.000000
vt  0.695981 0.980154 0.000000
vt  0.695981 0.980154 0.000000
vt  0.695848 0.937153 0.000000
vt  0.695848 0.937153 0.000000
vt  0.695848 0.937153 0.000000
vt  0.695504 0.886103 0.000000
vt  0.695504 0.886103 0.000000
vt  0.694977 0.842557 0.000000
vt  0.694977 0.842557 0.000000
vt  0.694977 0.842557 0.000000
vt  0.694699 0.823701 0.000000
vt  0.694699 0.823701 0.000000
vt  0.694381 0.802704 0.000000
vt  0.694381 0.802704 0.000000
vt  0.694023 0.779563 0.000000
vt  0.694023 0.779563 0.000000
vt  0.693624 0.754278 0.000000
vt  0.693624 0.754278 0.000000
vt  0.693185 0.726847 0.000000
vt  0.693185 0.726847 0.000000
vt  0.692705 0.697267 0.000000
vt  0.692705 0.697267 0.000000
vt  0.692185 0.665537 0.000000
vt  0.692185 0.665537 0.000000
vt  0.691624 0.631655 0.000000
vt  0.691624 0.631655 0.000000
vt  0.691022 0.595620 0.000000
vt  0.691022 0.595620 0.000000
vt  0.690378 0.557428 0.000000
vt  0.690378 0.557428 0.000000
vt  0.690378 0.557428 0.000000
vt  0.796298 0.160503 0.000000
vt  0.796298 0.160503 0.000000
vt  0.796298 0.160503 0.000000
vt  0.789294 0.019595 0.000000
vt  0.789294 0.019595 0.000000
vt  0.789294 0.019595 0.000000
vt  0.801834 0.019595 0.000000
vt  0.801834 0.019595 0.000000
vt  0.801834 0.019595 0.000000
vt  0.803968 0.085087 0.000000
vt  0.803968 0.085087 0.000000
vt  0.803968 0.085087 0.000000
vt  0.805628 0.130580 0.000000
vt  0.805628 0.130580 0.000000
vt  0.807770 0.183657 0.000000
vt  0.807770 0.183657 0.000000
vt  0.807770 0.183657 0.000000
vt  0.814840 0.349043 0.000000
vt  0.814840 0.349043 0.000000
vt  0.814840 0.349043 0.000000
vt  0.847990 0.349043 0.000000
vt  0.847990 0.349043 0.000000
vt  0.847990 0.349043 0.000000
vt  0.850859 0.197549 0.000000
vt  0.850859 0.197549 0.000000
vt  0.850859 0.197549 0.000000
vt  0.853927 0.019595 0.000000
vt  0.853927 0.019595 0.000000
vt  0.853927 0.019595 0.000000
vt  0.865066 0.019595 0.000000
vt  0.865066 0.019595 0.000000
vt  0.865066 0.019595 0.000000
vt  0.861397 0.173734 0.000000
vt  0.861397 0.173734 0.000000
vt  0.861397 0.173734 0.000000
vt  0.857729 0.345735 0.000000
vt  0.857729 0.345735 0.000000
vt  0.857729 0.345735 0.000000
vt  0.856585 0.403473 0.000000
vt  0.856585 0.403473 0.000000
vt  0.855375 0.467799 0.000000
vt  0.855375 0.467799 0.000000
vt  0.854101 0.538696 0.000000
vt  0.854101 0.538696 0.000000
vt  0.852768 0.616152 0.000000
vt  0.852768 0.616152 0.000000
vt  0.852768 0.616152 0.000000
vt  0.852056 0.658658 0.000000
vt  0.852056 0.658658 0.000000
vt  0.851391 0.699087 0.000000
vt  0.851391 0.699087 0.000000
vt  0.850776 0.737453 0.000000
vt  0.850776 0.737453 0.000000
vt  0.850216 0.773770 0.000000
vt  0.850216 0.773770 0.000000
vt  0.849715 0.808056 0.000000
vt  0.849715 0.808056 0.000000
vt  0.849278 0.840330 0.000000
vt  0.849278 0.840330 0.000000
vt  0.848909 0.870610 0.000000
vt  0.848909 0.870610 0.000000
vt  0.848613 0.898919 0.000000
vt  0.848613 0.898919 0.000000
vt  0.848394 0.925281 0.000000
vt  0.848394 0.925281 0.000000
vt  0.848257 0.949723 0.000000
vt  0.848257 0.949723 0.000000
vt  0.848257 0.949723 0.000000
vt  0.848057 1.000000 0.000000
vt  0.848057 1.000000 0.000000
vt  0.848057 1.000000 0.000000
vt  0.831582 0.957000 0.000000
vt  0.831582 0.957000 0.000000
vt  0.831582 0.957000 0.000000
vt  0.830382 0.914661 0.000000
vt  0.830382 0.914661 0.000000
vt  0.830382 0.914661 0.000000
vt  0.828707 0.863653 0.000000
vt  0.828707 0.863653 0.000000
vt  0.826513 0.810137 0.000000
vt  0.826513 0.810137 0.000000
vt  0.826513 0.810137 0.000000
vt  0.813440 0.528982 0.000000
vt  0.813440 0.528982 0.000000
vt  0.813440 0.528982 0.000000
vt  0.818042 0.426443 0.000000
vt  0.818042 0.426443 0.000000
vt  0.818042 0.426443 0.000000
vt  0.822111 0.510459 0.000000
vt  0.822111 0.510459 0.000000
vt  0.822111 0.510459 0.000000
vt  0.823485 0.539787 0.000000
vt  0.823485 0.539787 0.000000
vt  0.825014 0.572989 0.000000
vt  0.825014 0.572989 0.000000
vt  0.826695 0.610069 0.000000
vt  0.826695 0.610069 0.000000
vt  0.828528 0.651035 0.000000
vt  0.828528 0.651035 0.000000
vt  0.830513 0.695891 0.000000
vt  0.830513 0.695891 0.000000
vt  0.832649 0.744645 0.000000
vt  0.832649 0.744645 0.000000
vt  0.832649 0.744645 0.000000
vt  0.839720 0.906723 0.000000
vt  0.839720 0.906723 0.000000
vt  0.839720 0.906723 0.000000
vt  0.841521 0.784337 0.000000
vt  0.841521 0.784337 0.000000
vt  0.841521 0.784337 0.000000
vt  0.844322 0.596459 0.000000
vt  0.844322 0.596459 0.000000
vt  0.844322 0.596459 0.000000
vt  0.846990 0.426443 0.000000
vt  0.846990 0.426443 0.000000
vt  0.846990 0.426443 0.000000
vt  0.881874 0.120149 0.000000
vt  0.881874 0.120149 0.000000
vt  0.881874 0.120149 0.000000
vt  0.879406 0.019595 0.000000
vt  0.879406 0.019595 0.000000
vt  0.879406 0.019595 0.000000
vt  0.891212 0.019595 0.000000
vt  0.891212 0.019595 0.000000
vt  0.891212 0.019595 0.000000
vt  0.891546 0.094349 0.000000
vt  0.891546 0.094349 0.000000
vt  0.891546 0.094349 0.000000
vt  0.891859 0.135870 0.000000
vt  0.891859 0.135870 0.000000
vt  0.892379 0.184793 0.000000
vt  0.892379 0.184793 0.000000
vt  0.893080 0.241211 0.000000
vt  0.893080 0.241211 0.000000
vt  0.893080 0.241211 0.000000
vt  0.895881 0.456874 0.000000
vt  0.895881 0.456874 0.000000
vt  0.895881 0.456874 0.000000
vt  0.901284 0.896138 0.000000
vt  0.901284 0.896138 0.000000
vt  0.901284 0.896138 0.000000
vt  0.915024 0.583228 0.000000
vt  0.915024 0.583228 0.000000
vt  0.915024 0.583228 0.000000
vt  0.916143 0.557015 0.000000
vt  0.916143 0.557015 0.000000
vt  0.917240 0.531351 0.000000
vt  0.917240 0.531351 0.000000
vt  0.918314 0.506234 0.000000
vt  0.918314 0.506234 0.000000
vt  0.919362 0.481658 0.000000
vt  0.919362 0.481658 0.000000
vt  0.920386 0.457621 0.000000
vt  0.920386 0.457621 0.000000
vt  0.921383 0.434118 0.000000
vt  0.921383 0.434118 0.000000
vt  0.922352 0.411145 0.000000
vt  0.922352 0.411145 0.000000
vt  0.923294 0.388696 0.000000
vt  0.923294 0.388696 0.000000
vt  0.924206 0.366766 0.000000
vt  0.924206 0.366766 0.000000
vt  0.925088 0.345351 0.000000
vt  0.925088 0.345351 0.000000
vt  0.925939 0.324445 0.000000
vt  0.925939 0.324445 0.000000
vt  0.926758 0.304041 0.000000
vt  0.926758 0.304041 0.000000
vt  0.927545 0.284133 0.000000
vt  0.927545 0.284133 0.000000
vt  0.928298 0.264715 0.000000
vt  0.928298 0.264715 0.000000
vt  0.929016 0.245779 0.000000
vt  0.929016 0.245779 0.000000
vt  0.929698 0.227319 0.000000
vt  0.929698 0.227319 0.000000
vt  0.929698 0.227319 0.000000
vt  0.937969 0.000410 0.000000
vt  0.937969 0.000410 0.000000
vt  0.937969 0.000410 0.000000
vt  0.951442 0.019595 0.000000
vt  0.951442 0.019595 0.000000
vt  0.951442 0.019595 0.000000
vt  0.952309 0.106257 0.000000
vt  0.952309 0.106257 0.000000
vt  0.952309 0.106257 0.000000
vt  0.952976 0.161826 0.000000
vt  0.952976 0.161826 0.000000
vt  0.952976 0.161826 0.000000
vt  0.956912 0.448274 0.000000
vt  0.956912 0.448274 0.000000
vt  0.956912 0.448274 0.000000
vt  0.960980 0.739352 0.000000
vt  0.960980 0.739352 0.000000
vt  0.960980 0.739352 0.000000
vt  0.961825 0.800345 0.000000
vt  0.961825 0.800345 0.000000
vt  0.962669 0.854394 0.000000
vt  0.962669 0.854394 0.000000
vt  0.963515 0.901430 0.000000
vt  0.963515 0.901430 0.000000
vt  0.963515 0.901430 0.000000
vt  0.965049 0.980154 0.000000
vt  0.965049 0.980154 0.000000
vt  0.965049 0.980154 0.000000
vt  0.954377 0.980154 0.000000
vt  0.954377 0.980154 0.000000
vt  0.954377 0.980154 0.000000
vt  0.954177 0.941784 0.000000
vt  0.954177 0.941784 0.000000
vt  0.954177 0.941784 0.000000
vt  0.953516 0.858922 0.000000
vt  0.953516 0.858922 0.000000
vt  0.952643 0.783014 0.000000
vt  0.952643 0.783014 0.000000
vt  0.952643 0.783014 0.000000
vt  0.948774 0.507813 0.000000
vt  0.948774 0.507813 0.000000
vt  0.948774 0.507813 0.000000
vt  0.945373 0.241211 0.000000
vt  0.945373 0.241211 0.000000
vt  0.945373 0.241211 0.000000
vt  0.943572 0.090380 0.000000
vt  0.943572 0.090380 0.000000
vt  0.943572 0.090380 0.000000
vt  0.939836 0.196226 0.000000
vt  0.939836 0.196226 0.000000
vt  0.939836 0.196226 0.000000
vt  0.938864 0.223316 0.000000
vt  0.938864 0.223316 0.000000
vt  0.937935 0.249127 0.000000
vt  0.937935 0.249127 0.000000
vt  0.937047 0.273658 0.000000
vt  0.937047 0.273658 0.000000
vt  0.936200 0.296912 0.000000
vt  0.936200 0.296912 0.000000
vt  0.935394 0.318888 0.000000
vt  0.935394 0.318888 0.000000
vt  0.934628 0.339588 0.000000
vt  0.934628 0.339588 0.000000
vt  0.933901 0.359012 0.000000
vt  0.933901 0.359012 0.000000
vt  0.933213 0.377161 0.000000
vt  0.933213 0.377161 0.000000
vt  0.932562 0.394037 0.000000
vt  0.932562 0.394037 0.000000
vt  0.931949 0.409639 0.000000
vt  0.931949 0.409639 0.000000
vt  0.931372 0.423969 0.000000
vt  0.931372 0.423969 0.000000
vt  0.930832 0.437028 0.000000
vt  0.930832 0.437028 0.000000
vt  0.930832 0.437028 0.000000
vt  0.920894 0.673198 0.000000
vt  0.920894 0.673198 0.000000
vt  0.920894 0.673198 0.000000
vt  0.920062 0.692753 0.000000
vt  0.920062 0.692753 0.000000
vt  0.919256 0.711718 0.000000
vt  0.919256 0.711718 0.000000
vt  0.918474 0.730093 0.000000
vt  0.918474 0.730093 0.000000
vt  0.917717 0.747874 0.000000
vt  0.917717 0.747874 0.000000
vt  0.916983 0.765058 0.000000
vt  0.916983 0.765058 0.000000
vt  0.916272 0.781642 0.000000
vt  0.916272 0.781642 0.000000
vt  0.915582 0.797625 0.000000
vt  0.915582 0.797625 0.000000
vt  0.914914 0.813005 0.000000
vt  0.914914 0.813005 0.000000
vt  0.914266 0.827778 0.000000
vt  0.914266 0.827778 0.000000
vt  0.913638 0.841944 0.000000
vt  0.913638 0.841944 0.000000
vt  0.913029 0.855499 0.000000
vt  0.913029 0.855499 0.000000
vt  0.912437 0.868444 0.000000
vt  0.912437 0.868444 0.000000
vt  0.911863 0.880775 0.000000
vt  0.911863 0.880775 0.000000
vt  0.911305 0.892492 0.000000
vt  0.911305 0.892492 0.000000
vt  0.910763 0.903592 0.000000
vt  0.910763 0.903592 0.000000
vt  0.910236 0.914075 0.000000
vt  0.910236 0.914075 0.000000
vt  0.909722 0.923940 0.000000
vt  0.909722 0.923940 0.000000
vt  0.909221 0.933184 0.000000
vt  0.909221 0.933184 0.000000
vt  0.909221 0.933184 0.000000
vt  0.906620 0.980154 0.000000
vt  0.906620 0.980154 0.000000
vt  0.906620 0.980154 0.000000
vt  0.893013 0.980154 0.000000
vt  0.893013 0.980154 0.000000
vt  0.893013 0.980154 0.000000
vt  0.892680 0.918630 0.000000
vt  0.892680 0.918630 0.000000
vt  0.892680 0.918630 0.000000
vt  0.892153 0.853611 0.000000
vt  0.892153 0.853611 0.000000
vt  0.891354 0.780039 0.000000
vt  0.891354 0.780039 0.000000
vt  0.890278 0.697675 0.000000
vt  0.890278 0.697675 0.000000
vt  0.890278 0.697675 0.000000
vt  0.884542 0.288181 0.000000
vt  0.884542 0.288181 0.000000
vt  0.884542 0.288181 0.000000
vt  0.884336 0.273866 0.000000
vt  0.884336 0.273866 0.000000
vt  0.884139 0.260102 0.000000
vt  0.884139 0.260102 0.000000
vt  0.883949 0.246887 0.000000
vt  0.883949 0.246887 0.000000
vt  0.883767 0.234224 0.000000
vt  0.883767 0.234224 0.000000
vt  0.883592 0.222112 0.000000
vt  0.883592 0.222112 0.000000
vt  0.883424 0.210555 0.000000
vt  0.883424 0.210555 0.000000
vt  0.883261 0.199551 0.000000
vt  0.883261 0.199551 0.000000
vt  0.883105 0.189102 0.000000
vt  0.883105 0.189102 0.000000
vt  0.882953 0.179209 0.000000
vt  0.882953 0.179209 0.000000
vt  0.882807 0.169873 0.000000
vt  0.882807 0.169873 0.000000
vt  0.882665 0.161093 0.000000
vt  0.882665 0.161093 0.000000
vt  0.882526 0.152872 0.000000
vt  0.882526 0.152872 0.000000
vt  0.882391 0.145209 0.000000
vt  0.882391 0.145209 0.000000
vt  0.882259 0.138104 0.000000
vt  0.882259 0.138104 0.000000
vt  0.882129 0.131559 0.000000
vt  0.882129 0.131559 0.000000
vt  0.882001 0.125574 0.000000
vt  0.882001 0.125574 0.000000
vt  0.979190 0.197549 0.000000
vt  0.979190 0.197549 0.000000
vt  0.979190 0.197549 0.000000
vt  0.976121 0.019595 0.000000
vt  0.976121 0.019595 0.000000
vt  0.976121 0.019595 0.000000
vt  0.987194 0.019595 0.000000
vt  0.987194 0.019595 0.000000
vt  0.987194 0.019595 0.000000
vt  0.988527 0.161826 0.000000
vt  0.988527 0.161826 0.000000
vt  0.988527 0.161826 0.000000
vt  0.990862 0.345073 0.000000
vt  0.990862 0.345073 0.000000
vt  0.990862 0.345073 0.000000
vt  0.996932 0.794922 0.000000
vt  0.996932 0.794922 0.000000
vt  0.996932 0.794922 0.000000
vt  0.998999 0.925246 0.000000
vt  0.998999 0.925246 0.000000
vt  0.998999 0.925246 0.000000
vt  1.000000 0.980154 0.000000
vt  1.000000 0.980154 0.000000
vt  1.000000 0.980154 0.000000
vt  0.988061 0.980154 0.000000
vt  0.988061 0.980154 0.000000
vt  0.988061 0.980154 0.000000
vt  0.987927 0.872322 0.000000
vt  0.987927 0.872322 0.000000
vt  0.987927 0.872322 0.000000
vt  0.987804 0.852973 0.000000
vt  0.987804 0.852973 0.000000
vt  0.987679 0.833671 0.000000
vt  0.987679 0.833671 0.000000
vt  0.987543 0.814357 0.000000
vt  0.987543 0.814357 0.000000
vt  0.987384 0.794928 0.000000
vt  0.987384 0.794928 0.000000
vt  0.987192 0.775794 0.000000
vt  0.987192 0.775794 0.000000
vt  0.986993 0.759860 0.000000
vt  0.986993 0.759860 0.000000
vt  0.986993 0.759860 0.000000
vt  0.983125 0.478705 0.000000
vt  0.983125 0.478705 0.000000
vt  0.983125 0.478705 0.000000
vt  0.006502 0.747952 0.000000
vt  0.006502 0.747952 0.000000
vt  0.006502 0.747952 0.000000
vt  0.012482 0.843452 0.000000
vt  0.012482 0.843452 0.000000
vt  0.019310 0.912007 0.000000
vt  0.019310 0.912007 0.000000
vt  0.027254 0.961464 0.000000
vt  0.027254 0.961464 0.000000
vt  0.027254 0.961464 0.000000
vt  0.035619 0.990165 0.000000
vt  0.035619 0.990165 0.000000
vt  0.044788 0.999523 0.000000
vt  0.044788 0.999523 0.000000
vt  0.044788 0.999523 0.000000
vt  0.053475 0.989896 0.000000
vt  0.053475 0.989896 0.000000
vt  0.060338 0.965813 0.000000
vt  0.060338 0.965813 0.000000
vt  0.066093 0.928547 0.000000
vt  0.066093 0.928547 0.000000
vt  0.071147 0.875227 0.000000
vt  0.071147 0.875227 0.000000
vt  0.071147 0.875227 0.000000
vt  0.075315 0.804136 0.000000
vt  0.075315 0.804136 0.000000
vt  0.078192 0.713018 0.000000
vt  0.078192 0.713018 0.000000
vt  0.079369 0.590504 0.000000
vt  0.079369 0.590504 0.000000
vt  0.079369 0.590504 0.000000
vt  0.078097 0.452301 0.000000
vt  0.078097 0.452301 0.000000
vt  0.074329 0.324600 0.000000
vt  0.074329 0.324600 0.000000
vt  0.067903 0.201707 0.000000
vt  0.067903 0.201707 0.000000
vt  0.067903 0.201707 0.000000
vt  0.059943 0.104223 0.000000
vt  0.059943 0.104223 0.000000
vt  0.052008 0.045163 0.000000
vt  0.052008 0.045163 0.000000
vt  0.043618 0.011642 0.000000
vt  0.043618 0.011642 0.000000
vt  0.034049 0.000113 0.000000
vt  0.034049 0.000113 0.000000
vt  0.034049 0.000113 0.000000
vt  0.026042 0.010005 0.000000
vt  0.026042 0.010005 0.000000
vt  0.019390 0.036850 0.000000
vt  0.019390 0.036850 0.000000
vt  0.013441 0.081925 0.000000
vt  0.013441 0.081925 0.000000
vt  0.007829 0.153184 0.000000
vt  0.007829 0.153184 0.000000
vt  0.007829 0.153184 0.000000
vt  0.003665 0.238108 0.000000
vt  0.003665 0.238108 0.000000
vt  0.000980 0.336907 0.000000
vt  0.000980 0.336907 0.000000
vt  0.000000 0.456214 0.000000
vt  0.000000 0.456214 0.000000
vt  0.000000 0.456214 0.000000
vt  0.001765 0.615035 0.000000
vt  0.001765 0.615035 0.000000
vt  0.009904 0.456874 0.000000
vt  0.009904 0.456874 0.000000
vt  0.009904 0.456874 0.000000
vt  0.010645 0.346603 0.000000
vt  0.010645 0.346603 0.000000
vt  0.012864 0.262224 0.000000
vt  0.012864 0.262224 0.000000
vt  0.012864 0.262224 0.000000
vt  0.016492 0.189089 0.000000
vt  0.016492 0.189089 0.000000
vt  0.020453 0.141335 0.000000
vt  0.020453 0.141335 0.000000
vt  0.024855 0.109194 0.000000
vt  0.024855 0.109194 0.000000
vt  0.024855 0.109194 0.000000
vt  0.029379 0.091429 0.000000
vt  0.029379 0.091429 0.000000
vt  0.034719 0.085381 0.000000
vt  0.034719 0.085381 0.000000
vt  0.034719 0.085381 0.000000
vt  0.041446 0.094936 0.000000
vt  0.041446 0.094936 0.000000
vt  0.047523 0.122134 0.000000
vt  0.047523 0.122134 0.000000
vt  0.047523 0.122134 0.000000
vt  0.052872 0.163258 0.000000
vt  0.052872 0.163258 0.000000
vt  0.057736 0.218662 0.000000
vt  0.057736 0.218662 0.000000
vt  0.057736 0.218662 0.000000
vt  0.062214 0.291576 0.000000
vt  0.062214 0.291576 0.000000
vt  0.065843 0.377563 0.000000
vt  0.065843 0.377563 0.000000
vt  0.065843 0.377563 0.000000
vt  0.068562 0.485321 0.000000
vt  0.068562 0.485321 0.000000
vt  0.069497 0.595800 0.000000
vt  0.069497 0.595800 0.000000
vt  0.069497 0.595800 0.000000
vt  0.068731 0.691148 0.000000
vt  0.068731 0.691148 0.000000
vt  0.066798 0.760144 0.000000
vt  0.066798 0.760144 0.000000
vt  0.064025 0.813188 0.000000
vt  0.064025 0.813188 0.000000
vt  0.064025 0.813188 0.000000
vt  0.058987 0.867399 0.000000
vt  0.058987 0.867399 0.000000
vt  0.052798 0.899782 0.000000
vt  0.052798 0.899782 0.000000
vt  0.044520 0.912325 0.000000
vt  0.044520 0.912325 0.000000
vt  0.044520 0.912325 0.000000
vt  0.035463 0.899449 0.000000
vt  0.035463 0.899449 0.000000
vt  0.027547 0.861284 0.000000
vt  0.027547 0.861284 0.000000
vt  0.019994 0.790676 0.000000
vt  0.019994 0.790676 0.000000
vt  0.019994 0.790676 0.000000
vt  0.015520 0.723746 0.000000
vt  0.015520 0.723746 0.000000
vt  0.012575 0.652876 0.000000
vt  0.012575 0.652876 0.000000
vt  0.012575 0.652876 0.000000
vt  0.010570 0.561804 0.000000
vt  0.010570 0.561804 0.000000
vt  0.090878 0.118826 0.000000
vt  0.090878 0.118826 0.000000
vt  0.090878 0.118826 0.000000
vt  0.093679 0.285534 0.000000
vt  0.093679 0.285534 0.000000
vt  0.093679 0.285534 0.000000
vt  0.095091 0.377774 0.000000
vt  0.095091 0.377774 0.000000
vt  0.096023 0.455117 0.000000
vt  0.096023 0.455117 0.000000
vt  0.096544 0.517286 0.000000
vt  0.096544 0.517286 0.000000
vt  0.096722 0.564046 0.000000
vt  0.096722 0.564046 0.000000
vt  0.096722 0.564046 0.000000
vt  0.096548 0.607450 0.000000
vt  0.096548 0.607450 0.000000
vt  0.095814 0.664598 0.000000
vt  0.095814 0.664598 0.000000
vt  0.095814 0.664598 0.000000
vt  0.095080 0.702306 0.000000
vt  0.095080 0.702306 0.000000
vt  0.095080 0.702306 0.000000
vt  0.103417 0.712891 0.000000
vt  0.103417 0.712891 0.000000
vt  0.103417 0.712891 0.000000
vt  0.104084 0.677829 0.000000
vt  0.104084 0.677829 0.000000
vt  0.104084 0.677829 0.000000
vt  0.105018 0.617629 0.000000
vt  0.105018 0.617629 0.000000
vt  0.105018 0.617629 0.000000
vt  0.108020 0.652690 0.000000
vt  0.108020 0.652690 0.000000
vt  0.108020 0.652690 0.000000
vt  0.112269 0.689984 0.000000
vt  0.112269 0.689984 0.000000
vt  0.117362 0.712927 0.000000
vt  0.117362 0.712927 0.000000
vt  0.123895 0.721790 0.000000
vt  0.123895 0.721790 0.000000
vt  0.123895 0.721790 0.000000
vt  0.129508 0.715058 0.000000
vt  0.129508 0.715058 0.000000
vt  0.133904 0.696745 0.000000
vt  0.133904 0.696745 0.000000
vt  0.137618 0.666773 0.000000
vt  0.137618 0.666773 0.000000
vt  0.140903 0.620275 0.000000
vt  0.140903 0.620275 0.000000
vt  0.140903 0.620275 0.000000
vt  0.142037 0.597782 0.000000
vt  0.142037 0.597782 0.000000
vt  0.142037 0.597782 0.000000
vt  0.143637 0.620275 0.000000
vt  0.143637 0.620275 0.000000
vt  0.143637 0.620275 0.000000
vt  0.149177 0.677536 0.000000
vt  0.149177 0.677536 0.000000
vt  0.155549 0.710338 0.000000
vt  0.155549 0.710338 0.000000
vt  0.163381 0.722152 0.000000
vt  0.163381 0.722152 0.000000
vt  0.163381 0.722152 0.000000
vt  0.169146 0.714715 0.000000
vt  0.169146 0.714715 0.000000
vt  0.174040 0.693766 0.000000
vt  0.174040 0.693766 0.000000
vt  0.178563 0.657081 0.000000
vt  0.178563 0.657081 0.000000
vt  0.178563 0.657081 0.000000
vt  0.181376 0.618400 0.000000
vt  0.181376 0.618400 0.000000
vt  0.183254 0.569335 0.000000
vt  0.183254 0.569335 0.000000
vt  0.184034 0.502508 0.000000
vt  0.184034 0.502508 0.000000
vt  0.184034 0.502508 0.000000
vt  0.183877 0.451562 0.000000
vt  0.183877 0.451562 0.000000
vt  0.183257 0.390720 0.000000
vt  0.183257 0.390720 0.000000
vt  0.183257 0.390720 0.000000
vt  0.181323 0.256427 0.000000
vt  0.181323 0.256427 0.000000
vt  0.181323 0.256427 0.000000
vt  0.180397 0.186537 0.000000
vt  0.180397 0.186537 0.000000
vt  0.179656 0.111549 0.000000
vt  0.179656 0.111549 0.000000
vt  0.179656 0.111549 0.000000
vt  0.178922 0.019595 0.000000
vt  0.178922 0.019595 0.000000
vt  0.178922 0.019595 0.000000
vt  0.168783 0.019595 0.000000
vt  0.168783 0.019595 0.000000
vt  0.168783 0.019595 0.000000
vt  0.170918 0.182995 0.000000
vt  0.170918 0.182995 0.000000
vt  0.170918 0.182995 0.000000
vt  0.174053 0.393366 0.000000
vt  0.174053 0.393366 0.000000
vt  0.174053 0.393366 0.000000
vt  0.174544 0.437093 0.000000
vt  0.174544 0.437093 0.000000
vt  0.174741 0.484666 0.000000
vt  0.174741 0.484666 0.000000
vt  0.174741 0.484666 0.000000
vt  0.173982 0.546778 0.000000
vt  0.173982 0.546778 0.000000
vt  0.172175 0.585763 0.000000
vt  0.172175 0.585763 0.000000
vt  0.169578 0.612258 0.000000
vt  0.169578 0.612258 0.000000
vt  0.169578 0.612258 0.000000
vt  0.165652 0.632215 0.000000
vt  0.165652 0.632215 0.000000
vt  0.161380 0.638429 0.000000
vt  0.161380 0.638429 0.000000
vt  0.161380 0.638429 0.000000
vt  0.155961 0.629684 0.000000
vt  0.155961 0.629684 0.000000
vt  0.151884 0.607692 0.000000
vt  0.151884 0.607692 0.000000
vt  0.148475 0.570042 0.000000
vt  0.148475 0.570042 0.000000
vt  0.145561 0.504537 0.000000
vt  0.145561 0.504537 0.000000
vt  0.145561 0.504537 0.000000
vt  0.144559 0.465476 0.000000
vt  0.144559 0.465476 0.000000
vt  0.143728 0.422542 0.000000
vt  0.143728 0.422542 0.000000
vt  0.143728 0.422542 0.000000
vt  0.142226 0.327020 0.000000
vt  0.142226 0.327020 0.000000
vt  0.141042 0.237373 0.000000
vt  0.141042 0.237373 0.000000
vt  0.140194 0.153470 0.000000
vt  0.140194 0.153470 0.000000
vt  0.139702 0.075164 0.000000
vt  0.139702 0.075164 0.000000
vt  0.139702 0.075164 0.000000
vt  0.139502 0.019595 0.000000
vt  0.139502 0.019595 0.000000
vt  0.139502 0.019595 0.000000
vt  0.129497 0.019595 0.000000
vt  0.129497 0.019595 0.000000
vt  0.129497 0.019595 0.000000
vt  0.131031 0.140657 0.000000
vt  0.131031 0.140657 0.000000
vt  0.131031 0.140657 0.000000
vt  0.133766 0.323242 0.000000
vt  0.133766 0.323242 0.000000
vt  0.133766 0.323242 0.000000
vt  0.135233 0.421812 0.000000
vt  0.135233 0.421812 0.000000
vt  0.135233 0.421812 0.000000
vt  0.135512 0.448138 0.000000
vt  0.135512 0.448138 0.000000
vt  0.135633 0.490622 0.000000
vt  0.135633 0.490622 0.000000
vt  0.135633 0.490622 0.000000
vt  0.135128 0.539350 0.000000
vt  0.135128 0.539350 0.000000
vt  0.133948 0.572151 0.000000
vt  0.133948 0.572151 0.000000
vt  0.132320 0.595396 0.000000
vt  0.132320 0.595396 0.000000
vt  0.132320 0.595396 0.000000
vt  0.129467 0.618865 0.000000
vt  0.129467 0.618865 0.000000
vt  0.126196 0.633095 0.000000
vt  0.126196 0.633095 0.000000
vt  0.122226 0.638561 0.000000
vt  0.122226 0.638561 0.000000
vt  0.122226 0.638561 0.000000
vt  0.118959 0.635301 0.000000
vt  0.118959 0.635301 0.000000
vt  0.116009 0.625206 0.000000
vt  0.116009 0.625206 0.000000
vt  0.116009 0.625206 0.000000
vt  0.112210 0.598946 0.000000
vt  0.112210 0.598946 0.000000
vt  0.108896 0.555376 0.000000
vt  0.108896 0.555376 0.000000
vt  0.106103 0.481467 0.000000
vt  0.106103 0.481467 0.000000
vt  0.106103 0.481467 0.000000
vt  0.105070 0.435284 0.000000
vt  0.105070 0.435284 0.000000
vt  0.104351 0.394689 0.000000
vt  0.104351 0.394689 0.000000
vt  0.104351 0.394689 0.000000
vt  0.102217 0.253780 0.000000
vt  0.102217 0.253780 0.000000
vt  0.102217 0.253780 0.000000
vt  0.101144 0.172910 0.000000
vt  0.101144 0.172910 0.000000
vt  0.100549 0.110226 0.000000
vt  0.100549 0.110226 0.000000
vt  0.100549 0.110226 0.000000
vt  0.100016 0.019595 0.000000
vt  0.100016 0.019595 0.000000
vt  0.100016 0.019595 0.000000
vt  0.089010 0.019595 0.000000
vt  0.089010 0.019595 0.000000
vt  0.089010 0.019595 0.000000
vt  0.209871 0.708921 0.000000
vt  0.209871 0.708921 0.000000
vt  0.209871 0.708921 0.000000
vt  0.212339 0.712891 0.000000
vt  0.212339 0.712891 0.000000
vt  0.212339 0.712891 0.000000
vt  0.218127 0.719881 0.000000
vt  0.218127 0.719881 0.000000
vt  0.223744 0.722152 0.000000
vt  0.223744 0.722152 0.000000
vt  0.223744 0.722152 0.000000
vt  0.228363 0.719486 0.000000
vt  0.228363 0.719486 0.000000
vt  0.233207 0.711191 0.000000
vt  0.233207 0.711191 0.000000
vt  0.233207 0.711191 0.000000
vt  0.239433 0.689165 0.000000
vt  0.239433 0.689165 0.000000
vt  0.243573 0.660462 0.000000
vt  0.243573 0.660462 0.000000
vt  0.246446 0.624932 0.000000
vt  0.246446 0.624932 0.000000
vt  0.248354 0.579032 0.000000
vt  0.248354 0.579032 0.000000
vt  0.249146 0.515083 0.000000
vt  0.249146 0.515083 0.000000
vt  0.249146 0.515083 0.000000
vt  0.249031 0.482701 0.000000
vt  0.249031 0.482701 0.000000
vt  0.248690 0.443643 0.000000
vt  0.248690 0.443643 0.000000
vt  0.248690 0.443643 0.000000
vt  0.247089 0.343089 0.000000
vt  0.247089 0.343089 0.000000
vt  0.247089 0.343089 0.000000
vt  0.245762 0.253255 0.000000
vt  0.245762 0.253255 0.000000
vt  0.244807 0.171533 0.000000
vt  0.244807 0.171533 0.000000
vt  0.244288 0.097657 0.000000
vt  0.244288 0.097657 0.000000
vt  0.244288 0.097657 0.000000
vt  0.244155 0.019595 0.000000
vt  0.244155 0.019595 0.000000
vt  0.244155 0.019595 0.000000
vt  0.236151 0.019595 0.000000
vt  0.236151 0.019595 0.000000
vt  0.236151 0.019595 0.000000
vt  0.235950 0.051349 0.000000
vt  0.235950 0.051349 0.000000
vt  0.235950 0.051349 0.000000
vt  0.236084 0.100303 0.000000
vt  0.236084 0.100303 0.000000
vt  0.236084 0.100303 0.000000
vt  0.232482 0.067887 0.000000
vt  0.232482 0.067887 0.000000
vt  0.232482 0.067887 0.000000
vt  0.227122 0.029919 0.000000
vt  0.227122 0.029919 0.000000
vt  0.221450 0.007865 0.000000
vt  0.221450 0.007865 0.000000
vt  0.215206 0.000068 0.000000
vt  0.215206 0.000068 0.000000
vt  0.215206 0.000068 0.000000
vt  0.209406 0.006665 0.000000
vt  0.209406 0.006665 0.000000
vt  0.204705 0.025064 0.000000
vt  0.204705 0.025064 0.000000
vt  0.200616 0.055488 0.000000
vt  0.200616 0.055488 0.000000
vt  0.200616 0.055488 0.000000
vt  0.197509 0.094693 0.000000
vt  0.197509 0.094693 0.000000
vt  0.195586 0.140962 0.000000
vt  0.195586 0.140962 0.000000
vt  0.194831 0.200860 0.000000
vt  0.194831 0.200860 0.000000
vt  0.194831 0.200860 0.000000
vt  0.195566 0.263306 0.000000
vt  0.195566 0.263306 0.000000
vt  0.197806 0.320744 0.000000
vt  0.197806 0.320744 0.000000
vt  0.201868 0.377473 0.000000
vt  0.201868 0.377473 0.000000
vt  0.201868 0.377473 0.000000
vt  0.206315 0.416585 0.000000
vt  0.206315 0.416585 0.000000
vt  0.211808 0.446267 0.000000
vt  0.211808 0.446267 0.000000
vt  0.218882 0.466448 0.000000
vt  0.218882 0.466448 0.000000
vt  0.218882 0.466448 0.000000
vt  0.223853 0.473105 0.000000
vt  0.223853 0.473105 0.000000
vt  0.229080 0.475397 0.000000
vt  0.229080 0.475397 0.000000
vt  0.229080 0.475397 0.000000
vt  0.233650 0.474018 0.000000
vt  0.233650 0.474018 0.000000
vt  0.238885 0.469443 0.000000
vt  0.238885 0.469443 0.000000
vt  0.238885 0.469443 0.000000
vt  0.240553 0.467459 0.000000
vt  0.240553 0.467459 0.000000
vt  0.240553 0.467459 0.000000
vt  0.241020 0.511120 0.000000
vt  0.241020 0.511120 0.000000
vt  0.241020 0.511120 0.000000
vt  0.240931 0.524710 0.000000
vt  0.240931 0.524710 0.000000
vt  0.240746 0.536823 0.000000
vt  0.240746 0.536823 0.000000
vt  0.240478 0.547728 0.000000
vt  0.240478 0.547728 0.000000
vt  0.240136 0.557641 0.000000
vt  0.240136 0.557641 0.000000
vt  0.239724 0.566735 0.000000
vt  0.239724 0.566735 0.000000
vt  0.239242 0.575151 0.000000
vt  0.239242 0.575151 0.000000
vt  0.238688 0.583002 0.000000
vt  0.238688 0.583002 0.000000
vt  0.238055 0.590375 0.000000
vt  0.238055 0.590375 0.000000
vt  0.237333 0.597335 0.000000
vt  0.237333 0.597335 0.000000
vt  0.236509 0.603925 0.000000
vt  0.236509 0.603925 0.000000
vt  0.235565 0.610165 0.000000
vt  0.235565 0.610165 0.000000
vt  0.234478 0.616051 0.000000
vt  0.234478 0.616051 0.000000
vt  0.233550 0.620213 0.000000
vt  0.233550 0.620213 0.000000
vt  0.232508 0.624128 0.000000
vt  0.232508 0.624128 0.000000
vt  0.231334 0.627753 0.000000
vt  0.231334 0.627753 0.000000
vt  0.230004 0.631027 0.000000
vt  0.230004 0.631027 0.000000
vt  0.228810 0.633339 0.000000
vt  0.228810 0.633339 0.000000
vt  0.227482 0.635319 0.000000
vt  0.227482 0.635319 0.000000
vt  0.226000 0.636899 0.000000
vt  0.226000 0.636899 0.000000
vt  0.224340 0.637993 0.000000
vt  0.224340 0.637993 0.000000
vt  0.222477 0.638495 0.000000
vt  0.222477 0.638495 0.000000
vt  0.222477 0.638495 0.000000
vt  0.217736 0.636999 0.000000
vt  0.217736 0.636999 0.000000
vt  0.211271 0.630198 0.000000
vt  0.211271 0.630198 0.000000
vt  0.211271 0.630198 0.000000
vt  0.208337 0.625567 0.000000
vt  0.208337 0.625567 0.000000
vt  0.208337 0.625567 0.000000
vt  0.239419 0.384104 0.000000
vt  0.239419 0.384104 0.000000
vt  0.239419 0.384104 0.000000
vt  0.237151 0.388074 0.000000
vt  0.237151 0.388074 0.000000
vt  0.237151 0.388074 0.000000
vt  0.235647 0.389972 0.000000
vt  0.235647 0.389972 0.000000
vt  0.233313 0.391184 0.000000
vt  0.233313 0.391184 0.000000
vt  0.230547 0.391563 0.000000
vt  0.230547 0.391563 0.000000
vt  0.230547 0.391563 0.000000
vt  0.219868 0.381807 0.000000
vt  0.219868 0.381807 0.000000
vt  0.213204 0.359006 0.000000
vt  0.213204 0.359006 0.000000
vt  0.213204 0.359006 0.000000
vt  0.208947 0.330598 0.000000
vt  0.208947 0.330598 0.000000
vt  0.206311 0.299448 0.000000
vt  0.206311 0.299448 0.000000
vt  0.204755 0.263427 0.000000
vt  0.204755 0.263427 0.000000
vt  0.204215 0.218048 0.000000
vt  0.204215 0.218048 0.000000
vt  0.204215 0.218048 0.000000
vt  0.204753 0.175203 0.000000
vt  0.204753 0.175203 0.000000
vt  0.206012 0.143763 0.000000
vt  0.206012 0.143763 0.000000
vt  0.207920 0.118660 0.000000
vt  0.207920 0.118660 0.000000
vt  0.207920 0.118660 0.000000
vt  0.210434 0.099495 0.000000
vt  0.210434 0.099495 0.000000
vt  0.213545 0.087294 0.000000
vt  0.213545 0.087294 0.000000
vt  0.217675 0.082744 0.000000
vt  0.217675 0.082744 0.000000
vt  0.217675 0.082744 0.000000
vt  0.222215 0.088741 0.000000
vt  0.222215 0.088741 0.000000
vt  0.226312 0.105614 0.000000
vt  0.226312 0.105614 0.000000
vt  0.230267 0.135505 0.000000
vt  0.230267 0.135505 0.000000
vt  0.230267 0.135505 0.000000
vt  0.234328 0.187045 0.000000
vt  0.234328 0.187045 0.000000
vt  0.237174 0.255223 0.000000
vt  0.237174 0.255223 0.000000
vt  0.237174 0.255223 0.000000
vt  0.238185 0.297214 0.000000
vt  0.238185 0.297214 0.000000
vt  0.238885 0.338458 0.000000
vt  0.238885 0.338458 0.000000
vt  0.238885 0.338458 0.000000
vt  0.263097 0.141980 0.000000
vt  0.263097 0.141980 0.000000
vt  0.263097 0.141980 0.000000
vt  0.263349 0.155242 0.000000
vt  0.263349 0.155242 0.000000
vt  0.263598 0.169143 0.000000
vt  0.263598 0.169143 0.000000
vt  0.263844 0.183685 0.000000
vt  0.263844 0.183685 0.000000
vt  0.264090 0.198871 0.000000
vt  0.264090 0.198871 0.000000
vt  0.264335 0.214703 0.000000
vt  0.264335 0.214703 0.000000
vt  0.264583 0.231184 0.000000
vt  0.264583 0.231184 0.000000
vt  0.264833 0.248314 0.000000
vt  0.264833 0.248314 0.000000
vt  0.265087 0.266095 0.000000
vt  0.265087 0.266095 0.000000
vt  0.265346 0.284529 0.000000
vt  0.265346 0.284529 0.000000
vt  0.265611 0.303615 0.000000
vt  0.265611 0.303615 0.000000
vt  0.265884 0.323356 0.000000
vt  0.265884 0.323356 0.000000
vt  0.266166 0.343750 0.000000
vt  0.266166 0.343750 0.000000
vt  0.266166 0.343750 0.000000
vt  0.267433 0.448274 0.000000
vt  0.267433 0.448274 0.000000
vt  0.267433 0.448274 0.000000
vt  0.267881 0.503961 0.000000
vt  0.267881 0.503961 0.000000
vt  0.267997 0.552803 0.000000
vt  0.267997 0.552803 0.000000
vt  0.267997 0.552803 0.000000
vt  0.267833 0.606769 0.000000
vt  0.267833 0.606769 0.000000
vt  0.267233 0.660629 0.000000
vt  0.267233 0.660629 0.000000
vt  0.267233 0.660629 0.000000
vt  0.266499 0.702306 0.000000
vt  0.266499 0.702306 0.000000
vt  0.266499 0.702306 0.000000
vt  0.275170 0.712891 0.000000
vt  0.275170 0.712891 0.000000
vt  0.275170 0.712891 0.000000
vt  0.275837 0.673198 0.000000
vt  0.275837 0.673198 0.000000
vt  0.275837 0.673198 0.000000
vt  0.276371 0.621598 0.000000
vt  0.276371 0.621598 0.000000
vt  0.276371 0.621598 0.000000
vt  0.278172 0.640121 0.000000
vt  0.278172 0.640121 0.000000
vt  0.278172 0.640121 0.000000
vt  0.283604 0.682709 0.000000
vt  0.283604 0.682709 0.000000
vt  0.290316 0.710371 0.000000
vt  0.290316 0.710371 0.000000
vt  0.299315 0.722152 0.000000
vt  0.299315 0.722152 0.000000
vt  0.299315 0.722152 0.000000
vt  0.301517 0.720829 0.000000
vt  0.301517 0.720829 0.000000
vt  0.301517 0.720829 0.000000
vt  0.300850 0.637475 0.000000
vt  0.300850 0.637475 0.000000
vt  0.300850 0.637475 0.000000
vt  0.296047 0.638798 0.000000
vt  0.296047 0.638798 0.000000
vt  0.296047 0.638798 0.000000
vt  0.289487 0.633666 0.000000
vt  0.289487 0.633666 0.000000
vt  0.284972 0.618499 0.000000
vt  0.284972 0.618499 0.000000
vt  0.281705 0.596470 0.000000
vt  0.281705 0.596470 0.000000
vt  0.279274 0.567404 0.000000
vt  0.279274 0.567404 0.000000
vt  0.277549 0.528575 0.000000
vt  0.277549 0.528575 0.000000
vt  0.277549 0.528575 0.000000
vt  0.276627 0.492597 0.000000
vt  0.276627 0.492597 0.000000
vt  0.276171 0.464151 0.000000
vt  0.276171 0.464151 0.000000
vt  0.276171 0.464151 0.000000
vt  0.274970 0.379473 0.000000
vt  0.274970 0.379473 0.000000
vt  0.274970 0.379473 0.000000
vt  0.273036 0.202842 0.000000
vt  0.273036 0.202842 0.000000
vt  0.273036 0.202842 0.000000
vt  0.272102 0.100303 0.000000
vt  0.272102 0.100303 0.000000
vt  0.272102 0.100303 0.000000
vt  0.271502 0.019595 0.000000
vt  0.271502 0.019595 0.000000
vt  0.271502 0.019595 0.000000
vt  0.260696 0.019595 0.000000
vt  0.260696 0.019595 0.000000
vt  0.260696 0.019595 0.000000
vt  0.348273 0.136026 0.000000
vt  0.348273 0.136026 0.000000
vt  0.348273 0.136026 0.000000
vt  0.348360 0.140006 0.000000
vt  0.348360 0.140006 0.000000
vt  0.348449 0.144239 0.000000
vt  0.348449 0.144239 0.000000
vt  0.348539 0.148725 0.000000
vt  0.348539 0.148725 0.000000
vt  0.348631 0.153462 0.000000
vt  0.348631 0.153462 0.000000
vt  0.348725 0.158452 0.000000
vt  0.348725 0.158452 0.000000
vt  0.348820 0.163695 0.000000
vt  0.348820 0.163695 0.000000
vt  0.348918 0.169189 0.000000
vt  0.348918 0.169189 0.000000
vt  0.349018 0.174936 0.000000
vt  0.349018 0.174936 0.000000
vt  0.349119 0.180935 0.000000
vt  0.349119 0.180935 0.000000
vt  0.349223 0.187186 0.000000
vt  0.349223 0.187186 0.000000
vt  0.349329 0.193690 0.000000
vt  0.349329 0.193690 0.000000
vt  0.349436 0.200445 0.000000
vt  0.349436 0.200445 0.000000
vt  0.349547 0.207453 0.000000
vt  0.349547 0.207453 0.000000
vt  0.349659 0.214712 0.000000
vt  0.349659 0.214712 0.000000
vt  0.349774 0.222224 0.000000
vt  0.349774 0.222224 0.000000
vt  0.349891 0.229987 0.000000
vt  0.349891 0.229987 0.000000
vt  0.350011 0.238003 0.000000
vt  0.350011 0.238003 0.000000
vt  0.350133 0.246270 0.000000
vt  0.350133 0.246270 0.000000
vt  0.350257 0.254789 0.000000
vt  0.350257 0.254789 0.000000
vt  0.350385 0.263561 0.000000
vt  0.350385 0.263561 0.000000
vt  0.350514 0.272583 0.000000
vt  0.350514 0.272583 0.000000
vt  0.350647 0.281858 0.000000
vt  0.350647 0.281858 0.000000
vt  0.350782 0.291384 0.000000
vt  0.350782 0.291384 0.000000
vt  0.350920 0.301162 0.000000
vt  0.350920 0.301162 0.000000
vt  0.351061 0.311191 0.000000
vt  0.351061 0.311191 0.000000
vt  0.351205 0.321472 0.000000
vt  0.351205 0.321472 0.000000
vt  0.351352 0.332005 0.000000
vt  0.351352 0.332005 0.000000
vt  0.351502 0.342788 0.000000
vt  0.351502 0.342788 0.000000
vt  0.351654 0.353823 0.000000
vt  0.351654 0.353823 0.000000
vt  0.351810 0.365110 0.000000
vt  0.351810 0.365110 0.000000
vt  0.351969 0.376647 0.000000
vt  0.351969 0.376647 0.000000
vt  0.352132 0.388436 0.000000
vt  0.352132 0.388436 0.000000
vt  0.352297 0.400476 0.000000
vt  0.352297 0.400476 0.000000
vt  0.352466 0.412767 0.000000
vt  0.352466 0.412767 0.000000
vt  0.352638 0.425309 0.000000
vt  0.352638 0.425309 0.000000
vt  0.352814 0.438101 0.000000
vt  0.352814 0.438101 0.000000
vt  0.352993 0.451145 0.000000
vt  0.352993 0.451145 0.000000
vt  0.353175 0.464439 0.000000
vt  0.353175 0.464439 0.000000
vt  0.353361 0.477984 0.000000
vt  0.353361 0.477984 0.000000
vt  0.353551 0.491780 0.000000
vt  0.353551 0.491780 0.000000
vt  0.353744 0.505826 0.000000
vt  0.353744 0.505826 0.000000
vt  0.353744 0.505826 0.000000
vt  0.354405 0.554325 0.000000
vt  0.354405 0.554325 0.000000
vt  0.355010 0.599886 0.000000
vt  0.355010 0.599886 0.000000
vt  0.355558 0.642507 0.000000
vt  0.355558 0.642507 0.000000
vt  0.356050 0.682189 0.000000
vt  0.356050 0.682189 0.000000
vt  0.356485 0.718930 0.000000
vt  0.356485 0.718930 0.000000
vt  0.356863 0.752731 0.000000
vt  0.356863 0.752731 0.000000
vt  0.357183 0.783591 0.000000
vt  0.357183 0.783591 0.000000
vt  0.357445 0.811510 0.000000
vt  0.357445 0.811510 0.000000
vt  0.357649 0.836487 0.000000
vt  0.357649 0.836487 0.000000
vt  0.357793 0.858522 0.000000
vt  0.357793 0.858522 0.000000
vt  0.357878 0.877615 0.000000
vt  0.357878 0.877615 0.000000
vt  0.357878 0.877615 0.000000
vt  0.357745 0.980154 0.000000
vt  0.357745 0.980154 0.000000
vt  0.357745 0.980154 0.000000
vt  0.403901 0.980154 0.000000
vt  0.403901 0.980154 0.000000
vt  0.403901 0.980154 0.000000
vt  0.403368 0.892830 0.000000
vt  0.403368 0.892830 0.000000
vt  0.403368 0.892830 0.000000
vt  0.397431 0.898784 0.000000
vt  0.397431 0.898784 0.000000
vt  0.397431 0.898784 0.000000
vt  0.389627 0.901430 0.000000
vt  0.389627 0.901430 0.000000
vt  0.389627 0.901430 0.000000
vt  0.368483 0.902753 0.000000
vt  0.368483 0.902753 0.000000
vt  0.368483 0.902753 0.000000
vt  0.367683 0.841891 0.000000
vt  0.367683 0.841891 0.000000
vt  0.367683 0.841891 0.000000
vt  0.365215 0.652690 0.000000
vt  0.365215 0.652690 0.000000
vt  0.365215 0.652690 0.000000
vt  0.364348 0.583228 0.000000
vt  0.364348 0.583228 0.000000
vt  0.364348 0.583228 0.000000
vt  0.383891 0.581905 0.000000
vt  0.383891 0.581905 0.000000
vt  0.383891 0.581905 0.000000
vt  0.388312 0.582043 0.000000
vt  0.388312 0.582043 0.000000
vt  0.391870 0.583274 0.000000
vt  0.391870 0.583274 0.000000
vt  0.394563 0.585875 0.000000
vt  0.394563 0.585875 0.000000
vt  0.394563 0.585875 0.000000
vt  0.398699 0.593152 0.000000
vt  0.398699 0.593152 0.000000
vt  0.398699 0.593152 0.000000
vt  0.396831 0.495905 0.000000
vt  0.396831 0.495905 0.000000
vt  0.396831 0.495905 0.000000
vt  0.388093 0.501859 0.000000
vt  0.388093 0.501859 0.000000
vt  0.388093 0.501859 0.000000
vt  0.375687 0.503843 0.000000
vt  0.375687 0.503843 0.000000
vt  0.375687 0.503843 0.000000
vt  0.363281 0.505828 0.000000
vt  0.363281 0.505828 0.000000
vt  0.363281 0.505828 0.000000
vt  0.362147 0.427766 0.000000
vt  0.362147 0.427766 0.000000
vt  0.362147 0.427766 0.000000
vt  0.358612 0.167780 0.000000
vt  0.358612 0.167780 0.000000
vt  0.358612 0.167780 0.000000
vt  0.357478 0.096995 0.000000
vt  0.357478 0.096995 0.000000
vt  0.357478 0.096995 0.000000
vt  0.374753 0.096995 0.000000
vt  0.374753 0.096995 0.000000
vt  0.374753 0.096995 0.000000
vt  0.381091 0.097684 0.000000
vt  0.381091 0.097684 0.000000
vt  0.386026 0.100303 0.000000
vt  0.386026 0.100303 0.000000
vt  0.386026 0.100303 0.000000
vt  0.394230 0.106918 0.000000
vt  0.394230 0.106918 0.000000
vt  0.394230 0.106918 0.000000
vt  0.392362 0.019595 0.000000
vt  0.392362 0.019595 0.000000
vt  0.392362 0.019595 0.000000
vt  0.345672 0.019595 0.000000
vt  0.345672 0.019595 0.000000
vt  0.345672 0.019595 0.000000
vt  0.408103 0.122134 0.000000
vt  0.408103 0.122134 0.000000
vt  0.408103 0.122134 0.000000
vt  0.411772 0.113534 0.000000
vt  0.411772 0.113534 0.000000
vt  0.411772 0.113534 0.000000
vt  0.420576 0.093687 0.000000
vt  0.420576 0.093687 0.000000
vt  0.420576 0.093687 0.000000
vt  0.423691 0.088686 0.000000
vt  0.423691 0.088686 0.000000
vt  0.428780 0.086201 0.000000
vt  0.428780 0.086201 0.000000
vt  0.428780 0.086201 0.000000
vt  0.435722 0.091317 0.000000
vt  0.435722 0.091317 0.000000
vt  0.440602 0.104329 0.000000
vt  0.440602 0.104329 0.000000
vt  0.444261 0.122697 0.000000
vt  0.444261 0.122697 0.000000
vt  0.444261 0.122697 0.000000
vt  0.448513 0.160552 0.000000
vt  0.448513 0.160552 0.000000
vt  0.450854 0.203669 0.000000
vt  0.450854 0.203669 0.000000
vt  0.451672 0.258409 0.000000
vt  0.451672 0.258409 0.000000
vt  0.451672 0.258409 0.000000
vt  0.451485 0.282061 0.000000
vt  0.451485 0.282061 0.000000
vt  0.451020 0.301958 0.000000
vt  0.451020 0.301958 0.000000
vt  0.451020 0.301958 0.000000
vt  0.449599 0.336341 0.000000
vt  0.449599 0.336341 0.000000
vt  0.447691 0.366669 0.000000
vt  0.447691 0.366669 0.000000
vt  0.447691 0.366669 0.000000
vt  0.444556 0.404693 0.000000
vt  0.444556 0.404693 0.000000
vt  0.441320 0.437689 0.000000
vt  0.441320 0.437689 0.000000
vt  0.441320 0.437689 0.000000
vt  0.432916 0.515090 0.000000
vt  0.432916 0.515090 0.000000
vt  0.432916 0.515090 0.000000
vt  0.429221 0.550570 0.000000
vt  0.429221 0.550570 0.000000
vt  0.426774 0.576669 0.000000
vt  0.426774 0.576669 0.000000
vt  0.426774 0.576669 0.000000
vt  0.424193 0.608185 0.000000
vt  0.424193 0.608185 0.000000
vt  0.421659 0.644436 0.000000
vt  0.421659 0.644436 0.000000
vt  0.421659 0.644436 0.000000
vt  0.418250 0.715544 0.000000
vt  0.418250 0.715544 0.000000
vt  0.417308 0.776404 0.000000
vt  0.417308 0.776404 0.000000
vt  0.417308 0.776404 0.000000
vt  0.418111 0.836320 0.000000
vt  0.418111 0.836320 0.000000
vt  0.420314 0.884909 0.000000
vt  0.420314 0.884909 0.000000
vt  0.424124 0.928415 0.000000
vt  0.424124 0.928415 0.000000
vt  0.424124 0.928415 0.000000
vt  0.430867 0.971179 0.000000
vt  0.430867 0.971179 0.000000
vt  0.439923 0.996433 0.000000
vt  0.439923 0.996433 0.000000
vt  0.439923 0.996433 0.000000
vt  0.442404 0.998958 0.000000
vt  0.442404 0.998958 0.000000
vt  0.445589 1.000000 0.000000
vt  0.445589 1.000000 0.000000
vt  0.445589 1.000000 0.000000
vt  0.453099 0.995441 0.000000
vt  0.453099 0.995441 0.000000
vt  0.461130 0.980815 0.000000
vt  0.461130 0.980815 0.000000
vt  0.461130 0.980815 0.000000
vt  0.463398 0.974861 0.000000
vt  0.463398 0.974861 0.000000
vt  0.463398 0.974861 0.000000
vt  0.461930 0.886215 0.000000
vt  0.461930 0.886215 0.000000
vt  0.461930 0.886215 0.000000
vt  0.457128 0.898784 0.000000
vt  0.457128 0.898784 0.000000
vt  0.457128 0.898784 0.000000
vt  0.451489 0.909466 0.000000
vt  0.451489 0.909466 0.000000
vt  0.444855 0.913044 0.000000
vt  0.444855 0.913044 0.000000
vt  0.444855 0.913044 0.000000
vt  0.437433 0.903479 0.000000
vt  0.437433 0.903479 0.000000
vt  0.432908 0.883014 0.000000
vt  0.432908 0.883014 0.000000
vt  0.432908 0.883014 0.000000
vt  0.429602 0.852928 0.000000
vt  0.429602 0.852928 0.000000
vt  0.427819 0.819998 0.000000
vt  0.427819 0.819998 0.000000
vt  0.427180 0.779040 0.000000
vt  0.427180 0.779040 0.000000
vt  0.427180 0.779040 0.000000
vt  0.427365 0.755691 0.000000
vt  0.427365 0.755691 0.000000
vt  0.427847 0.736706 0.000000
vt  0.427847 0.736706 0.000000
vt  0.427847 0.736706 0.000000
vt  0.428768 0.708764 0.000000
vt  0.428768 0.708764 0.000000
vt  0.430042 0.685907 0.000000
vt  0.430042 0.685907 0.000000
vt  0.430042 0.685907 0.000000
vt  0.432813 0.650526 0.000000
vt  0.432813 0.650526 0.000000
vt  0.435984 0.618952 0.000000
vt  0.435984 0.618952 0.000000
vt  0.435984 0.618952 0.000000
vt  0.450191 0.486643 0.000000
vt  0.450191 0.486643 0.000000
vt  0.450191 0.486643 0.000000
vt  0.452350 0.464039 0.000000
vt  0.452350 0.464039 0.000000
vt  0.455032 0.431514 0.000000
vt  0.455032 0.431514 0.000000
vt  0.455032 0.431514 0.000000
vt  0.458232 0.383862 0.000000
vt  0.458232 0.383862 0.000000
vt  0.460327 0.338204 0.000000
vt  0.460327 0.338204 0.000000
vt  0.460327 0.338204 0.000000
vt  0.461197 0.304927 0.000000
vt  0.461197 0.304927 0.000000
vt  0.461547 0.264357 0.000000
vt  0.461547 0.264357 0.000000
vt  0.461547 0.264357 0.000000
vt  0.460470 0.188182 0.000000
vt  0.460470 0.188182 0.000000
vt  0.457302 0.123357 0.000000
vt  0.457302 0.123357 0.000000
vt  0.451537 0.063113 0.000000
vt  0.451537 0.063113 0.000000
vt  0.451537 0.063113 0.000000
vt  0.446391 0.031876 0.000000
vt  0.446391 0.031876 0.000000
vt  0.439478 0.009641 0.000000
vt  0.439478 0.009641 0.000000
vt  0.429514 0.000000 0.000000
vt  0.429514 0.000000 0.000000
vt  0.429514 0.000000 0.000000
vt  0.421113 0.004926 0.000000
vt  0.421113 0.004926 0.000000
vt  0.412439 0.020918 0.000000
vt  0.412439 0.020918 0.000000
vt  0.412439 0.020918 0.000000
vt  0.406969 0.036133 0.000000
vt  0.406969 0.036133 0.000000
vt  0.406969 0.036133 0.000000
vt  0.471335 0.122134 0.000000
vt  0.471335 0.122134 0.000000
vt  0.471335 0.122134 0.000000
vt  0.475004 0.113534 0.000000
vt  0.475004 0.113534 0.000000
vt  0.475004 0.113534 0.000000
vt  0.483808 0.093687 0.000000
vt  0.483808 0.093687 0.000000
vt  0.483808 0.093687 0.000000
vt  0.486922 0.088686 0.000000
vt  0.486922 0.088686 0.000000
vt  0.492012 0.086201 0.000000
vt  0.492012 0.086201 0.000000
vt  0.492012 0.086201 0.000000
vt  0.498954 0.091317 0.000000
vt  0.498954 0.091317 0.000000
vt  0.503834 0.104329 0.000000
vt  0.503834 0.104329 0.000000
vt  0.507493 0.122697 0.000000
vt  0.507493 0.122697 0.000000
vt  0.507493 0.122697 0.000000
vt  0.511745 0.160552 0.000000
vt  0.511745 0.160552 0.000000
vt  0.514086 0.203669 0.000000
vt  0.514086 0.203669 0.000000
vt  0.514904 0.258409 0.000000
vt  0.514904 0.258409 0.000000
vt  0.514904 0.258409 0.000000
vt  0.514717 0.282061 0.000000
vt  0.514717 0.282061 0.000000
vt  0.514251 0.301958 0.000000
vt  0.514251 0.301958 0.000000
vt  0.514251 0.301958 0.000000
vt  0.512830 0.336341 0.000000
vt  0.512830 0.336341 0.000000
vt  0.510923 0.366669 0.000000
vt  0.510923 0.366669 0.000000
vt  0.510923 0.366669 0.000000
vt  0.507787 0.404693 0.000000
vt  0.507787 0.404693 0.000000
vt  0.504552 0.437689 0.000000
vt  0.504552 0.437689 0.000000
vt  0.504552 0.437689 0.000000
vt  0.496147 0.515090 0.000000
vt  0.496147 0.515090 0.000000
vt  0.496147 0.515090 0.000000
vt  0.492453 0.550570 0.000000
vt  0.492453 0.550570 0.000000
vt  0.490006 0.576669 0.000000
vt  0.490006 0.576669 0.000000
vt  0.490006 0.576669 0.000000
vt  0.487424 0.608185 0.000000
vt  0.487424 0.608185 0.000000
vt  0.484891 0.644436 0.000000
vt  0.484891 0.644436 0.000000
vt  0.484891 0.644436 0.000000
vt  0.481482 0.715544 0.000000
vt  0.481482 0.715544 0.000000
vt  0.480540 0.776404 0.000000
vt  0.480540 0.776404 0.000000
vt  0.480540 0.776404 0.000000
vt  0.481343 0.836320 0.000000
vt  0.481343 0.836320 0.000000
vt  0.483545 0.884909 0.000000
vt  0.483545 0.884909 0.000000
vt  0.487355 0.928415 0.000000
vt  0.487355 0.928415 0.000000
vt  0.487355 0.928415 0.000000
vt  0.494099 0.971179 0.000000
vt  0.494099 0.971179 0.000000
vt  0.503155 0.996433 0.000000
vt  0.503155 0.996433 0.000000
vt  0.503155 0.996433 0.000000
vt  0.505635 0.998958 0.000000
vt  0.505635 0.998958 0.000000
vt  0.508820 1.000000 0.000000
vt  0.508820 1.000000 0.000000
vt  0.508820 1.000000 0.000000
vt  0.516330 0.995441 0.000000
vt  0.516330 0.995441 0.000000
vt  0.524362 0.980815 0.000000
vt  0.524362 0.980815 0.000000
vt  0.524362 0.980815 0.000000
vt  0.526629 0.974861 0.000000
vt  0.526629 0.974861 0.000000
vt  0.526629 0.974861 0.000000
vt  0.525162 0.886215 0.000000
vt  0.525162 0.886215 0.000000
vt  0.525162 0.886215 0.000000
vt  0.520360 0.898784 0.000000
vt  0.520360 0.898784 0.000000
vt  0.520360 0.898784 0.000000
vt  0.514720 0.909466 0.000000
vt  0.514720 0.909466 0.000000
vt  0.508087 0.913044 0.000000
vt  0.508087 0.913044 0.000000
vt  0.508087 0.913044 0.000000
vt  0.500665 0.903479 0.000000
vt  0.500665 0.903479 0.000000
vt  0.496140 0.883014 0.000000
vt  0.496140 0.883014 0.000000
vt  0.496140 0.883014 0.000000
vt  0.492834 0.852928 0.000000
vt  0.492834 0.852928 0.000000
vt  0.491050 0.819998 0.000000
vt  0.491050 0.819998 0.000000
vt  0.490411 0.779040 0.000000
vt  0.490411 0.779040 0.000000
vt  0.490411 0.779040 0.000000
vt  0.490597 0.755691 0.000000
vt  0.490597 0.755691 0.000000
vt  0.491078 0.736706 0.000000
vt  0.491078 0.736706 0.000000
vt  0.491078 0.736706 0.000000
vt  0.492000 0.708764 0.000000
vt  0.492000 0.708764 0.000000
vt  0.493273 0.685907 0.000000
vt  0.493273 0.685907 0.000000
vt  0.493273 0.685907 0.000000
vt  0.496044 0.650526 0.000000
vt  0.496044 0.650526 0.000000
vt  0.499216 0.618952 0.000000
vt  0.499216 0.618952 0.000000
vt  0.499216 0.618952 0.000000
vt  0.513423 0.486643 0.000000
vt  0.513423 0.486643 0.000000
vt  0.513423 0.486643 0.000000
vt  0.515582 0.464039 0.000000
vt  0.515582 0.464039 0.000000
vt  0.518264 0.431514 0.000000
vt  0.518264 0.431514 0.000000
vt  0.518264 0.431514 0.000000
vt  0.521464 0.383862 0.000000
vt  0.521464 0.383862 0.000000
vt  0.523559 0.338204 0.000000
vt  0.523559 0.338204 0.000000
vt  0.523559 0.338204 0.000000
vt  0.524429 0.304927 0.000000
vt  0.524429 0.304927 0.000000
vt  0.524778 0.264357 0.000000
vt  0.524778 0.264357 0.000000
vt  0.524778 0.264357 0.000000
vt  0.523702 0.188182 0.000000
vt  0.523702 0.188182 0.000000
vt  0.520534 0.123357 0.000000
vt  0.520534 0.123357 0.000000
vt  0.514768 0.063113 0.000000
vt  0.514768 0.063113 0.000000
vt  0.514768 0.063113 0.000000
vt  0.509622 0.031876 0.000000
vt  0.509622 0.031876 0.000000
vt  0.502710 0.009641 0.000000
vt  0.502710 0.009641 0.000000
vt  0.492746 0.000000 0.000000
vt  0.492746 0.000000 0.000000
vt  0.492746 0.000000 0.000000
vt  0.484345 0.004926 0.000000
vt  0.484345 0.004926 0.000000
vt  0.475671 0.020918 0.000000
vt  0.475671 0.020918 0.000000
vt  0.475671 0.020918 0.000000
vt  0.470201 0.036133 0.000000
vt  0.470201 0.036133 0.000000
vt  0.470201 0.036133 0.000000
vt  0.535701 0.160503 0.000000
vt  0.535701 0.160503 0.000000
vt  0.535701 0.160503 0.000000
vt  0.552843 0.528982 0.000000
vt  0.552843 0.528982 0.000000
vt  0.552843 0.528982 0.000000
vt  0.565916 0.810137 0.000000
vt  0.565916 0.810137 0.000000
vt  0.565916 0.810137 0.000000
vt  0.568110 0.863654 0.000000
vt  0.568110 0.863654 0.000000
vt  0.569784 0.914661 0.000000
vt  0.569784 0.914661 0.000000
vt  0.569784 0.914661 0.000000
vt  0.570985 0.957000 0.000000
vt  0.570985 0.957000 0.000000
vt  0.570985 0.957000 0.000000
vt  0.587460 1.000000 0.000000
vt  0.587460 1.000000 0.000000
vt  0.587460 1.000000 0.000000
vt  0.587660 0.949723 0.000000
vt  0.587660 0.949723 0.000000
vt  0.587660 0.949723 0.000000
vt  0.587797 0.925281 0.000000
vt  0.587797 0.925281 0.000000
vt  0.588016 0.898919 0.000000
vt  0.588016 0.898919 0.000000
vt  0.588312 0.870610 0.000000
vt  0.588312 0.870610 0.000000
vt  0.588681 0.840330 0.000000
vt  0.588681 0.840330 0.000000
vt  0.589118 0.808056 0.000000
vt  0.589118 0.808056 0.000000
vt  0.589618 0.773770 0.000000
vt  0.589618 0.773770 0.000000
vt  0.590178 0.737453 0.000000
vt  0.590178 0.737453 0.000000
vt  0.590793 0.699087 0.000000
vt  0.590793 0.699087 0.000000
vt  0.591459 0.658658 0.000000
vt  0.591459 0.658658 0.000000
vt  0.592171 0.616152 0.000000
vt  0.592171 0.616152 0.000000
vt  0.592171 0.616152 0.000000
vt  0.593504 0.538696 0.000000
vt  0.593504 0.538696 0.000000
vt  0.594777 0.467798 0.000000
vt  0.594777 0.467798 0.000000
vt  0.595988 0.403473 0.000000
vt  0.595988 0.403473 0.000000
vt  0.597131 0.345735 0.000000
vt  0.597131 0.345735 0.000000
vt  0.597131 0.345735 0.000000
vt  0.600800 0.173734 0.000000
vt  0.600800 0.173734 0.000000
vt  0.600800 0.173734 0.000000
vt  0.604468 0.019595 0.000000
vt  0.604468 0.019595 0.000000
vt  0.604468 0.019595 0.000000
vt  0.593329 0.019595 0.000000
vt  0.593329 0.019595 0.000000
vt  0.593329 0.019595 0.000000
vt  0.590261 0.197549 0.000000
vt  0.590261 0.197549 0.000000
vt  0.590261 0.197549 0.000000
vt  0.587393 0.349043 0.000000
vt  0.587393 0.349043 0.000000
vt  0.587393 0.349043 0.000000
vt  0.554243 0.349043 0.000000
vt  0.554243 0.349043 0.000000
vt  0.554243 0.349043 0.000000
vt  0.547173 0.183657 0.000000
vt  0.547173 0.183657 0.000000
vt  0.547173 0.183657 0.000000
vt  0.545031 0.130580 0.000000
vt  0.545031 0.130580 0.000000
vt  0.543371 0.085087 0.000000
vt  0.543371 0.085087 0.000000
vt  0.543371 0.085087 0.000000
vt  0.541237 0.019595 0.000000
vt  0.541237 0.019595 0.000000
vt  0.541237 0.019595 0.000000
vt  0.528697 0.019595 0.000000
vt  0.528697 0.019595 0.000000
vt  0.528697 0.019595 0.000000
vt  0.557445 0.426443 0.000000
vt  0.557445 0.426443 0.000000
vt  0.557445 0.426443 0.000000
vt  0.586393 0.426443 0.000000
vt  0.586393 0.426443 0.000000
vt  0.586393 0.426443 0.000000
vt  0.583725 0.596459 0.000000
vt  0.583725 0.596459 0.000000
vt  0.583725 0.596459 0.000000
vt  0.580923 0.784337 0.000000
vt  0.580923 0.784337 0.000000
vt  0.580923 0.784337 0.000000
vt  0.579122 0.906723 0.000000
vt  0.579122 0.906723 0.000000
vt  0.579122 0.906723 0.000000
vt  0.572052 0.744645 0.000000
vt  0.572052 0.744645 0.000000
vt  0.572052 0.744645 0.000000
vt  0.569916 0.695891 0.000000
vt  0.569916 0.695891 0.000000
vt  0.567931 0.651035 0.000000
vt  0.567931 0.651035 0.000000
vt  0.566097 0.610069 0.000000
vt  0.566097 0.610069 0.000000
vt  0.564416 0.572989 0.000000
vt  0.564416 0.572989 0.000000
vt  0.562888 0.539787 0.000000
vt  0.562888 0.539787 0.000000
vt  0.561514 0.510459 0.000000
vt  0.561514 0.510459 0.000000
vt  0.561514 0.510459 0.000000
vt  0.620210 0.094349 0.000000
vt  0.620210 0.094349 0.000000
vt  0.620210 0.094349 0.000000
vt  0.621896 0.182983 0.000000
vt  0.621896 0.182983 0.000000
vt  0.623211 0.267011 0.000000
vt  0.623211 0.267011 0.000000
vt  0.623211 0.267011 0.000000
vt  0.629281 0.698998 0.000000
vt  0.629281 0.698998 0.000000
vt  0.629281 0.698998 0.000000
vt  0.629742 0.733449 0.000000
vt  0.629742 0.733449 0.000000
vt  0.630135 0.765796 0.000000
vt  0.630135 0.765796 0.000000
vt  0.630471 0.795998 0.000000
vt  0.630471 0.795998 0.000000
vt  0.630760 0.824018 0.000000
vt  0.630760 0.824018 0.000000
vt  0.631015 0.849830 0.000000
vt  0.631015 0.849830 0.000000
vt  0.631015 0.849830 0.000000
vt  0.631148 0.921277 0.000000
vt  0.631148 0.921277 0.000000
vt  0.631148 0.921277 0.000000
vt  0.630815 0.980154 0.000000
vt  0.630815 0.980154 0.000000
vt  0.630815 0.980154 0.000000
vt  0.643755 0.980154 0.000000
vt  0.643755 0.980154 0.000000
vt  0.643755 0.980154 0.000000
vt  0.641487 0.872322 0.000000
vt  0.641487 0.872322 0.000000
vt  0.641487 0.872322 0.000000
vt  0.639808 0.784470 0.000000
vt  0.639808 0.784470 0.000000
vt  0.638619 0.702968 0.000000
vt  0.638619 0.702968 0.000000
vt  0.638619 0.702968 0.000000
vt  0.634083 0.370212 0.000000
vt  0.634083 0.370212 0.000000
vt  0.634083 0.370212 0.000000
vt  0.630148 0.096995 0.000000
vt  0.630148 0.096995 0.000000
vt  0.630148 0.096995 0.000000
vt  0.644555 0.096333 0.000000
vt  0.644555 0.096333 0.000000
vt  0.644555 0.096333 0.000000
vt  0.654320 0.098015 0.000000
vt  0.654320 0.098015 0.000000
vt  0.663831 0.103610 0.000000
vt  0.663831 0.103610 0.000000
vt  0.663831 0.103610 0.000000
vt  0.668767 0.106918 0.000000
vt  0.668767 0.106918 0.000000
vt  0.668767 0.106918 0.000000
vt  0.666766 0.019595 0.000000
vt  0.666766 0.019595 0.000000
vt  0.666766 0.019595 0.000000
vt  0.618609 0.019595 0.000000
vt  0.618609 0.019595 0.000000
vt  0.618609 0.019595 0.000000
vt  0.683241 0.135364 0.000000
vt  0.683241 0.135364 0.000000
vt  0.683241 0.135364 0.000000
vt  0.690378 0.557428 0.000000
vt  0.690378 0.557428 0.000000
vt  0.690378 0.557428 0.000000
vt  0.691022 0.595620 0.000000
vt  0.691022 0.595620 0.000000
vt  0.691624 0.631655 0.000000
vt  0.691624 0.631655 0.000000
vt  0.692185 0.665537 0.000000
vt  0.692185 0.665537 0.000000
vt  0.692705 0.697267 0.000000
vt  0.692705 0.697267 0.000000
vt  0.693185 0.726847 0.000000
vt  0.693185 0.726847 0.000000
vt  0.693624 0.754278 0.000000
vt  0.693624 0.754278 0.000000
vt  0.694023 0.779563 0.000000
vt  0.694023 0.779563 0.000000
vt  0.694381 0.802704 0.000000
vt  0.694381 0.802704 0.000000
vt  0.694699 0.823701 0.000000
vt  0.694699 0.823701 0.000000
vt  0.694977 0.842557 0.000000
vt  0.694977 0.842557 0.000000
vt  0.694977 0.842557 0.000000
vt  0.695504 0.886103 0.000000
vt  0.695504 0.886103 0.000000
vt  0.695848 0.937153 0.000000
vt  0.695848 0.937153 0.000000
vt  0.695848 0.937153 0.000000
vt  0.695981 0.980154 0.000000
vt  0.695981 0.980154 0.000000
vt  0.695981 0.980154 0.000000
vt  0.711389 0.980154 0.000000
vt  0.711389 0.980154 0.000000
vt  0.711389 0.980154 0.000000
vt  0.713790 0.854461 0.000000
vt  0.713790 0.854461 0.000000
vt  0.713790 0.854461 0.000000
vt  0.716002 0.743999 0.000000
vt  0.716002 0.743999 0.000000
vt  0.718726 0.622921 0.000000
vt  0.718726 0.622921 0.000000
vt  0.718726 0.622921 0.000000
vt  0.724862 0.348381 0.000000
vt  0.724862 0.348381 0.000000
vt  0.724862 0.348381 0.000000
vt  0.726065 0.289764 0.000000
vt  0.726065 0.289764 0.000000
vt  0.728264 0.164472 0.000000
vt  0.728264 0.164472 0.000000
vt  0.728264 0.164472 0.000000
vt  0.729531 0.084426 0.000000
vt  0.729531 0.084426 0.000000
vt  0.729531 0.084426 0.000000
vt  0.732466 0.155211 0.000000
vt  0.732466 0.155211 0.000000
vt  0.732466 0.155211 0.000000
vt  0.738269 0.288842 0.000000
vt  0.738269 0.288842 0.000000
vt  0.738269 0.288842 0.000000
vt  0.746139 0.458859 0.000000
vt  0.746139 0.458859 0.000000
vt  0.746139 0.458859 0.000000
vt  0.747460 0.487236 0.000000
vt  0.747460 0.487236 0.000000
vt  0.748768 0.515040 0.000000
vt  0.748768 0.515040 0.000000
vt  0.750061 0.542275 0.000000
vt  0.750061 0.542275 0.000000
vt  0.751337 0.568943 0.000000
vt  0.751337 0.568943 0.000000
vt  0.752597 0.595050 0.000000
vt  0.752597 0.595050 0.000000
vt  0.753837 0.620600 0.000000
vt  0.753837 0.620600 0.000000
vt  0.755057 0.645597 0.000000
vt  0.755057 0.645597 0.000000
vt  0.756256 0.670048 0.000000
vt  0.756256 0.670048 0.000000
vt  0.757432 0.693957 0.000000
vt  0.757432 0.693957 0.000000
vt  0.758585 0.717333 0.000000
vt  0.758585 0.717333 0.000000
vt  0.759712 0.740180 0.000000
vt  0.759712 0.740180 0.000000
vt  0.760813 0.762506 0.000000
vt  0.760813 0.762506 0.000000
vt  0.760813 0.762506 0.000000
vt  0.771819 0.980154 0.000000
vt  0.771819 0.980154 0.000000
vt  0.771819 0.980154 0.000000
vt  0.787560 0.980154 0.000000
vt  0.787560 0.980154 0.000000
vt  0.787560 0.980154 0.000000
vt  0.785759 0.867030 0.000000
vt  0.785759 0.867030 0.000000
vt  0.785759 0.867030 0.000000
vt  0.785498 0.850185 0.000000
vt  0.785498 0.850185 0.000000
vt  0.785231 0.832049 0.000000
vt  0.785231 0.832049 0.000000
vt  0.784957 0.812621 0.000000
vt  0.784957 0.812621 0.000000
vt  0.784676 0.791902 0.000000
vt  0.784676 0.791902 0.000000
vt  0.784388 0.769893 0.000000
vt  0.784388 0.769893 0.000000
vt  0.784093 0.746593 0.000000
vt  0.784093 0.746593 0.000000
vt  0.783790 0.722002 0.000000
vt  0.783790 0.722002 0.000000
vt  0.783478 0.696122 0.000000
vt  0.783478 0.696122 0.000000
vt  0.783159 0.668952 0.000000
vt  0.783159 0.668952 0.000000
vt  0.782830 0.640493 0.000000
vt  0.782830 0.640493 0.000000
vt  0.782493 0.610744 0.000000
vt  0.782493 0.610744 0.000000
vt  0.782146 0.579707 0.000000
vt  0.782146 0.579707 0.000000
vt  0.781790 0.547381 0.000000
vt  0.781790 0.547381 0.000000
vt  0.781424 0.513767 0.000000
vt  0.781424 0.513767 0.000000
vt  0.781424 0.513767 0.000000
vt  0.778889 0.282888 0.000000
vt  0.778889 0.282888 0.000000
vt  0.778889 0.282888 0.000000
vt  0.778285 0.226132 0.000000
vt  0.778285 0.226132 0.000000
vt  0.777807 0.176802 0.000000
vt  0.777807 0.176802 0.000000
vt  0.777471 0.134869 0.000000
vt  0.777471 0.134869 0.000000
vt  0.777288 0.100303 0.000000
vt  0.777288 0.100303 0.000000
vt  0.777288 0.100303 0.000000
vt  0.777088 0.019595 0.000000
vt  0.777088 0.019595 0.000000
vt  0.777088 0.019595 0.000000
vt  0.766216 0.019595 0.000000
vt  0.766216 0.019595 0.000000
vt  0.766216 0.019595 0.000000
vt  0.768884 0.196888 0.000000
vt  0.768884 0.196888 0.000000
vt  0.768884 0.196888 0.000000
vt  0.774087 0.610352 0.000000
vt  0.774087 0.610352 0.000000
vt  0.774087 0.610352 0.000000
vt  0.777689 0.906061 0.000000
vt  0.777689 0.906061 0.000000
vt  0.777689 0.906061 0.000000
vt  0.773887 0.843215 0.000000
vt  0.773887 0.843215 0.000000
vt  0.773887 0.843215 0.000000
vt  0.773126 0.830240 0.000000
vt  0.773126 0.830240 0.000000
vt  0.772284 0.815158 0.000000
vt  0.772284 0.815158 0.000000
vt  0.771361 0.797969 0.000000
vt  0.771361 0.797969 0.000000
vt  0.770356 0.778676 0.000000
vt  0.770356 0.778676 0.000000
vt  0.769268 0.757280 0.000000
vt  0.769268 0.757280 0.000000
vt  0.768098 0.733783 0.000000
vt  0.768098 0.733783 0.000000
vt  0.766843 0.708188 0.000000
vt  0.766843 0.708188 0.000000
vt  0.765505 0.680495 0.000000
vt  0.765505 0.680495 0.000000
vt  0.764082 0.650706 0.000000
vt  0.764082 0.650706 0.000000
vt  0.764082 0.650706 0.000000
vt  0.754344 0.448935 0.000000
vt  0.754344 0.448935 0.000000
vt  0.754344 0.448935 0.000000
vt  0.751511 0.389355 0.000000
vt  0.751511 0.389355 0.000000
vt  0.748375 0.321435 0.000000
vt  0.748375 0.321435 0.000000
vt  0.744955 0.245156 0.000000
vt  0.744955 0.245156 0.000000
vt  0.741270 0.160503 0.000000
vt  0.741270 0.160503 0.000000
vt  0.741270 0.160503 0.000000
vt  0.735201 0.019595 0.000000
vt  0.735201 0.019595 0.000000
vt  0.735201 0.019595 0.000000
vt  0.722061 0.000410 0.000000
vt  0.722061 0.000410 0.000000
vt  0.722061 0.000410 0.000000
vt  0.721460 0.064579 0.000000
vt  0.721460 0.064579 0.000000
vt  0.721460 0.064579 0.000000
vt  0.720660 0.120149 0.000000
vt  0.720660 0.120149 0.000000
vt  0.720660 0.120149 0.000000
vt  0.719126 0.202842 0.000000
vt  0.719126 0.202842 0.000000
vt  0.719126 0.202842 0.000000
vt  0.715191 0.390720 0.000000
vt  0.715191 0.390720 0.000000
vt  0.715191 0.390720 0.000000
vt  0.703985 0.906061 0.000000
vt  0.703985 0.906061 0.000000
vt  0.703985 0.906061 0.000000
vt  0.698582 0.560736 0.000000
vt  0.698582 0.560736 0.000000
vt  0.698582 0.560736 0.000000
vt  0.694380 0.298104 0.000000
vt  0.694380 0.298104 0.000000
vt  0.694380 0.298104 0.000000
vt  0.693246 0.216073 0.000000
vt  0.693246 0.216073 0.000000
vt  0.693246 0.216073 0.000000
vt  0.692379 0.139995 0.000000
vt  0.692379 0.139995 0.000000
vt  0.692379 0.139995 0.000000
vt  0.691312 0.019595 0.000000
vt  0.691312 0.019595 0.000000
vt  0.691312 0.019595 0.000000
vt  0.680707 0.019595 0.000000
vt  0.680707 0.019595 0.000000
vt  0.680707 0.019595 0.000000
vt  0.796298 0.160503 0.000000
vt  0.796298 0.160503 0.000000
vt  0.796298 0.160503 0.000000
vt  0.813440 0.528982 0.000000
vt  0.813440 0.528982 0.000000
vt  0.813440 0.528982 0.000000
vt  0.826513 0.810137 0.000000
vt  0.826513 0.810137 0.000000
vt  0.826513 0.810137 0.000000
vt  0.828707 0.863653 0.000000
vt  0.828707 0.863653 0.000000
vt  0.830382 0.914661 0.000000
vt  0.830382 0.914661 0.000000
vt  0.830382 0.914661 0.000000
vt  0.831582 0.957000 0.000000
vt  0.831582 0.957000 0.000000
vt  0.831582 0.957000 0.000000
vt  0.848057 1.000000 0.000000
vt  0.848057 1.000000 0.000000
vt  0.848057 1.000000 0.000000
vt  0.848257 0.949723 0.000000
vt  0.848257 0.949723 0.000000
vt  0.848257 0.949723 0.000000
vt  0.848394 0.925281 0.000000
vt  0.848394 0.925281 0.000000
vt  0.848613 0.898919 0.000000
vt  0.848613 0.898919 0.000000
vt  0.848909 0.870610 0.000000
vt  0.848909 0.870610 0.000000
vt  0.849278 0.840330 0.000000
vt  0.849278 0.840330 0.000000
vt  0.849715 0.808056 0.000000
vt  0.849715 0.808056 0.000000
vt  0.850216 0.773770 0.000000
vt  0.850216 0.773770 0.000000
vt  0.850776 0.737453 0.000000
vt  0.850776 0.737453 0.000000
vt  0.851391 0.699087 0.000000
vt  0.851391 0.699087 0.000000
vt  0.852056 0.658658 0.000000
vt  0.852056 0.658658 0.000000
vt  0.852768 0.616152 0.000000
vt  0.852768 0.616152 0.000000
vt  0.852768 0.616152 0.000000
vt  0.854101 0.538696 0.000000
vt  0.854101 0.538696 0.000000
vt  0.855375 0.467799 0.000000
vt  0.855375 0.467799 0.000000
vt  0.856585 0.403473 0.000000
vt  0.856585 0.403473 0.000000
vt  0.857729 0.345735 0.000000
vt  0.857729 0.345735 0.000000
vt  0.857729 0.345735 0.000000
vt  0.861397 0.173734 0.000000
vt  0.861397 0.173734 0.000000
vt  0.861397 0.173734 0.000000
vt  0.865066 0.019595 0.000000
vt  0.865066 0.019595 0.000000
vt  0.865066 0.019595 0.000000
vt  0.853927 0.019595 0.000000
vt  0.853927 0.019595 0.000000
vt  0.853927 0.019595 0.000000
vt  0.850859 0.197549 0.000000
vt  0.850859 0.197549 0.000000
vt  0.850859 0.197549 0.000000
vt  0.847990 0.349043 0.000000
vt  0.847990 0.349043 0.000000
vt  0.847990 0.349043 0.000000
vt  0.814840 0.349043 0.000000
vt  0.814840 0.349043 0.000000
vt  0.814840 0.349043 0.000000
vt  0.807770 0.183657 0.000000
vt  0.807770 0.183657 0.000000
vt  0.807770 0.183657 0.000000
vt  0.805628 0.130580 0.000000
vt  0.805628 0.130580 0.000000
vt  0.803968 0.085087 0.000000
vt  0.803968 0.085087 0.000000
vt  0.803968 0.085087 0.000000
vt  0.801834 0.019595 0.000000
vt  0.801834 0.019595 0.000000
vt  0.801834 0.019595 0.000000
vt  0.789294 0.019595 0.000000
vt  0.789294 0.019595 0.000000
vt  0.789294 0.019595 0.000000
vt  0.818042 0.426443 0.000000
vt  0.818042 0.426443 0.000000
vt  0.818042 0.426443 0.000000
vt  0.846990 0.426443 0.000000
vt  0.846990 0.426443 0.000000
vt  0.846990 0.426443 0.000000
vt  0.844322 0.596459 0.000000
vt  0.844322 0.596459 0.000000
vt  0.844322 0.596459 0.000000
vt  0.841521 0.784337 0.000000
vt  0.841521 0.784337 0.000000
vt  0.841521 0.784337 0.000000
vt  0.839720 0.906723 0.000000
vt  0.839720 0.906723 0.000000
vt  0.839720 0.906723 0.000000
vt  0.832649 0.744645 0.000000
vt  0.832649 0.744645 0.000000
vt  0.832649 0.744645 0.000000
vt  0.830513 0.695891 0.000000
vt  0.830513 0.695891 0.000000
vt  0.828528 0.651035 0.000000
vt  0.828528 0.651035 0.000000
vt  0.826695 0.610069 0.000000
vt  0.826695 0.610069 0.000000
vt  0.825014 0.572989 0.000000
vt  0.825014 0.572989 0.000000
vt  0.823485 0.539787 0.000000
vt  0.823485 0.539787 0.000000
vt  0.822111 0.510459 0.000000
vt  0.822111 0.510459 0.000000
vt  0.822111 0.510459 0.000000
vt  0.881874 0.120149 0.000000
vt  0.881874 0.120149 0.000000
vt  0.881874 0.120149 0.000000
vt  0.882001 0.125574 0.000000
vt  0.882001 0.125574 0.000000
vt  0.882129 0.131559 0.000000
vt  0.882129 0.131559 0.000000
vt  0.882259 0.138104 0.000000
vt  0.882259 0.138104 0.000000
vt  0.882391 0.145209 0.000000
vt  0.882391 0.145209 0.000000
vt  0.882526 0.152872 0.000000
vt  0.882526 0.152872 0.000000
vt  0.882665 0.161093 0.000000
vt  0.882665 0.161093 0.000000
vt  0.882807 0.169873 0.000000
vt  0.882807 0.169873 0.000000
vt  0.882953 0.179209 0.000000
vt  0.882953 0.179209 0.000000
vt  0.883105 0.189102 0.000000
vt  0.883105 0.189102 0.000000
vt  0.883261 0.199551 0.000000
vt  0.883261 0.199551 0.000000
vt  0.883424 0.210555 0.000000
vt  0.883424 0.210555 0.000000
vt  0.883592 0.222112 0.000000
vt  0.883592 0.222112 0.000000
vt  0.883767 0.234224 0.000000
vt  0.883767 0.234224 0.000000
vt  0.883949 0.246887 0.000000
vt  0.883949 0.246887 0.000000
vt  0.884139 0.260102 0.000000
vt  0.884139 0.260102 0.000000
vt  0.884336 0.273866 0.000000
vt  0.884336 0.273866 0.000000
vt  0.884542 0.288181 0.000000
vt  0.884542 0.288181 0.000000
vt  0.884542 0.288181 0.000000
vt  0.890278 0.697675 0.000000
vt  0.890278 0.697675 0.000000
vt  0.890278 0.697675 0.000000
vt  0.891354 0.780039 0.000000
vt  0.891354 0.780039 0.000000
vt  0.892153 0.853611 0.000000
vt  0.892153 0.853611 0.000000
vt  0.892680 0.918630 0.000000
vt  0.892680 0.918630 0.000000
vt  0.892680 0.918630 0.000000
vt  0.893013 0.980154 0.000000
vt  0.893013 0.980154 0.000000
vt  0.893013 0.980154 0.000000
vt  0.906620 0.980154 0.000000
vt  0.906620 0.980154 0.000000
vt  0.906620 0.980154 0.000000
vt  0.909221 0.933184 0.000000
vt  0.909221 0.933184 0.000000
vt  0.909221 0.933184 0.000000
vt  0.909722 0.923940 0.000000
vt  0.909722 0.923940 0.000000
vt  0.910236 0.914075 0.000000
vt  0.910236 0.914075 0.000000
vt  0.910763 0.903592 0.000000
vt  0.910763 0.903592 0.000000
vt  0.911305 0.892492 0.000000
vt  0.911305 0.892492 0.000000
vt  0.911863 0.880775 0.000000
vt  0.911863 0.880775 0.000000
vt  0.912437 0.868444 0.000000
vt  0.912437 0.868444 0.000000
vt  0.913029 0.855499 0.000000
vt  0.913029 0.855499 0.000000
vt  0.913638 0.841944 0.000000
vt  0.913638 0.841944 0.000000
vt  0.914266 0.827778 0.000000
vt  0.914266 0.827778 0.000000
vt  0.914914 0.813005 0.000000
vt  0.914914 0.813005 0.000000
vt  0.915582 0.797625 0.000000
vt  0.915582 0.797625 0.000000
vt  0.916272 0.781642 0.000000
vt  0.916272 0.781642 0.000000
vt  0.916983 0.765058 0.000000
vt  0.916983 0.765058 0.000000
vt  0.917717 0.747874 0.000000
vt  0.917717 0.747874 0.000000
vt  0.918474 0.730093 0.000000
vt  0.918474 0.730093 0.000000
vt  0.919256 0.711718 0.000000
vt  0.919256 0.711718 0.000000
vt  0.920062 0.692753 0.000000
vt  0.920062 0.692753 0.000000
vt  0.920894 0.673198 0.000000
vt  0.920894 0.673198 0.000000
vt  0.920894 0.673198 0.000000
vt  0.930832 0.437028 0.000000
vt  0.930832 0.437028 0.000000
vt  0.930832 0.437028 0.000000
vt  0.931372 0.423969 0.000000
vt  0.931372 0.423969 0.000000
vt  0.931949 0.409639 0.000000
vt  0.931949 0.409639 0.000000
vt  0.932562 0.394037 0.000000
vt  0.932562 0.394037 0.000000
vt  0.933213 0.377161 0.000000
vt  0.933213 0.377161 0.000000
vt  0.933901 0.359012 0.000000
vt  0.933901 0.359012 0.000000
vt  0.934628 0.339588 0.000000
vt  0.934628 0.339588 0.000000
vt  0.935394 0.318888 0.000000
vt  0.935394 0.318888 0.000000
vt  0.936200 0.296912 0.000000
vt  0.936200 0.296912 0.000000
vt  0.937047 0.273658 0.000000
vt  0.937047 0.273658 0.000000
vt  0.937935 0.249127 0.000000
vt  0.937935 0.249127 0.000000
vt  0.938864 0.223316 0.000000
vt  0.938864 0.223316 0.000000
vt  0.939836 0.196226 0.000000
vt  0.939836 0.196226 0.000000
vt  0.939836 0.196226 0.000000
vt  0.943572 0.090380 0.000000
vt  0.943572 0.090380 0.000000
vt  0.943572 0.090380 0.000000
vt  0.945373 0.241211 0.000000
vt  0.945373 0.241211 0.000000
vt  0.945373 0.241211 0.000000
vt  0.948774 0.507813 0.000000
vt  0.948774 0.507813 0.000000
vt  0.948774 0.507813 0.000000
vt  0.952643 0.783014 0.000000
vt  0.952643 0.783014 0.000000
vt  0.952643 0.783014 0.000000
vt  0.953516 0.858922 0.000000
vt  0.953516 0.858922 0.000000
vt  0.954177 0.941784 0.000000
vt  0.954177 0.941784 0.000000
vt  0.954177 0.941784 0.000000
vt  0.954377 0.980154 0.000000
vt  0.954377 0.980154 0.000000
vt  0.954377 0.980154 0.000000
vt  0.965049 0.980154 0.000000
vt  0.965049 0.980154 0.000000
vt  0.965049 0.980154 0.000000
vt  0.963515 0.901430 0.000000
vt  0.963515 0.901430 0.000000
vt  0.963515 0.901430 0.000000
vt  0.962669 0.854394 0.000000
vt  0.962669 0.854394 0.000000
vt  0.961825 0.800345 0.000000
vt  0.961825 0.800345 0.000000
vt  0.960980 0.739352 0.000000
vt  0.960980 0.739352 0.000000
vt  0.960980 0.739352 0.000000
vt  0.956912 0.448274 0.000000
vt  0.956912 0.448274 0.000000
vt  0.956912 0.448274 0.000000
vt  0.952976 0.161826 0.000000
vt  0.952976 0.161826 0.000000
vt  0.952976 0.161826 0.000000
vt  0.952309 0.106257 0.000000
vt  0.952309 0.106257 0.000000
vt  0.952309 0.106257 0.000000
vt  0.951442 0.019595 0.000000
vt  0.951442 0.019595 0.000000
vt  0.951442 0.019595 0.000000
vt  0.937969 0.000410 0.000000
vt  0.937969 0.000410 0.000000
vt  0.937969 0.000410 0.000000
vt  0.929698 0.227319 0.000000
vt  0.929698 0.227319 0.000000
vt  0.929698 0.227319 0.000000
vt  0.929016 0.245779 0.000000
vt  0.929016 0.245779 0.000000
vt  0.928298 0.264715 0.000000
vt  0.928298 0.264715 0.000000
vt  0.927545 0.284133 0.000000
vt  0.927545 0.284133 0.000000
vt  0.926758 0.304041 0.000000
vt  0.926758 0.304041 0.000000
vt  0.925939 0.324445 0.000000
vt  0.925939 0.324445 0.000000
vt  0.925088 0.345351 0.000000
vt  0.925088 0.345351 0.000000
vt  0.924206 0.366766 0.000000
vt  0.924206 0.366766 0.000000
vt  0.923294 0.388696 0.000000
vt  0.923294 0.388696 0.000000
vt  0.922352 0.411145 0.000000
vt  0.922352 0.411145 0.000000
vt  0.921383 0.434118 0.000000
vt  0.921383 0.434118 0.000000
vt  0.920386 0.457621 0.000000
vt  0.920386 0.457621 0.000000
vt  0.919362 0.481658 0.000000
vt  0.919362 0.481658 0.000000
vt  0.918314 0.506234 0.000000
vt  0.918314 0.506234 0.000000
vt  0.917240 0.531351 0.000000
vt  0.917240 0.531351 0.000000
vt  0.916143 0.557015 0.000000
vt  0.916143 0.557015 0.000000
vt  0.915024 0.583228 0.000000
vt  0.915024 0.583228 0.000000
vt  0.915024 0.583228 0.000000
vt  0.901284 0.896138 0.000000
vt  0.901284 0.896138 0.000000
vt  0.901284 0.896138 0.000000
vt  0.895881 0.456874 0.000000
vt  0.895881 0.456874 0.000000
vt  0.895881 0.456874 0.000000
vt  0.893080 0.241211 0.000000
vt  0.893080 0.241211 0.000000
vt  0.893080 0.241211 0.000000
vt  0.892379 0.184793 0.000000
vt  0.892379 0.184793 0.000000
vt  0.891859 0.135870 0.000000
vt  0.891859 0.135870 0.000000
vt  0.891546 0.094349 0.000000
vt  0.891546 0.094349 0.000000
vt  0.891546 0.094349 0.000000
vt  0.891212 0.019595 0.000000
vt  0.891212 0.019595 0.000000
vt  0.891212 0.019595 0.000000
vt  0.879406 0.019595 0.000000
vt  0.879406 0.019595 0.000000
vt  0.879406 0.019595 0.000000
vt  0.979190 0.197549 0.000000
vt  0.979190 0.197549 0.000000
vt  0.979190 0.197549 0.000000
vt  0.983125 0.478705 0.000000
vt  0.983125 0.478705 0.000000
vt  0.983125 0.478705 0.000000
vt  0.986993 0.759860 0.000000
vt  0.986993 0.759860 0.000000
vt  0.986993 0.759860 0.000000
vt  0.987192 0.775794 0.000000
vt  0.987192 0.775794 0.000000
vt  0.987384 0.794928 0.000000
vt  0.987384 0.794928 0.000000
vt  0.987543 0.814357 0.000000
vt  0.987543 0.814357 0.000000
vt  0.987679 0.833671 0.000000
vt  0.987679 0.833671 0.000000
vt  0.987804 0.852973 0.000000
vt  0.987804 0.852973 0.000000
vt  0.987927 0.872322 0.000000
vt  0.987927 0.872322 0.000000
vt  0.987927 0.872322 0.000000
vt  0.988061 0.980154 0.000000
vt  0.988061 0.980154 0.000000
vt  0.988061 0.980154 0.000000
vt  1.000000 0.980154 0.000000
vt  1.000000 0.980154 0.000000
vt  1.000000 0.980154 0.000000
vt  0.998999 0.925246 0.000000
vt  0.998999 0.925246 0.000000
vt  0.998999 0.925246 0.000000
vt  0.996932 0.794922 0.000000
vt  0.996932 0.794922 0.000000
vt  0.996932 0.794922 0.000000
vt  0.990862 0.345073 0.000000
vt  0.990862 0.345073 0.000000
vt  0.990862 0.345073 0.000000
vt  0.988527 0.161826 0.000000
vt  0.988527 0.161826 0.000000
vt  0.988527 0.161826 0.000000
vt  0.987194 0.019595 0.000000
vt  0.987194 0.019595 0.000000
vt  0.987194 0.019595 0.000000
vt  0.976121 0.019595 0.000000
vt  0.976121 0.019595 0.000000
vt  0.976121 0.019595 0.000000

vn  0.000000 0.000000 -1.000000
vn  -0.897171 0.441684 0.000000
vn  -0.899109 0.437724 0.000000
vn  0.000000 0.000000 -1.000000
vn  -0.974676 0.223623 0.000000
vn  0.000000 0.000000 -1.000000
vn  -0.999996 0.002941 0.000000
vn  -0.999996 0.002941 0.000000
vn  0.000000 0.000000 -1.000000
vn  -0.985066 -0.172177 0.000000
vn  0.000000 0.000000 -1.000000
vn  -0.936467 -0.350756 0.000000
vn  0.000000 0.000000 -1.000000
vn  -0.853207 -0.521572 0.000000
vn  -0.853207 -0.521572 0.000000
vn  0.000000 0.000000 -1.000000
vn  -0.702370 -0.711812 0.000000
vn  0.000000 0.000000 -1.000000
vn  -0.496121 -0.868253 0.000000
vn  0.000000 0.000000 -1.000000
vn  -0.253186 -0.967418 0.000000
vn  0.000000 0.000000 -1.000000
vn  -0.002667 -0.999996 0.000000
vn  -0.002667 -0.999996 0.000000
vn  0.000000 0.000000 -1.000000
vn  0.249682 -0.968328 0.000000
vn  0.000000 0.000000 -1.000000
vn  0.490562 -0.871406 0.000000
vn  0.000000 0.000000 -1.000000
vn  0.692795 -0.721135 0.000000
vn  0.000000 0.000000 -1.000000
vn  0.840749 -0.541425 0.000000
vn  0.840749 -0.541425 0.000000
vn  0.000000 0.000000 -1.000000
vn  0.928161 -0.372178 0.000000
vn  0.000000 0.000000 -1.000000
vn  0.982368 -0.186958 0.000000
vn  0.000000 0.000000 -1.000000
vn  0.999997 0.002557 0.000000
vn  0.999997 0.002557 0.000000
vn  0.000000 0.000000 -1.000000
vn  0.979943 0.199280 0.000000
vn  0.000000 0.000000 -1.000000
vn  0.914730 0.404066 0.000000
vn  0.000000 0.000000 -1.000000
vn  0.800820 0.598904 0.000000
vn  0.800820 0.598904 0.000000
vn  0.000000 0.000000 -1.000000
vn  0.641818 0.766857 0.000000
vn  0.000000 0.000000 -1.000000
vn  0.443589 0.896230 0.000000
vn  0.000000 0.000000 -1.000000
vn  0.224830 0.974398 0.000000
vn  0.000000 0.000000 -1.000000
vn  0.007518 0.999972 0.000000
vn  0.007518 0.999972 0.000000
vn  0.000000 0.000000 -1.000000
vn  -0.216312 0.976324 0.000000
vn  0.000000 0.000000 -1.000000
vn  -0.431905 0.901919 0.000000
vn  -0.431905 0.901919 0.000000
vn  0.000000 0.000000 -1.000000
vn  -0.625526 0.780204 0.000000
vn  0.000000 0.000000 -1.000000
vn  -0.784792 0.619760 0.000000
vn  0.000000 0.000000 -1.000000
vn  0.999957 0.009259 0.000000
vn  0.999841 -0.017854 0.000000
vn  0.000000 0.000000 -1.000000
vn  0.990292 -0.139006 0.000000
vn  0.000000 0.000000 -1.000000
vn  0.957024 -0.290008 0.000000
vn  0.957024 -0.290008 0.000000
vn  0.000000 0.000000 -1.000000
vn  0.883310 -0.468789 0.000000
vn  0.000000 0.000000 -1.000000
vn  0.778413 -0.627753 0.000000
vn  0.778413 -0.627753 0.000000
vn  0.000000 0.000000 -1.000000
vn  0.567029 -0.823698 0.000000
vn  0.000000 0.000000 -1.000000
vn  0.293337 -0.956009 0.000000
vn  0.000000 0.000000 -1.000000
vn  -0.003636 -0.999993 0.000000
vn  -0.003636 -0.999993 0.000000
vn  0.000000 0.000000 -1.000000
vn  -0.314547 -0.949242 0.000000
vn  0.000000 0.000000 -1.000000
vn  -0.609368 -0.792888 0.000000
vn  0.000000 0.000000 -1.000000
vn  -0.832754 -0.553644 0.000000
vn  -0.832754 -0.553644 0.000000
vn  0.000000 0.000000 -1.000000
vn  -0.930269 -0.366877 0.000000
vn  0.000000 0.000000 -1.000000
vn  -0.984416 -0.175853 0.000000
vn  0.000000 0.000000 -1.000000
vn  -0.999992 0.004032 0.000000
vn  -0.999992 0.004032 0.000000
vn  0.000000 0.000000 -1.000000
vn  -0.986505 0.163731 0.000000
vn  0.000000 0.000000 -1.000000
vn  -0.947712 0.319127 0.000000
vn  -0.947712 0.319127 0.000000
vn  0.000000 0.000000 -1.000000
vn  -0.890594 0.454798 0.000000
vn  0.000000 0.000000 -1.000000
vn  -0.811651 0.584143 0.000000
vn  -0.811651 0.584143 0.000000
vn  0.000000 0.000000 -1.000000
vn  -0.686328 0.727292 0.000000
vn  0.000000 0.000000 -1.000000
vn  -0.531289 0.847190 0.000000
vn  -0.531289 0.847190 0.000000
vn  0.000000 0.000000 -1.000000
vn  -0.279452 0.960160 0.000000
vn  0.000000 0.000000 -1.000000
vn  -0.008064 0.999967 0.000000
vn  -0.008064 0.999967 0.000000
vn  0.000000 0.000000 -1.000000
vn  0.243549 0.969889 0.000000
vn  0.000000 0.000000 -1.000000
vn  0.486858 0.873481 0.000000
vn  0.486858 0.873481 0.000000
vn  0.000000 0.000000 -1.000000
vn  0.687207 0.726461 0.000000
vn  0.000000 0.000000 -1.000000
vn  0.839455 0.543430 0.000000
vn  0.000000 0.000000 -1.000000
vn  0.937113 0.349027 0.000000
vn  0.937113 0.349027 0.000000
vn  0.000000 0.000000 -1.000000
vn  0.986903 0.161315 0.000000
vn  0.000000 0.000000 -1.000000
vn  -0.983020 0.183497 0.000000
vn  -0.986394 0.164399 0.000000
vn  0.000000 0.000000 -1.000000
vn  -0.983020 0.183497 0.000000
vn  0.000000 -1.000000 0.000000
vn  0.000000 0.000000 -1.000000
vn  0.000000 -1.000000 0.000000
vn  0.998299 -0.058295 0.000000
vn  0.000000 0.000000 -1.000000
vn  0.998299 -0.058295 0.000000
vn  0.997164 -0.075257 0.000000
vn  0.000000 0.000000 -1.000000
vn  0.993825 -0.110962 0.000000
vn  0.000000 0.000000 -1.000000
vn  0.988902 -0.148568 0.000000
vn  0.988902 -0.148568 0.000000
vn  0.000000 0.000000 -1.000000
vn  0.988902 -0.148568 0.000000
vn  0.988619 -0.150441 0.000000
vn  0.000000 0.000000 -1.000000
vn  0.980876 -0.194635 0.000000
vn  0.000000 0.000000 -1.000000
vn  0.971628 -0.236515 0.000000
vn  0.971628 -0.236515 0.000000
vn  0.000000 0.000000 -1.000000
vn  0.875114 -0.483918 0.000000
vn  0.000000 0.000000 -1.000000
vn  0.692724 -0.721203 0.000000
vn  0.000000 0.000000 -1.000000
vn  0.432731 -0.901523 0.000000
vn  0.432731 -0.901523 0.000000
vn  0.000000 0.000000 -1.000000
vn  0.214885 -0.976639 0.000000
vn  0.000000 0.000000 -1.000000
vn  -0.010525 -0.999945 0.000000
vn  -0.010525 -0.999945 0.000000
vn  0.000000 0.000000 -1.000000
vn  -0.272942 -0.962030 0.000000
vn  0.000000 0.000000 -1.000000
vn  -0.524878 -0.851178 0.000000
vn  0.000000 0.000000 -1.000000
vn  -0.734803 -0.678281 0.000000
vn  -0.734803 -0.678281 0.000000
vn  0.000000 0.000000 -1.000000
vn  -0.888712 -0.458465 0.000000
vn  0.000000 0.000000 -1.000000
vn  -0.974837 -0.222920 0.000000
vn  0.000000 0.000000 -1.000000
vn  -1.000000 0.000000 0.000000
vn  -1.000000 0.000000 0.000000
vn  0.000000 0.000000 -1.000000
vn  -0.997699 0.067802 0.000000
vn  0.000000 0.000000 -1.000000
vn  -0.989275 0.146067 0.000000
vn  -0.989275 0.146067 0.000000
vn  0.000000 0.000000 -1.000000
vn  -0.989275 0.146067 0.000000
vn  -0.989146 0.146938 0.000000
vn  0.000000 0.000000 -1.000000
vn  -0.989146 0.146938 0.000000
vn  -0.992194 0.124702 0.000000
vn  0.000000 0.000000 -1.000000
vn  -0.992194 0.124702 0.000000
vn  0.000000 -1.000000 0.000000
vn  0.000000 0.000000 -1.000000
vn  0.000000 -1.000000 0.000000
vn  0.999363 -0.035692 0.000000
vn  0.000000 0.000000 -1.000000
vn  0.999363 -0.035692 0.000000
vn  0.999201 -0.039968 0.000000
vn  0.000000 0.000000 -1.000000
vn  0.996621 -0.082142 0.000000
vn  0.000000 0.000000 -1.000000
vn  0.993278 -0.115750 0.000000
vn  0.000000 0.000000 -1.000000
vn  0.989765 -0.142706 0.000000
vn  0.000000 0.000000 -1.000000
vn  0.986394 -0.164399 0.000000
vn  0.986394 -0.164399 0.000000
vn  0.000000 0.000000 -1.000000
vn  0.976483 -0.215593 0.000000
vn  0.000000 0.000000 -1.000000
vn  0.959811 -0.280646 0.000000
vn  0.959811 -0.280646 0.000000
vn  0.000000 0.000000 -1.000000
vn  0.838459 -0.544964 0.000000
vn  0.000000 0.000000 -1.000000
vn  0.619285 -0.785166 0.000000
vn  0.000000 0.000000 -1.000000
vn  0.325064 -0.945692 0.000000
vn  0.000000 0.000000 -1.000000
vn  0.012120 -0.999927 0.000000
vn  0.012120 -0.999927 0.000000
vn  0.000000 0.000000 -1.000000
vn  -0.304542 -0.952499 0.000000
vn  0.000000 0.000000 -1.000000
vn  -0.588172 -0.808736 0.000000
vn  -0.588172 -0.808736 0.000000
vn  0.000000 0.000000 -1.000000
vn  -0.824008 -0.566578 0.000000
vn  0.000000 0.000000 -1.000000
vn  -0.961401 -0.275150 0.000000
vn  0.000000 0.000000 -1.000000
vn  -0.999972 0.007519 0.000000
vn  -0.999972 0.007519 0.000000
vn  0.000000 0.000000 -1.000000
vn  -0.997097 0.076145 0.000000
vn  0.000000 0.000000 -1.000000
vn  -0.989253 0.146211 0.000000
vn  -0.989253 0.146211 0.000000
vn  0.000000 0.000000 -1.000000
vn  -0.989253 0.146211 0.000000
vn  -0.991712 0.128481 0.000000
vn  0.000000 0.000000 -1.000000
vn  -0.991712 0.128481 0.000000
vn  0.000000 -1.000000 0.000000
vn  0.000000 0.000000 -1.000000
vn  0.000000 -1.000000 0.000000
vn  0.996883 -0.078891 0.000000
vn  0.000000 0.000000 -1.000000
vn  0.996883 -0.078891 0.000000
vn  0.997054 -0.076697 0.000000
vn  0.000000 0.000000 -1.000000
vn  0.993173 -0.116648 0.000000
vn  0.000000 0.000000 -1.000000
vn  0.989950 -0.141421 0.000000
vn  0.989950 -0.141421 0.000000
vn  0.000000 0.000000 -1.000000
vn  0.989950 -0.141421 0.000000
vn  0.991228 -0.132165 0.000000
vn  0.000000 0.000000 -1.000000
vn  0.997861 -0.065373 0.000000
vn  0.000000 0.000000 -1.000000
vn  0.999978 0.006622 0.000000
vn  0.999978 0.006622 0.000000
vn  0.000000 0.000000 -1.000000
vn  0.971188 0.238315 0.000000
vn  0.000000 0.000000 -1.000000
vn  0.880223 0.474560 0.000000
vn  0.000000 0.000000 -1.000000
vn  0.727339 0.686279 0.000000
vn  0.727339 0.686279 0.000000
vn  0.000000 0.000000 -1.000000
vn  0.519127 0.854697 0.000000
vn  0.000000 0.000000 -1.000000
vn  0.265805 0.964027 0.000000
vn  0.000000 0.000000 -1.000000
vn  0.000000 1.000000 0.000000
vn  0.000000 1.000000 0.000000
vn  0.000000 0.000000 -1.000000
vn  -0.310415 0.950601 0.000000
vn  0.000000 0.000000 -1.000000
vn  -0.598413 0.801188 0.000000
vn  0.000000 0.000000 -1.000000
vn  -0.816967 0.576684 0.000000
vn  -0.816967 0.576684 0.000000
vn  0.000000 0.000000 -1.000000
vn  -0.816967 0.576684 0.000000
vn  0.894426 0.447215 0.000000
vn  0.000000 0.000000 -1.000000
vn  0.894426 0.447215 0.000000
vn  0.883788 0.467887 0.000000
vn  0.000000 0.000000 -1.000000
vn  0.731170 0.682196 0.000000
vn  0.000000 0.000000 -1.000000
vn  0.514410 0.857544 0.000000
vn  0.000000 0.000000 -1.000000
vn  0.257288 0.966335 0.000000
vn  0.000000 0.000000 -1.000000
vn  -0.004717 0.999989 0.000000
vn  -0.004717 0.999989 0.000000
vn  0.000000 0.000000 -1.000000
vn  -0.278604 0.960406 0.000000
vn  0.000000 0.000000 -1.000000
vn  -0.544061 0.839046 0.000000
vn  0.000000 0.000000 -1.000000
vn  -0.762294 0.647231 0.000000
vn  -0.762294 0.647231 0.000000
vn  0.000000 0.000000 -1.000000
vn  -0.762294 0.647231 0.000000
vn  0.988372 0.152056 0.000000
vn  0.000000 0.000000 -1.000000
vn  0.988372 0.152056 0.000000
vn  0.982661 0.185410 0.000000
vn  0.000000 0.000000 -1.000000
vn  0.982661 0.185410 0.000000
vn  -0.126964 0.991907 0.000000
vn  0.000000 0.000000 -1.000000
vn  -0.126964 0.991907 0.000000
vn  -0.981883 -0.189487 0.000000
vn  0.000000 0.000000 -1.000000
vn  -0.981883 -0.189487 0.000000
vn  -0.986394 -0.164399 0.000000
vn  0.000000 0.000000 -1.000000
vn  -0.996589 -0.082527 0.000000
vn  0.000000 0.000000 -1.000000
vn  -0.999968 0.007999 0.000000
vn  -0.999968 0.007999 0.000000
vn  0.000000 0.000000 -1.000000
vn  -0.998119 0.061313 0.000000
vn  0.000000 0.000000 -1.000000
vn  -0.994880 0.101060 0.000000
vn  0.000000 0.000000 -1.000000
vn  -0.990913 0.134506 0.000000
vn  0.000000 0.000000 -1.000000
vn  -0.986394 0.164399 0.000000
vn  -0.986394 0.164399 0.000000
vn  0.000000 0.000000 -1.000000
vn  -0.983745 0.179573 0.000000
vn  -0.160071 0.987105 0.000000
vn  0.000000 0.000000 -1.000000
vn  -0.983745 0.179573 0.000000
vn  0.157116 -0.987580 0.000000
vn  0.000000 0.000000 -1.000000
vn  0.157116 -0.987580 0.000000
vn  0.136637 -0.990621 0.000000
vn  0.000000 0.000000 -1.000000
vn  0.067991 -0.997686 0.000000
vn  0.000000 0.000000 -1.000000
vn  -0.008474 -0.999964 0.000000
vn  -0.008474 -0.999964 0.000000
vn  0.000000 0.000000 -1.000000
vn  -0.046888 -0.998900 0.000000
vn  0.000000 0.000000 -1.000000
vn  -0.086718 -0.996233 0.000000
vn  0.000000 0.000000 -1.000000
vn  -0.127879 -0.991790 0.000000
vn  0.000000 0.000000 -1.000000
vn  -0.170261 -0.985399 0.000000
vn  0.000000 0.000000 -1.000000
vn  -0.213733 -0.976892 0.000000
vn  0.000000 0.000000 -1.000000
vn  -0.269367 -0.963037 0.000000
vn  0.000000 0.000000 -1.000000
vn  -0.326103 -0.945334 0.000000
vn  0.000000 0.000000 -1.000000
vn  -0.383527 -0.923530 0.000000
vn  0.000000 0.000000 -1.000000
vn  -0.441172 -0.897422 0.000000
vn  0.000000 0.000000 -1.000000
vn  -0.517486 -0.855692 0.000000
vn  0.000000 0.000000 -1.000000
vn  -0.591975 -0.805957 0.000000
vn  0.000000 0.000000 -1.000000
vn  -0.663283 -0.748369 0.000000
vn  0.000000 0.000000 -1.000000
vn  -0.730073 -0.683370 0.000000
vn  0.000000 0.000000 -1.000000
vn  -0.791101 -0.611686 0.000000
vn  0.000000 0.000000 -1.000000
vn  -0.845291 -0.534306 0.000000
vn  0.000000 0.000000 -1.000000
vn  -0.891800 -0.452430 0.000000
vn  0.000000 0.000000 -1.000000
vn  -0.930061 -0.367405 0.000000
vn  0.000000 0.000000 -1.000000
vn  -0.959811 -0.280648 0.000000
vn  0.000000 0.000000 -1.000000
vn  -0.981087 -0.193569 0.000000
vn  0.000000 0.000000 -1.000000
vn  -0.994206 -0.107496 0.000000
vn  0.000000 0.000000 -1.000000
vn  -0.999721 -0.023617 0.000000
vn  -0.994423 0.105468 0.000000
vn  0.000000 0.000000 -1.000000
vn  -0.994423 0.105468 0.000000
vn  0.119145 0.992877 0.000000
vn  0.000000 0.000000 -1.000000
vn  0.119145 0.992877 0.000000
vn  0.114624 0.993409 0.000000
vn  0.000000 0.000000 -1.000000
vn  0.058973 0.998260 0.000000
vn  0.000000 0.000000 -1.000000
vn  0.000000 1.000000 0.000000
vn  0.000000 1.000000 0.000000
vn  0.000000 0.000000 -1.000000
vn  -0.089178 0.996016 0.000000
vn  0.000000 0.000000 -1.000000
vn  -0.178885 0.983870 0.000000
vn  -0.178885 0.983870 0.000000
vn  0.000000 0.000000 -1.000000
vn  -0.380543 0.924763 0.000000
vn  0.000000 0.000000 -1.000000
vn  -0.574896 0.818227 0.000000
vn  0.000000 0.000000 -1.000000
vn  -0.743541 0.668690 0.000000
vn  -0.743541 0.668690 0.000000
vn  0.000000 0.000000 -1.000000
vn  -0.881153 0.472831 0.000000
vn  0.000000 0.000000 -1.000000
vn  -0.970677 0.240386 0.000000
vn  0.000000 0.000000 -1.000000
vn  -0.999986 -0.005291 0.000000
vn  -0.999986 -0.005291 0.000000
vn  0.000000 0.000000 -1.000000
vn  -0.966666 -0.256042 0.000000
vn  0.000000 0.000000 -1.000000
vn  -0.863536 -0.504287 0.000000
vn  0.000000 0.000000 -1.000000
vn  -0.697783 -0.716310 0.000000
vn  -0.697783 -0.716310 0.000000
vn  0.000000 0.000000 -1.000000
vn  -0.487862 -0.872921 0.000000
vn  0.000000 0.000000 -1.000000
vn  -0.243520 -0.969896 0.000000
vn  0.000000 0.000000 -1.000000
vn  0.005494 -0.999985 0.000000
vn  0.005494 -0.999985 0.000000
vn  0.000000 0.000000 -1.000000
vn  0.247052 -0.969002 0.000000
vn  0.000000 0.000000 -1.000000
vn  0.476254 -0.879308 0.000000
vn  0.000000 0.000000 -1.000000
vn  0.671990 -0.740561 0.000000
vn  0.671990 -0.740561 0.000000
vn  0.000000 0.000000 -1.000000
vn  0.671990 -0.740561 0.000000
vn  -0.999635 0.027020 0.000000
vn  0.000000 0.000000 -1.000000
vn  -0.999635 0.027020 0.000000
vn  -0.998052 -0.062382 0.000000
vn  0.000000 0.000000 -1.000000
vn  -0.998052 -0.062382 0.000000
vn  0.000000 -1.000000 0.000000
vn  0.000000 0.000000 -1.000000
vn  0.000000 -1.000000 0.000000
vn  0.999856 -0.016946 0.000000
vn  0.000000 0.000000 -1.000000
vn  0.999856 -0.016946 0.000000
vn  0.999232 -0.039187 0.000000
vn  0.000000 0.000000 -1.000000
vn  0.995471 -0.095064 0.000000
vn  0.000000 0.000000 -1.000000
vn  0.991263 -0.131898 0.000000
vn  0.000000 0.000000 -1.000000
vn  0.987763 -0.155963 0.000000
vn  0.987763 -0.155963 0.000000
vn  0.000000 0.000000 -1.000000
vn  0.987763 -0.155963 0.000000
vn  0.995038 -0.099498 0.000000
vn  0.000000 0.000000 -1.000000
vn  0.997805 -0.066218 0.000000
vn  0.000000 0.000000 -1.000000
vn  0.999987 0.005181 0.000000
vn  0.999987 0.005181 0.000000
vn  0.000000 0.000000 -1.000000
vn  0.966803 0.255524 0.000000
vn  0.000000 0.000000 -1.000000
vn  0.860724 0.509071 0.000000
vn  0.000000 0.000000 -1.000000
vn  0.683915 0.729562 0.000000
vn  0.000000 0.000000 -1.000000
vn  0.460193 0.887819 0.000000
vn  0.000000 0.000000 -1.000000
vn  0.224510 0.974472 0.000000
vn  0.224510 0.974472 0.000000
vn  0.000000 0.000000 -1.000000
vn  0.114121 0.993467 0.000000
vn  0.000000 0.000000 -1.000000
vn  0.000000 1.000000 0.000000
vn  0.000000 1.000000 0.000000
vn  0.000000 0.000000 -1.000000
vn  -0.080783 0.996732 0.000000
vn  0.000000 0.000000 -1.000000
vn  -0.160071 0.987105 0.000000
vn  -0.160071 0.987105 0.000000
vn  0.000000 0.000000 -1.000000
vn  -0.993346 0.115169 0.000000
vn  -0.173785 -0.984784 0.000000
vn  0.000000 0.000000 -1.000000
vn  -0.993346 0.115169 0.000000
vn  -0.991228 0.132164 0.000000
vn  0.000000 0.000000 -1.000000
vn  -0.979966 0.199166 0.000000
vn  0.000000 0.000000 -1.000000
vn  -0.964369 0.264561 0.000000
vn  -0.964369 0.264561 0.000000
vn  0.000000 0.000000 -1.000000
vn  -0.863417 0.504490 0.000000
vn  0.000000 0.000000 -1.000000
vn  -0.696475 0.717581 0.000000
vn  -0.696475 0.717581 0.000000
vn  0.000000 0.000000 -1.000000
vn  -0.498254 0.867031 0.000000
vn  0.000000 0.000000 -1.000000
vn  -0.260176 0.965561 0.000000
vn  0.000000 0.000000 -1.000000
vn  -0.007519 0.999972 0.000000
vn  -0.007519 0.999972 0.000000
vn  0.000000 0.000000 -1.000000
vn  0.242639 0.970117 0.000000
vn  0.000000 0.000000 -1.000000
vn  0.493630 0.869672 0.000000
vn  0.000000 0.000000 -1.000000
vn  0.711901 0.702280 0.000000
vn  0.711901 0.702280 0.000000
vn  0.000000 0.000000 -1.000000
vn  0.871560 0.490289 0.000000
vn  0.000000 0.000000 -1.000000
vn  0.968281 0.249864 0.000000
vn  0.000000 0.000000 -1.000000
vn  0.999921 0.012577 0.000000
vn  0.999921 0.012577 0.000000
vn  0.000000 0.000000 -1.000000
vn  0.965802 -0.259280 0.000000
vn  0.000000 0.000000 -1.000000
vn  0.851879 -0.523738 0.000000
vn  0.000000 0.000000 -1.000000
vn  0.669889 -0.742461 0.000000
vn  0.000000 0.000000 -1.000000
vn  0.451725 -0.892157 0.000000
vn  0.451725 -0.892157 0.000000
vn  0.000000 0.000000 -1.000000
vn  0.212988 -0.977055 0.000000
vn  0.000000 0.000000 -1.000000
vn  -0.006849 -0.999977 0.000000
vn  -0.006849 -0.999977 0.000000
vn  0.000000 0.000000 -1.000000
vn  -0.026855 -0.999639 0.000000
vn  0.000000 0.000000 -1.000000
vn  -0.087630 -0.996153 0.000000
vn  0.000000 0.000000 -1.000000
vn  -0.173785 -0.984784 0.000000
vn  -0.173785 -0.984784 0.000000
vn  0.000000 0.000000 -1.000000
vn  -0.981588 0.191012 0.000000
vn  -0.981588 0.191012 0.000000
vn  0.000000 0.000000 -1.000000
vn  -0.981588 0.191012 0.000000
vn  0.000000 -1.000000 0.000000
vn  0.000000 0.000000 -1.000000
vn  0.000000 -1.000000 0.000000
vn  0.997290 -0.073569 0.000000
vn  0.000000 0.000000 -1.000000
vn  0.997290 -0.073569 0.000000
vn  0.995946 -0.089958 0.000000
vn  0.000000 0.000000 -1.000000
vn  0.995946 -0.089958 0.000000
vn  0.994153 -0.107979 0.000000
vn  0.000000 0.000000 -1.000000
vn  0.994153 -0.107979 0.000000
vn  0.990257 -0.139255 0.000000
vn  0.000000 0.000000 -1.000000
vn  0.990257 -0.139255 0.000000
vn  0.993884 -0.110425 0.000000
vn  0.000000 0.000000 -1.000000
vn  0.979583 -0.201042 0.000000
vn  0.000000 0.000000 -1.000000
vn  0.959146 -0.282912 0.000000
vn  0.959146 -0.282912 0.000000
vn  0.000000 0.000000 -1.000000
vn  0.850114 -0.526598 0.000000
vn  0.000000 0.000000 -1.000000
vn  0.672824 -0.739802 0.000000
vn  0.000000 0.000000 -1.000000
vn  0.446779 -0.894644 0.000000
vn  0.000000 0.000000 -1.000000
vn  0.203288 -0.979119 0.000000
vn  0.000000 0.000000 -1.000000
vn  -0.027767 -0.999614 0.000000
vn  -0.027767 -0.999614 0.000000
vn  0.000000 0.000000 -1.000000
vn  -0.027767 -0.999614 0.000000
vn  0.996865 -0.079117 0.000000
vn  0.000000 0.000000 -1.000000
vn  0.996865 -0.079117 0.000000
vn  0.060494 0.998169 0.000000
vn  0.000000 0.000000 -1.000000
vn  0.060494 0.998169 0.000000
vn  -0.015150 0.999885 0.000000
vn  0.000000 0.000000 -1.000000
vn  -0.260987 0.965342 0.000000
vn  0.000000 0.000000 -1.000000
vn  -0.506986 0.861954 0.000000
vn  0.000000 0.000000 -1.000000
vn  -0.719847 0.694133 0.000000
vn  -0.719847 0.694133 0.000000
vn  0.000000 0.000000 -1.000000
vn  -0.719847 0.694133 0.000000
vn  0.994782 0.102027 0.000000
vn  0.000000 0.000000 -1.000000
vn  0.994782 0.102027 0.000000
vn  0.986394 0.164401 0.000000
vn  0.000000 0.000000 -1.000000
vn  0.986394 0.164401 0.000000
vn  -0.122155 0.992511 0.000000
vn  0.000000 0.000000 -1.000000
vn  -0.122155 0.992511 0.000000
vn  -0.985098 -0.171997 0.000000
vn  0.000000 0.000000 -1.000000
vn  -0.985098 -0.171997 0.000000
vn  -0.988798 -0.149257 0.000000
vn  0.000000 0.000000 -1.000000
vn  -0.997547 -0.069998 0.000000
vn  0.000000 0.000000 -1.000000
vn  -0.999952 0.009803 0.000000
vn  -0.999952 0.009803 0.000000
vn  0.000000 0.000000 -1.000000
vn  -0.999027 0.044096 0.000000
vn  0.000000 0.000000 -1.000000
vn  -0.992847 0.119393 0.000000
vn  -0.992847 0.119393 0.000000
vn  0.000000 0.000000 -1.000000
vn  -0.992847 0.119393 0.000000
vn  -0.990733 0.135827 0.000000
vn  0.000000 0.000000 -1.000000
vn  -0.990756 0.135659 0.000000
vn  0.000000 0.000000 -1.000000
vn  -0.990696 0.136094 0.000000
vn  0.000000 0.000000 -1.000000
vn  -0.990545 0.137188 0.000000
vn  0.000000 0.000000 -1.000000
vn  -0.990292 0.139002 0.000000
vn  0.000000 0.000000 -1.000000
vn  -0.989923 0.141609 0.000000
vn  0.000000 0.000000 -1.000000
vn  -0.989418 0.145092 0.000000
vn  0.000000 0.000000 -1.000000
vn  -0.988755 0.149546 0.000000
vn  0.000000 0.000000 -1.000000
vn  -0.987902 0.155082 0.000000
vn  0.000000 0.000000 -1.000000
vn  -0.986819 0.161829 0.000000
vn  0.000000 0.000000 -1.000000
vn  -0.985454 0.169941 0.000000
vn  0.000000 0.000000 -1.000000
vn  -0.983740 0.179597 0.000000
vn  0.000000 0.000000 -1.000000
vn  -0.976317 0.216344 0.000000
vn  -0.976317 0.216344 0.000000
vn  0.000000 0.000000 -1.000000
vn  -0.976317 0.216344 0.000000
vn  0.000000 -1.000000 0.000000
vn  0.000000 0.000000 -1.000000
vn  0.000000 -1.000000 0.000000
vn  0.978234 -0.207503 0.000000
vn  0.000000 0.000000 -1.000000
vn  0.978234 -0.207503 0.000000
vn  -0.081034 0.996711 0.000000
vn  0.000000 0.000000 -1.000000
vn  -0.081034 0.996711 0.000000
vn  -0.090535 0.995893 0.000000
vn  0.000000 0.000000 -1.000000
vn  -0.027283 0.999628 0.000000
vn  0.000000 0.000000 -1.000000
vn  0.000000 1.000000 0.000000
vn  0.000000 1.000000 0.000000
vn  0.000000 0.000000 -1.000000
vn  0.000000 1.000000 0.000000
vn  0.987613 -0.156911 0.000000
vn  0.000000 0.000000 -1.000000
vn  0.987613 -0.156911 0.000000
vn  0.991029 -0.133650 0.000000
vn  0.000000 0.000000 -1.000000
vn  0.991029 -0.133650 0.000000
vn  0.989781 -0.142596 0.000000
vn  0.000000 0.000000 -1.000000
vn  0.989781 -0.142596 0.000000
vn  -0.016127 -0.999870 0.000000
vn  0.000000 0.000000 -1.000000
vn  -0.016127 -0.999870 0.000000
vn  -0.016127 -0.999870 0.000000
vn  0.000000 0.000000 -1.000000
vn  -0.016127 -0.999870 0.000000
vn  -0.068541 -0.997648 0.000000
vn  0.000000 0.000000 -1.000000
vn  -0.068541 -0.997648 0.000000
vn  0.982339 -0.187111 0.000000
vn  0.000000 0.000000 -1.000000
vn  0.982339 -0.187111 0.000000
vn  -0.174691 0.984623 0.000000
vn  0.000000 0.000000 -1.000000
vn  -0.174691 0.984623 0.000000
vn  -0.149806 0.988715 0.000000
vn  0.000000 0.000000 -1.000000
vn  -0.060053 0.998195 0.000000
vn  0.000000 0.000000 -1.000000
vn  -0.016237 0.999868 0.000000
vn  0.000000 0.000000 -1.000000
vn  0.006826 0.999977 0.000000
vn  0.006826 0.999977 0.000000
vn  0.000000 0.000000 -1.000000
vn  0.006826 0.999977 0.000000
vn  0.992423 -0.122871 0.000000
vn  0.000000 0.000000 -1.000000
vn  0.992423 -0.122871 0.000000
vn  0.991735 -0.128301 0.000000
vn  0.000000 0.000000 -1.000000
vn  0.991735 -0.128301 0.000000
vn  0.991600 -0.129339 0.000000
vn  0.000000 0.000000 -1.000000
vn  0.991600 -0.129339 0.000000
vn  -0.006309 -0.999980 0.000000
vn  0.000000 0.000000 -1.000000
vn  -0.006309 -0.999980 0.000000
vn  -0.034168 -0.999416 0.000000
vn  0.000000 0.000000 -1.000000
vn  -0.034168 -0.999416 0.000000
vn  -0.100610 -0.994926 0.000000
vn  0.000000 0.000000 -1.000000
vn  -0.100610 -0.994926 0.000000
vn  0.998169 -0.060492 0.000000
vn  0.000000 0.000000 -1.000000
vn  0.998169 -0.060492 0.000000
vn  0.000000 1.000000 0.000000
vn  0.000000 0.000000 -1.000000
vn  0.000000 1.000000 0.000000
vn  -0.999917 -0.012901 0.000000
vn  0.000000 0.000000 -1.000000
vn  -0.999917 -0.012901 0.000000
vn  -0.999522 0.030911 0.000000
vn  0.000000 0.000000 -1.000000
vn  -0.998471 0.055285 0.000000
vn  0.000000 0.000000 -1.000000
vn  -0.997314 0.073249 0.000000
vn  0.000000 0.000000 -1.000000
vn  -0.996210 0.086985 0.000000
vn  0.000000 0.000000 -1.000000
vn  -0.995207 0.097787 0.000000
vn  0.000000 0.000000 -1.000000
vn  -0.994316 0.106473 0.000000
vn  0.000000 0.000000 -1.000000
vn  -0.993529 0.113581 0.000000
vn  0.000000 0.000000 -1.000000
vn  -0.992836 0.119482 0.000000
vn  0.000000 0.000000 -1.000000
vn  -0.992227 0.124441 0.000000
vn  0.000000 0.000000 -1.000000
vn  -0.991690 0.128647 0.000000
vn  0.000000 0.000000 -1.000000
vn  -0.991217 0.132246 0.000000
vn  0.000000 0.000000 -1.000000
vn  -0.990798 0.135346 0.000000
vn  -0.990798 0.135346 0.000000
vn  0.000000 0.000000 -1.000000
vn  -0.990820 0.135186 0.000000
vn  0.000000 0.000000 -1.000000
vn  -0.990838 0.135057 0.000000
vn  0.000000 0.000000 -1.000000
vn  -0.990851 0.134961 0.000000
vn  0.000000 0.000000 -1.000000
vn  -0.990859 0.134898 0.000000
vn  0.000000 0.000000 -1.000000
vn  -0.990863 0.134872 0.000000
vn  0.000000 0.000000 -1.000000
vn  -0.990861 0.134883 0.000000
vn  0.000000 0.000000 -1.000000
vn  -0.990854 0.134935 0.000000
vn  0.000000 0.000000 -1.000000
vn  -0.990841 0.135030 0.000000
vn  0.000000 0.000000 -1.000000
vn  -0.990822 0.135171 0.000000
vn  0.000000 0.000000 -1.000000
vn  -0.990796 0.135361 0.000000
vn  0.000000 0.000000 -1.000000
vn  -0.990763 0.135602 0.000000
vn  0.000000 0.000000 -1.000000
vn  -0.990723 0.135899 0.000000
vn  0.000000 0.000000 -1.000000
vn  -0.990674 0.136255 0.000000
vn  0.000000 0.000000 -1.000000
vn  -0.990616 0.136674 0.000000
vn  0.000000 0.000000 -1.000000
vn  -0.990549 0.137161 0.000000
vn  0.000000 0.000000 -1.000000
vn  -0.990471 0.137721 0.000000
vn  0.000000 0.000000 -1.000000
vn  -0.990382 0.138360 0.000000
vn  0.000000 0.000000 -1.000000
vn  -0.990281 0.139083 0.000000
vn  0.000000 0.000000 -1.000000
vn  -0.990166 0.139898 0.000000
vn  0.000000 0.000000 -1.000000
vn  -0.990036 0.140811 0.000000
vn  0.000000 0.000000 -1.000000
vn  -0.989891 0.141832 0.000000
vn  0.000000 0.000000 -1.000000
vn  -0.989727 0.142969 0.000000
vn  0.000000 0.000000 -1.000000
vn  -0.989544 0.144232 0.000000
vn  0.000000 0.000000 -1.000000
vn  -0.989338 0.145635 0.000000
vn  0.000000 0.000000 -1.000000
vn  -0.989108 0.147188 0.000000
vn  0.000000 0.000000 -1.000000
vn  -0.988851 0.148909 0.000000
vn  0.000000 0.000000 -1.000000
vn  -0.988562 0.150813 0.000000
vn  0.000000 0.000000 -1.000000
vn  -0.988239 0.152919 0.000000
vn  0.000000 0.000000 -1.000000
vn  -0.987875 0.155250 0.000000
vn  0.000000 0.000000 -1.000000
vn  -0.987466 0.157830 0.000000
vn  0.000000 0.000000 -1.000000
vn  -0.987005 0.160690 0.000000
vn  0.000000 0.000000 -1.000000
vn  -0.986483 0.163862 0.000000
vn  0.000000 0.000000 -1.000000
vn  -0.985891 0.167387 0.000000
vn  0.000000 0.000000 -1.000000
vn  -0.985217 0.171311 0.000000
vn  0.000000 0.000000 -1.000000
vn  -0.984446 0.175690 0.000000
vn  0.000000 0.000000 -1.000000
vn  -0.983559 0.180588 0.000000
vn  0.000000 0.000000 -1.000000
vn  -0.982534 0.186086 0.000000
vn  0.000000 0.000000 -1.000000
vn  -0.981341 0.192278 0.000000
vn  0.000000 0.000000 -1.000000
vn  -0.979942 0.199282 0.000000
vn  0.000000 0.000000 -1.000000
vn  -0.978289 0.207244 0.000000
vn  0.000000 0.000000 -1.000000
vn  -0.991557 0.129668 0.000000
vn  0.230027 0.973184 0.000000
vn  0.000000 0.000000 -1.000000
vn  -0.991557 0.129668 0.000000
vn  -0.270065 -0.962842 0.000000
vn  0.000000 0.000000 -1.000000
vn  -0.270065 -0.962842 0.000000
vn  -0.242535 -0.970143 0.000000
vn  0.000000 0.000000 -1.000000
vn  -0.120962 -0.992657 0.000000
vn  0.000000 0.000000 -1.000000
vn  0.004425 -0.999990 0.000000
vn  0.004425 -0.999990 0.000000
vn  0.000000 0.000000 -1.000000
vn  0.205769 -0.978601 0.000000
vn  0.000000 0.000000 -1.000000
vn  0.419194 -0.907897 0.000000
vn  0.000000 0.000000 -1.000000
vn  0.622584 -0.782553 0.000000
vn  0.622584 -0.782553 0.000000
vn  0.000000 0.000000 -1.000000
vn  0.822927 -0.568147 0.000000
vn  0.000000 0.000000 -1.000000
vn  0.956573 -0.291494 0.000000
vn  0.000000 0.000000 -1.000000
vn  0.999981 0.006172 0.000000
vn  0.999981 0.006172 0.000000
vn  0.000000 0.000000 -1.000000
vn  0.985547 0.169403 0.000000
vn  0.000000 0.000000 -1.000000
vn  0.941480 0.337070 0.000000
vn  0.941480 0.337070 0.000000
vn  0.000000 0.000000 -1.000000
vn  0.874325 0.485342 0.000000
vn  0.000000 0.000000 -1.000000
vn  0.788313 0.615274 0.000000
vn  0.788313 0.615274 0.000000
vn  0.000000 0.000000 -1.000000
vn  0.754294 0.656537 0.000000
vn  0.000000 0.000000 -1.000000
vn  0.684510 0.729004 0.000000
vn  0.684510 0.729004 0.000000
vn  0.000000 0.000000 -1.000000
vn  0.684510 0.729004 0.000000
vn  0.664363 0.747410 0.000000
vn  0.000000 0.000000 -1.000000
vn  0.750486 0.660886 0.000000
vn  0.000000 0.000000 -1.000000
vn  0.825304 0.564689 0.000000
vn  0.825304 0.564689 0.000000
vn  0.000000 0.000000 -1.000000
vn  0.916701 0.399573 0.000000
vn  0.000000 0.000000 -1.000000
vn  0.973839 0.227239 0.000000
vn  0.943854 0.330363 0.000000
vn  0.000000 0.000000 -1.000000
vn  0.986694 0.162590 0.000000
vn  0.000000 0.000000 -1.000000
vn  1.000000 0.000000 0.000000
vn  1.000000 0.000000 0.000000
vn  0.000000 0.000000 -1.000000
vn  0.947924 -0.318495 0.000000
vn  0.000000 0.000000 -1.000000
vn  0.790448 -0.612529 0.000000
vn  0.000000 0.000000 -1.000000
vn  0.560308 -0.828285 0.000000
vn  0.560308 -0.828285 0.000000
vn  0.000000 0.000000 -1.000000
vn  0.277892 -0.960612 0.000000
vn  0.000000 0.000000 -1.000000
vn  0.007407 -0.999973 0.000000
vn  0.007407 -0.999973 0.000000
vn  0.000000 0.000000 -1.000000
vn  -0.121815 -0.992553 0.000000
vn  0.000000 0.000000 -1.000000
vn  -0.255154 -0.966901 0.000000
vn  -0.255154 -0.966901 0.000000
vn  0.000000 0.000000 -1.000000
vn  -0.255154 -0.966901 0.000000
vn  0.986789 -0.162011 0.000000
vn  0.000000 0.000000 -1.000000
vn  0.986789 -0.162011 0.000000
vn  0.255892 0.966705 0.000000
vn  0.000000 0.000000 -1.000000
vn  0.255892 0.966705 0.000000
vn  0.236670 0.971590 0.000000
vn  0.000000 0.000000 -1.000000
vn  0.120788 0.992678 0.000000
vn  0.000000 0.000000 -1.000000
vn  0.000000 1.000000 0.000000
vn  0.000000 1.000000 0.000000
vn  0.000000 0.000000 -1.000000
vn  -0.068380 0.997659 0.000000
vn  0.000000 0.000000 -1.000000
vn  -0.140267 0.990114 0.000000
vn  -0.140267 0.990114 0.000000
vn  0.000000 0.000000 -1.000000
vn  -0.410217 0.911988 0.000000
vn  0.000000 0.000000 -1.000000
vn  -0.659325 0.751858 0.000000
vn  -0.659325 0.751858 0.000000
vn  0.000000 0.000000 -1.000000
vn  -0.842852 0.538145 0.000000
vn  0.000000 0.000000 -1.000000
vn  -0.961529 0.274705 0.000000
vn  0.000000 0.000000 -1.000000
vn  -1.000000 0.000000 0.000000
vn  -1.000000 0.000000 0.000000
vn  0.000000 0.000000 -1.000000
vn  -0.956427 -0.291970 0.000000
vn  0.000000 0.000000 -1.000000
vn  -0.841975 -0.539516 0.000000
vn  -0.841975 -0.539516 0.000000
vn  0.000000 0.000000 -1.000000
vn  -0.799468 -0.600709 0.000000
vn  0.000000 0.000000 -1.000000
vn  -0.751164 -0.660116 0.000000
vn  -0.751164 -0.660116 0.000000
vn  0.000000 0.000000 -1.000000
vn  -0.714712 -0.699419 0.000000
vn  0.000000 0.000000 -1.000000
vn  -0.680450 -0.732795 0.000000
vn  -0.680450 -0.732795 0.000000
vn  0.000000 0.000000 -1.000000
vn  -0.680450 -0.732795 0.000000
vn  -0.685371 -0.728194 0.000000
vn  0.000000 0.000000 -1.000000
vn  -0.746069 -0.665869 0.000000
vn  0.000000 0.000000 -1.000000
vn  -0.800001 -0.599999 0.000000
vn  -0.800001 -0.599999 0.000000
vn  0.000000 0.000000 -1.000000
vn  -0.889934 -0.456090 0.000000
vn  0.000000 0.000000 -1.000000
vn  -0.953584 -0.301126 0.000000
vn  -0.953584 -0.301126 0.000000
vn  0.000000 0.000000 -1.000000
vn  -0.988207 -0.153125 0.000000
vn  0.000000 0.000000 -1.000000
vn  -0.999960 -0.008928 0.000000
vn  -0.999960 -0.008928 0.000000
vn  0.000000 0.000000 -1.000000
vn  -0.948738 0.316062 0.000000
vn  0.000000 0.000000 -1.000000
vn  -0.786679 0.617363 0.000000
vn  0.000000 0.000000 -1.000000
vn  -0.545880 0.837863 0.000000
vn  -0.545880 0.837863 0.000000
vn  0.000000 0.000000 -1.000000
vn  -0.358562 0.933506 0.000000
vn  0.000000 0.000000 -1.000000
vn  -0.169189 0.985584 0.000000
vn  0.000000 0.000000 -1.000000
vn  0.007042 0.999975 0.000000
vn  0.007042 0.999975 0.000000
vn  0.000000 0.000000 -1.000000
vn  0.106120 0.994353 0.000000
vn  0.000000 0.000000 -1.000000
vn  0.221621 0.975133 0.000000
vn  0.221621 0.975133 0.000000
vn  0.000000 0.000000 -1.000000
vn  0.221621 0.975133 0.000000
vn  0.230027 0.973184 0.000000
vn  0.000000 0.000000 -1.000000
vn  -0.991557 0.129668 0.000000
vn  0.230027 0.973184 0.000000
vn  0.000000 0.000000 -1.000000
vn  -0.991557 0.129668 0.000000
vn  -0.270065 -0.962842 0.000000
vn  0.000000 0.000000 -1.000000
vn  -0.270065 -0.962842 0.000000
vn  -0.242535 -0.970143 0.000000
vn  0.000000 0.000000 -1.000000
vn  -0.120962 -0.992657 0.000000
vn  0.000000 0.000000 -1.000000
vn  0.004425 -0.999990 0.000000
vn  0.004425 -0.999990 0.000000
vn  0.000000 0.000000 -1.000000
vn  0.205769 -0.978601 0.000000
vn  0.000000 0.000000 -1.000000
vn  0.419194 -0.907897 0.000000
vn  0.000000 0.000000 -1.000000
vn  0.622584 -0.782553 0.000000
vn  0.622584 -0.782553 0.000000
vn  0.000000 0.000000 -1.000000
vn  0.822927 -0.568147 0.000000
vn  0.000000 0.000000 -1.000000
vn  0.956573 -0.291494 0.000000
vn  0.000000 0.000000 -1.000000
vn  0.999981 0.006172 0.000000
vn  0.999981 0.006172 0.000000
vn  0.000000 0.000000 -1.000000
vn  0.985547 0.169403 0.000000
vn  0.000000 0.000000 -1.000000
vn  0.941480 0.337070 0.000000
vn  0.941480 0.337070 0.000000
vn  0.000000 0.000000 -1.000000
vn  0.874325 0.485342 0.000000
vn  0.000000 0.000000 -1.000000
vn  0.788313 0.615274 0.000000
vn  0.788313 0.615274 0.000000
vn  0.000000 0.000000 -1.000000
vn  0.754294 0.656537 0.000000
vn  0.000000 0.000000 -1.000000
vn  0.684510 0.729004 0.000000
vn  0.684510 0.729004 0.000000
vn  0.000000 0.000000 -1.000000
vn  0.684510 0.729004 0.000000
vn  0.664363 0.747410 0.000000
vn  0.000000 0.000000 -1.000000
vn  0.750486 0.660886 0.000000
vn  0.000000 0.000000 -1.000000
vn  0.825304 0.564689 0.000000
vn  0.825304 0.564689 0.000000
vn  0.000000 0.000000 -1.000000
vn  0.916701 0.399573 0.000000
vn  0.000000 0.000000 -1.000000
vn  0.973839 0.227239 0.000000
vn  0.943854 0.330363 0.000000
vn  0.000000 0.000000 -1.000000
vn  0.986694 0.162590 0.000000
vn  0.000000 0.000000 -1.000000
vn  1.000000 0.000000 0.000000
vn  1.000000 0.000000 0.000000
vn  0.000000 0.000000 -1.000000
vn  0.947924 -0.318495 0.000000
vn  0.000000 0.000000 -1.000000
vn  0.790448 -0.612529 0.000000
vn  0.000000 0.000000 -1.000000
vn  0.560308 -0.828285 0.000000
vn  0.560308 -0.828285 0.000000
vn  0.000000 0.000000 -1.000000
vn  0.277892 -0.960612 0.000000
vn  0.000000 0.000000 -1.000000
vn  0.007407 -0.999973 0.000000
vn  0.007407 -0.999973 0.000000
vn  0.000000 0.000000 -1.000000
vn  -0.121815 -0.992553 0.000000
vn  0.000000 0.000000 -1.000000
vn  -0.255154 -0.966901 0.000000
vn  -0.255154 -0.966901 0.000000
vn  0.000000 0.000000 -1.000000
vn  -0.255154 -0.966901 0.000000
vn  0.986789 -0.162011 0.000000
vn  0.000000 0.000000 -1.000000
vn  0.986789 -0.162011 0.000000
vn  0.255892 0.966705 0.000000
vn  0.000000 0.000000 -1.000000
vn  0.255892 0.966705 0.000000
vn  0.236670 0.971590 0.000000
vn  0.000000 0.000000 -1.000000
vn  0.120788 0.992678 0.000000
vn  0.000000 0.000000 -1.000000
vn  0.000000 1.000000 0.000000
vn  0.000000 1.000000 0.000000
vn  0.000000 0.000000 -1.000000
vn  -0.068380 0.997659 0.000000
vn  0.000000 0.000000 -1.000000
vn  -0.140267 0.990114 0.000000
vn  -0.140267 0.990114 0.000000
vn  0.000000 0.000000 -1.000000
vn  -0.410217 0.911988 0.000000
vn  0.000000 0.000000 -1.000000
vn  -0.659322 0.751860 0.000000
vn  -0.659322 0.751860 0.000000
vn  0.000000 0.000000 -1.000000
vn  -0.842851 0.538147 0.000000
vn  0.000000 0.000000 -1.000000
vn  -0.961528 0.274706 0.000000
vn  0.000000 0.000000 -1.000000
vn  -1.000000 0.000000 0.000000
vn  -1.000000 0.000000 0.000000
vn  0.000000 0.000000 -1.000000
vn  -0.956427 -0.291970 0.000000
vn  0.000000 0.000000 -1.000000
vn  -0.841975 -0.539516 0.000000
vn  -0.841975 -0.539516 0.000000
vn  0.000000 0.000000 -1.000000
vn  -0.799468 -0.600709 0.000000
vn  0.000000 0.000000 -1.000000
vn  -0.751164 -0.660116 0.000000
vn  -0.751164 -0.660116 0.000000
vn  0.000000 0.000000 -1.000000
vn  -0.714712 -0.699419 0.000000
vn  0.000000 0.000000 -1.000000
vn  -0.680450 -0.732795 0.000000
vn  -0.680450 -0.732795 0.000000
vn  0.000000 0.000000 -1.000000
vn  -0.680450 -0.732795 0.000000
vn  -0.685371 -0.728194 0.000000
vn  0.000000 0.000000 -1.000000
vn  -0.746069 -0.665869 0.000000
vn  0.000000 0.000000 -1.000000
vn  -0.800001 -0.599999 0.000000
vn  -0.800001 -0.599999 0.000000
vn  0.000000 0.000000 -1.000000
vn  -0.889934 -0.456090 0.000000
vn  0.000000 0.000000 -1.000000
vn  -0.953584 -0.301126 0.000000
vn  -0.953584 -0.301126 0.000000
vn  0.000000 0.000000 -1.000000
vn  -0.988207 -0.153125 0.000000
vn  0.000000 0.000000 -1.000000
vn  -0.999960 -0.008928 0.000000
vn  -0.999960 -0.008928 0.000000
vn  0.000000 0.000000 -1.000000
vn  -0.948738 0.316062 0.000000
vn  0.000000 0.000000 -1.000000
vn  -0.786679 0.617363 0.000000
vn  0.000000 0.000000 -1.000000
vn  -0.545880 0.837863 0.000000
vn  -0.545880 0.837863 0.000000
vn  0.000000 0.000000 -1.000000
vn  -0.358562 0.933506 0.000000
vn  0.000000 0.000000 -1.000000
vn  -0.169189 0.985584 0.000000
vn  0.000000 0.000000 -1.000000
vn  0.007042 0.999975 0.000000
vn  0.007042 0.999975 0.000000
vn  0.000000 0.000000 -1.000000
vn  0.106120 0.994353 0.000000
vn  0.000000 0.000000 -1.000000
vn  0.221621 0.975133 0.000000
vn  0.221621 0.975133 0.000000
vn  0.000000 0.000000 -1.000000
vn  0.221621 0.975133 0.000000
vn  0.230027 0.973184 0.000000
vn  0.000000 0.000000 -1.000000
vn  -0.896939 0.442154 0.000000
vn  -0.908007 0.418955 0.000000
vn  0.000000 0.000000 -1.000000
vn  -0.896939 0.442154 0.000000
vn  0.000000 -1.000000 0.000000
vn  0.000000 0.000000 -1.000000
vn  0.000000 -1.000000 0.000000
vn  0.951527 -0.307567 0.000000
vn  0.000000 0.000000 -1.000000
vn  0.951527 -0.307567 0.000000
vn  0.943859 -0.330348 0.000000
vn  0.000000 0.000000 -1.000000
vn  0.935554 -0.353184 0.000000
vn  0.000000 0.000000 -1.000000
vn  0.920662 -0.390361 0.000000
vn  0.920662 -0.390361 0.000000
vn  0.000000 0.000000 -1.000000
vn  0.920662 -0.390361 0.000000
vn  0.000000 -1.000000 0.000000
vn  0.000000 0.000000 -1.000000
vn  0.000000 -1.000000 0.000000
vn  -0.982824 -0.184546 0.000000
vn  0.000000 0.000000 -1.000000
vn  -0.982824 -0.184546 0.000000
vn  -0.985692 -0.168558 0.000000
vn  0.000000 0.000000 -1.000000
vn  -0.985692 -0.168558 0.000000
vn  0.000000 -1.000000 0.000000
vn  0.000000 0.000000 -1.000000
vn  0.000000 -1.000000 0.000000
vn  0.973252 0.229739 0.000000
vn  0.000000 0.000000 -1.000000
vn  0.973252 0.229739 0.000000
vn  0.978350 0.206957 0.000000
vn  0.000000 0.000000 -1.000000
vn  0.978350 0.206957 0.000000
vn  0.980233 0.197846 0.000000
vn  0.000000 0.000000 -1.000000
vn  0.982173 0.187979 0.000000
vn  0.000000 0.000000 -1.000000
vn  0.983779 0.179387 0.000000
vn  0.000000 0.000000 -1.000000
vn  0.985142 0.171740 0.000000
vn  0.000000 0.000000 -1.000000
vn  0.986324 0.164816 0.000000
vn  0.986324 0.164816 0.000000
vn  0.000000 0.000000 -1.000000
vn  0.986668 0.162749 0.000000
vn  0.000000 0.000000 -1.000000
vn  0.987223 0.159343 0.000000
vn  0.000000 0.000000 -1.000000
vn  0.988012 0.154378 0.000000
vn  0.000000 0.000000 -1.000000
vn  0.989050 0.147579 0.000000
vn  0.000000 0.000000 -1.000000
vn  0.990349 0.138596 0.000000
vn  0.000000 0.000000 -1.000000
vn  0.991904 0.126986 0.000000
vn  0.000000 0.000000 -1.000000
vn  0.993689 0.112171 0.000000
vn  0.000000 0.000000 -1.000000
vn  0.995630 0.093389 0.000000
vn  0.000000 0.000000 -1.000000
vn  0.997574 0.069614 0.000000
vn  0.000000 0.000000 -1.000000
vn  0.999222 0.039441 0.000000
vn  0.999222 0.039441 0.000000
vn  0.000000 0.000000 -1.000000
vn  0.999222 0.039441 0.000000
vn  -0.254494 0.967074 0.000000
vn  0.000000 0.000000 -1.000000
vn  -0.254494 0.967074 0.000000
vn  -0.962649 0.270751 0.000000
vn  0.000000 0.000000 -1.000000
vn  -0.962649 0.270751 0.000000
vn  -0.956674 0.291160 0.000000
vn  0.000000 0.000000 -1.000000
vn  -0.941617 0.336685 0.000000
vn  0.000000 0.000000 -1.000000
vn  -0.908084 0.418787 0.000000
vn  -0.908084 0.418787 0.000000
vn  0.000000 0.000000 -1.000000
vn  -0.908084 0.418787 0.000000
vn  -0.908007 0.418955 0.000000
vn  0.000000 0.000000 -1.000000
vn  0.901412 -0.432962 0.000000
vn  0.000000 1.000000 0.000000
vn  0.000000 0.000000 -1.000000
vn  0.901412 -0.432962 0.000000
vn  0.905066 -0.425271 0.000000
vn  0.000000 0.000000 -1.000000
vn  0.908330 -0.418255 0.000000
vn  0.000000 0.000000 -1.000000
vn  0.910930 -0.412562 0.000000
vn  0.000000 0.000000 -1.000000
vn  0.913067 -0.407809 0.000000
vn  0.000000 0.000000 -1.000000
vn  0.914870 -0.403749 0.000000
vn  0.000000 0.000000 -1.000000
vn  0.916422 -0.400212 0.000000
vn  0.000000 0.000000 -1.000000
vn  0.917783 -0.397082 0.000000
vn  0.917783 -0.397082 0.000000
vn  0.000000 0.000000 -1.000000
vn  0.917783 -0.397082 0.000000
vn  -0.989517 -0.144415 0.000000
vn  0.000000 0.000000 -1.000000
vn  -0.989517 -0.144415 0.000000
vn  -0.989241 -0.146295 0.000000
vn  0.000000 0.000000 -1.000000
vn  -0.989241 -0.146295 0.000000
vn  -0.988103 -0.153792 0.000000
vn  0.000000 0.000000 -1.000000
vn  -0.988103 -0.153792 0.000000
vn  0.000000 1.000000 0.000000
vn  0.000000 0.000000 -1.000000
vn  -0.978181 0.207755 0.000000
vn  -0.978181 0.207755 0.000000
vn  0.000000 0.000000 -1.000000
vn  -0.978181 0.207755 0.000000
vn  0.000000 -1.000000 0.000000
vn  0.000000 0.000000 -1.000000
vn  0.000000 -1.000000 0.000000
vn  0.975133 -0.221619 0.000000
vn  0.000000 0.000000 -1.000000
vn  0.975133 -0.221619 0.000000
vn  -0.067414 0.997725 0.000000
vn  0.000000 0.000000 -1.000000
vn  -0.067414 0.997725 0.000000
vn  -0.078961 0.996878 0.000000
vn  0.000000 0.000000 -1.000000
vn  -0.038975 0.999240 0.000000
vn  0.000000 0.000000 -1.000000
vn  0.004630 0.999989 0.000000
vn  0.004630 0.999989 0.000000
vn  0.000000 0.000000 -1.000000
vn  0.004630 0.999989 0.000000
vn  0.989949 -0.141422 0.000000
vn  0.000000 0.000000 -1.000000
vn  0.989949 -0.141422 0.000000
vn  0.990985 -0.133969 0.000000
vn  0.000000 0.000000 -1.000000
vn  0.990985 -0.133969 0.000000
vn  0.993061 -0.117602 0.000000
vn  0.000000 0.000000 -1.000000
vn  0.986098 -0.166167 0.000000
vn  0.000000 0.000000 -1.000000
vn  0.978931 -0.204191 0.000000
vn  0.978931 -0.204191 0.000000
vn  0.000000 0.000000 -1.000000
vn  0.978931 -0.204191 0.000000
vn  0.000000 1.000000 0.000000
vn  0.000000 0.000000 -1.000000
vn  0.000000 1.000000 0.000000
vn  -0.998425 -0.056096 0.000000
vn  0.000000 0.000000 -1.000000
vn  -0.998425 -0.056096 0.000000
vn  -0.999829 0.018514 0.000000
vn  0.000000 0.000000 -1.000000
vn  -0.999829 0.018514 0.000000
vn  -0.995349 0.096330 0.000000
vn  0.000000 0.000000 -1.000000
vn  -0.995081 0.099068 0.000000
vn  0.000000 0.000000 -1.000000
vn  -0.994442 0.105289 0.000000
vn  0.000000 0.000000 -1.000000
vn  -0.993456 0.114218 0.000000
vn  0.000000 0.000000 -1.000000
vn  -0.992122 0.125279 0.000000
vn  0.000000 0.000000 -1.000000
vn  -0.990429 0.138024 0.000000
vn  -0.990429 0.138024 0.000000
vn  0.000000 0.000000 -1.000000
vn  -0.990429 0.138024 0.000000
vn  -0.989461 0.144799 0.000000
vn  0.000000 0.000000 -1.000000
vn  -0.986169 0.165744 0.000000
vn  0.000000 0.000000 -1.000000
vn  -0.977227 0.212197 0.000000
vn  -0.986226 0.165402 0.000000
vn  0.000000 0.000000 -1.000000
vn  -0.977227 0.212197 0.000000
vn  0.000000 -1.000000 0.000000
vn  0.000000 0.000000 -1.000000
vn  0.000000 -1.000000 0.000000
vn  0.996158 -0.087573 0.000000
vn  0.000000 0.000000 -1.000000
vn  0.996158 -0.087573 0.000000
vn  0.993671 -0.112334 0.000000
vn  0.000000 0.000000 -1.000000
vn  0.993671 -0.112334 0.000000
vn  0.990733 -0.135824 0.000000
vn  0.000000 0.000000 -1.000000
vn  0.990733 -0.135824 0.000000
vn  0.987642 -0.156729 0.000000
vn  0.000000 0.000000 -1.000000
vn  0.987642 -0.156729 0.000000
vn  0.988174 -0.153338 0.000000
vn  0.000000 0.000000 -1.000000
vn  0.988174 -0.153338 0.000000
vn  -0.977526 -0.210815 0.000000
vn  0.000000 0.000000 -1.000000
vn  -0.977526 -0.210815 0.000000
vn  -0.979095 -0.203402 0.000000
vn  0.000000 0.000000 -1.000000
vn  -0.979095 -0.203402 0.000000
vn  -0.983490 -0.180963 0.000000
vn  0.000000 0.000000 -1.000000
vn  -0.983490 -0.180963 0.000000
vn  -0.989949 -0.141421 0.000000
vn  0.000000 0.000000 -1.000000
vn  -0.989949 -0.141421 0.000000
vn  -0.995723 -0.092389 0.000000
vn  0.000000 0.000000 -1.000000
vn  -0.995723 -0.092389 0.000000
vn  0.145639 -0.989338 0.000000
vn  0.000000 0.000000 -1.000000
vn  0.145639 -0.989338 0.000000
vn  0.919590 -0.392878 0.000000
vn  0.000000 0.000000 -1.000000
vn  0.919590 -0.392878 0.000000
vn  0.920194 -0.391463 0.000000
vn  0.000000 0.000000 -1.000000
vn  0.915912 -0.401380 0.000000
vn  0.000000 0.000000 -1.000000
vn  0.911453 -0.411405 0.000000
vn  0.000000 0.000000 -1.000000
vn  0.906812 -0.421536 0.000000
vn  0.000000 0.000000 -1.000000
vn  0.901984 -0.431769 0.000000
vn  0.901984 -0.431769 0.000000
vn  0.000000 0.000000 -1.000000
vn  0.901984 -0.431769 0.000000
vn  0.904526 -0.426418 0.000000
vn  0.000000 0.000000 -1.000000
vn  0.902767 -0.430129 0.000000
vn  0.000000 0.000000 -1.000000
vn  0.900639 -0.434567 0.000000
vn  0.000000 0.000000 -1.000000
vn  0.898043 -0.439907 0.000000
vn  0.000000 0.000000 -1.000000
vn  0.894840 -0.446386 0.000000
vn  0.000000 0.000000 -1.000000
vn  0.890831 -0.454334 0.000000
vn  0.000000 0.000000 -1.000000
vn  0.885721 -0.464219 0.000000
vn  0.000000 0.000000 -1.000000
vn  0.879051 -0.476728 0.000000
vn  0.000000 0.000000 -1.000000
vn  0.870074 -0.492920 0.000000
vn  0.000000 0.000000 -1.000000
vn  0.857492 -0.514497 0.000000
vn  0.857492 -0.514497 0.000000
vn  0.000000 0.000000 -1.000000
vn  0.857492 -0.514497 0.000000
vn  -0.992782 0.119934 0.000000
vn  0.000000 0.000000 -1.000000
vn  -0.992782 0.119934 0.000000
vn  -0.992302 0.123839 0.000000
vn  0.000000 0.000000 -1.000000
vn  -0.992302 0.123839 0.000000
vn  -0.989044 0.147618 0.000000
vn  0.000000 0.000000 -1.000000
vn  -0.989044 0.147618 0.000000
vn  0.000000 -1.000000 0.000000
vn  0.000000 0.000000 -1.000000
vn  0.000000 -1.000000 0.000000
vn  0.999698 -0.024581 0.000000
vn  0.000000 0.000000 -1.000000
vn  0.999698 -0.024581 0.000000
vn  0.999480 -0.032239 0.000000
vn  0.000000 0.000000 -1.000000
vn  0.997703 -0.067737 0.000000
vn  0.000000 0.000000 -1.000000
vn  0.996068 -0.088589 0.000000
vn  0.000000 0.000000 -1.000000
vn  0.994882 -0.101044 0.000000
vn  0.000000 0.000000 -1.000000
vn  0.994125 -0.108243 0.000000
vn  0.994125 -0.108243 0.000000
vn  0.000000 0.000000 -1.000000
vn  0.994125 -0.108243 0.000000
vn  0.994278 -0.106823 0.000000
vn  0.000000 0.000000 -1.000000
vn  0.994151 -0.107995 0.000000
vn  0.000000 0.000000 -1.000000
vn  0.994003 -0.109352 0.000000
vn  0.000000 0.000000 -1.000000
vn  0.993830 -0.110917 0.000000
vn  0.000000 0.000000 -1.000000
vn  0.993627 -0.112718 0.000000
vn  0.000000 0.000000 -1.000000
vn  0.993390 -0.114788 0.000000
vn  0.000000 0.000000 -1.000000
vn  0.993112 -0.117165 0.000000
vn  0.000000 0.000000 -1.000000
vn  0.992786 -0.119896 0.000000
vn  0.000000 0.000000 -1.000000
vn  0.992402 -0.123039 0.000000
vn  0.000000 0.000000 -1.000000
vn  0.991946 -0.126663 0.000000
vn  0.000000 0.000000 -1.000000
vn  0.991402 -0.130854 0.000000
vn  0.000000 0.000000 -1.000000
vn  0.990747 -0.135720 0.000000
vn  0.000000 0.000000 -1.000000
vn  0.989953 -0.141400 0.000000
vn  0.000000 0.000000 -1.000000
vn  0.988977 -0.148071 0.000000
vn  0.000000 0.000000 -1.000000
vn  0.987762 -0.155966 0.000000
vn  0.987762 -0.155966 0.000000
vn  0.000000 0.000000 -1.000000
vn  0.987762 -0.155966 0.000000
vn  0.000000 1.000000 0.000000
vn  0.000000 0.000000 -1.000000
vn  0.000000 1.000000 0.000000
vn  -0.893884 0.448299 0.000000
vn  0.000000 0.000000 -1.000000
vn  -0.893884 0.448299 0.000000
vn  -0.898383 0.439212 0.000000
vn  0.000000 0.000000 -1.000000
vn  -0.898199 0.439588 0.000000
vn  0.000000 0.000000 -1.000000
vn  -0.898246 0.439493 0.000000
vn  0.000000 0.000000 -1.000000
vn  -0.898511 0.438951 0.000000
vn  0.000000 0.000000 -1.000000
vn  -0.898981 0.437987 0.000000
vn  0.000000 0.000000 -1.000000
vn  -0.899645 0.436622 0.000000
vn  0.000000 0.000000 -1.000000
vn  -0.900491 0.434875 0.000000
vn  0.000000 0.000000 -1.000000
vn  -0.901508 0.432763 0.000000
vn  0.000000 0.000000 -1.000000
vn  -0.902685 0.430303 0.000000
vn  0.000000 0.000000 -1.000000
vn  -0.904011 0.427510 0.000000
vn  0.000000 0.000000 -1.000000
vn  -0.905476 0.424397 0.000000
vn  0.000000 0.000000 -1.000000
vn  -0.907071 0.420978 0.000000
vn  0.000000 0.000000 -1.000000
vn  -0.908785 0.417264 0.000000
vn  -0.908785 0.417264 0.000000
vn  0.000000 0.000000 -1.000000
vn  -0.908785 0.417264 0.000000
vn  -0.918438 0.395564 0.000000
vn  0.000000 0.000000 -1.000000
vn  -0.918438 0.395564 0.000000
vn  -0.924856 0.380317 0.000000
vn  0.000000 0.000000 -1.000000
vn  -0.924856 0.380317 0.000000
vn  0.987896 0.155121 0.000000
vn  0.000000 0.000000 -1.000000
vn  0.987896 0.155121 0.000000
vn  0.985520 0.169557 0.000000
vn  0.000000 0.000000 -1.000000
vn  0.982741 0.184985 0.000000
vn  0.000000 0.000000 -1.000000
vn  0.976297 0.216433 0.000000
vn  0.976297 0.216433 0.000000
vn  0.000000 0.000000 -1.000000
vn  0.976297 0.216433 0.000000
vn  0.972807 0.231618 0.000000
vn  0.000000 0.000000 -1.000000
vn  0.978823 0.204710 0.000000
vn  0.000000 0.000000 -1.000000
vn  0.982519 0.186162 0.000000
vn  0.982519 0.186162 0.000000
vn  0.000000 0.000000 -1.000000
vn  0.982519 0.186162 0.000000
vn  0.000000 1.000000 0.000000
vn  0.000000 0.000000 -1.000000
vn  0.000000 1.000000 0.000000
vn  -0.999527 0.030753 0.000000
vn  0.000000 0.000000 -1.000000
vn  -0.999527 0.030753 0.000000
vn  -0.999289 0.037707 0.000000
vn  0.000000 0.000000 -1.000000
vn  -0.995459 0.095194 0.000000
vn  0.000000 0.000000 -1.000000
vn  -0.989799 0.142468 0.000000
vn  -0.989799 0.142468 0.000000
vn  0.000000 0.000000 -1.000000
vn  -0.989171 0.146769 0.000000
vn  0.000000 0.000000 -1.000000
vn  -0.988644 0.150275 0.000000
vn  0.000000 0.000000 -1.000000
vn  -0.988195 0.153199 0.000000
vn  0.000000 0.000000 -1.000000
vn  -0.987807 0.155683 0.000000
vn  0.000000 0.000000 -1.000000
vn  -0.987467 0.157827 0.000000
vn  0.000000 0.000000 -1.000000
vn  -0.987165 0.159702 0.000000
vn  0.000000 0.000000 -1.000000
vn  -0.986895 0.161362 0.000000
vn  0.000000 0.000000 -1.000000
vn  -0.986652 0.162846 0.000000
vn  0.000000 0.000000 -1.000000
vn  -0.986430 0.164184 0.000000
vn  0.000000 0.000000 -1.000000
vn  -0.986226 0.165402 0.000000
vn  -0.986226 0.165402 0.000000
vn  0.000000 0.000000 -1.000000
vn  -0.896939 0.442154 0.000000
vn  -0.908007 0.418955 0.000000
vn  0.000000 0.000000 -1.000000
vn  -0.896939 0.442154 0.000000
vn  0.000000 -1.000000 0.000000
vn  0.000000 0.000000 -1.000000
vn  0.000000 -1.000000 0.000000
vn  0.951529 -0.307560 0.000000
vn  0.000000 0.000000 -1.000000
vn  0.951529 -0.307560 0.000000
vn  0.943854 -0.330363 0.000000
vn  0.000000 0.000000 -1.000000
vn  0.935552 -0.353188 0.000000
vn  0.000000 0.000000 -1.000000
vn  0.920663 -0.390359 0.000000
vn  0.920663 -0.390359 0.000000
vn  0.000000 0.000000 -1.000000
vn  0.920663 -0.390359 0.000000
vn  0.000000 -1.000000 0.000000
vn  0.000000 0.000000 -1.000000
vn  0.000000 -1.000000 0.000000
vn  -0.982823 -0.184552 0.000000
vn  0.000000 0.000000 -1.000000
vn  -0.982823 -0.184552 0.000000
vn  -0.985693 -0.168552 0.000000
vn  0.000000 0.000000 -1.000000
vn  -0.985693 -0.168552 0.000000
vn  0.000000 -1.000000 0.000000
vn  0.000000 0.000000 -1.000000
vn  0.000000 -1.000000 0.000000
vn  0.973252 0.229739 0.000000
vn  0.000000 0.000000 -1.000000
vn  0.973252 0.229739 0.000000
vn  0.978349 0.206960 0.000000
vn  0.000000 0.000000 -1.000000
vn  0.978349 0.206960 0.000000
vn  0.980233 0.197846 0.000000
vn  0.000000 0.000000 -1.000000
vn  0.982173 0.187977 0.000000
vn  0.000000 0.000000 -1.000000
vn  0.983779 0.179385 0.000000
vn  0.000000 0.000000 -1.000000
vn  0.985142 0.171740 0.000000
vn  0.000000 0.000000 -1.000000
vn  0.986324 0.164818 0.000000
vn  0.986324 0.164818 0.000000
vn  0.000000 0.000000 -1.000000
vn  0.986667 0.162751 0.000000
vn  0.000000 0.000000 -1.000000
vn  0.987223 0.159346 0.000000
vn  0.000000 0.000000 -1.000000
vn  0.988011 0.154381 0.000000
vn  0.000000 0.000000 -1.000000
vn  0.989050 0.147581 0.000000
vn  0.000000 0.000000 -1.000000
vn  0.990349 0.138598 0.000000
vn  0.000000 0.000000 -1.000000
vn  0.991904 0.126987 0.000000
vn  0.000000 0.000000 -1.000000
vn  0.993689 0.112171 0.000000
vn  0.000000 0.000000 -1.000000
vn  0.995630 0.093387 0.000000
vn  0.000000 0.000000 -1.000000
vn  0.997574 0.069609 0.000000
vn  0.000000 0.000000 -1.000000
vn  0.999222 0.039431 0.000000
vn  0.999222 0.039431 0.000000
vn  0.000000 0.000000 -1.000000
vn  0.999222 0.039431 0.000000
vn  -0.254493 0.967075 0.000000
vn  0.000000 0.000000 -1.000000
vn  -0.254493 0.967075 0.000000
vn  -0.962649 0.270751 0.000000
vn  0.000000 0.000000 -1.000000
vn  -0.962649 0.270751 0.000000
vn  -0.956679 0.291146 0.000000
vn  0.000000 0.000000 -1.000000
vn  -0.941618 0.336683 0.000000
vn  0.000000 0.000000 -1.000000
vn  -0.908084 0.418787 0.000000
vn  -0.908084 0.418787 0.000000
vn  0.000000 0.000000 -1.000000
vn  -0.908084 0.418787 0.000000
vn  -0.908007 0.418955 0.000000
vn  0.000000 0.000000 -1.000000
vn  0.901412 -0.432962 0.000000
vn  0.000000 1.000000 0.000000
vn  0.000000 0.000000 -1.000000
vn  0.901412 -0.432962 0.000000
vn  0.905066 -0.425271 0.000000
vn  0.000000 0.000000 -1.000000
vn  0.908328 -0.418258 0.000000
vn  0.000000 0.000000 -1.000000
vn  0.910928 -0.412565 0.000000
vn  0.000000 0.000000 -1.000000
vn  0.913066 -0.407812 0.000000
vn  0.000000 0.000000 -1.000000
vn  0.914869 -0.403751 0.000000
vn  0.000000 0.000000 -1.000000
vn  0.916422 -0.400212 0.000000
vn  0.000000 0.000000 -1.000000
vn  0.917784 -0.397080 0.000000
vn  0.917784 -0.397080 0.000000
vn  0.000000 0.000000 -1.000000
vn  0.917784 -0.397080 0.000000
vn  -0.989517 -0.144419 0.000000
vn  0.000000 0.000000 -1.000000
vn  -0.989517 -0.144419 0.000000
vn  -0.989241 -0.146293 0.000000
vn  0.000000 0.000000 -1.000000
vn  -0.989241 -0.146293 0.000000
vn  -0.988103 -0.153792 0.000000
vn  0.000000 0.000000 -1.000000
vn  -0.988103 -0.153792 0.000000
vn  0.000000 1.000000 0.000000
vn  0.000000 0.000000 -1.000000
vn  -0.971628 0.236514 0.000000
vn  -0.971628 0.236514 0.000000
vn  0.000000 0.000000 -1.000000
vn  -0.971628 0.236514 0.000000
vn  0.000000 -1.000000 0.000000
vn  0.000000 0.000000 -1.000000
vn  0.000000 -1.000000 0.000000
vn  0.999022 -0.044208 0.000000
vn  0.000000 0.000000 -1.000000
vn  0.999022 -0.044208 0.000000
vn  0.998619 -0.052543 0.000000
vn  0.000000 0.000000 -1.000000
vn  0.995755 -0.092047 0.000000
vn  0.000000 0.000000 -1.000000
vn  0.993365 -0.115007 0.000000
vn  0.000000 0.000000 -1.000000
vn  0.991803 -0.127779 0.000000
vn  0.991803 -0.127779 0.000000
vn  0.000000 0.000000 -1.000000
vn  0.991803 -0.127779 0.000000
vn  0.992641 -0.121091 0.000000
vn  0.000000 0.000000 -1.000000
vn  0.992641 -0.121091 0.000000
vn  -0.916824 -0.399292 0.000000
vn  0.000000 0.000000 -1.000000
vn  -0.916824 -0.399292 0.000000
vn  -0.920909 -0.389778 0.000000
vn  0.000000 0.000000 -1.000000
vn  -0.920732 -0.390195 0.000000
vn  0.000000 0.000000 -1.000000
vn  -0.920691 -0.390293 0.000000
vn  0.000000 0.000000 -1.000000
vn  -0.920793 -0.390052 0.000000
vn  0.000000 0.000000 -1.000000
vn  -0.921050 -0.389445 0.000000
vn  0.000000 0.000000 -1.000000
vn  -0.921471 -0.388448 0.000000
vn  0.000000 0.000000 -1.000000
vn  -0.922068 -0.387028 0.000000
vn  0.000000 0.000000 -1.000000
vn  -0.922852 -0.385155 0.000000
vn  0.000000 0.000000 -1.000000
vn  -0.923836 -0.382789 0.000000
vn  0.000000 0.000000 -1.000000
vn  -0.925031 -0.379892 0.000000
vn  0.000000 0.000000 -1.000000
vn  -0.926451 -0.376415 0.000000
vn  0.000000 0.000000 -1.000000
vn  -0.928109 -0.372308 0.000000
vn  0.000000 0.000000 -1.000000
vn  -0.930018 -0.367513 0.000000
vn  0.000000 0.000000 -1.000000
vn  -0.932193 -0.361963 0.000000
vn  0.000000 0.000000 -1.000000
vn  -0.934645 -0.355583 0.000000
vn  0.000000 0.000000 -1.000000
vn  -0.937387 -0.348288 0.000000
vn  0.000000 0.000000 -1.000000
vn  -0.940432 -0.339981 0.000000
vn  -0.940432 -0.339981 0.000000
vn  0.000000 0.000000 -1.000000
vn  -0.940432 -0.339981 0.000000
vn  0.142107 -0.989851 0.000000
vn  0.000000 0.000000 -1.000000
vn  0.142107 -0.989851 0.000000
vn  0.995112 -0.098751 0.000000
vn  0.000000 0.000000 -1.000000
vn  0.995112 -0.098751 0.000000
vn  0.992989 -0.118206 0.000000
vn  0.000000 0.000000 -1.000000
vn  0.992989 -0.118206 0.000000
vn  0.990844 -0.135011 0.000000
vn  0.000000 0.000000 -1.000000
vn  0.990844 -0.135011 0.000000
vn  0.990526 -0.137323 0.000000
vn  0.000000 0.000000 -1.000000
vn  0.990526 -0.137323 0.000000
vn  0.991656 -0.128915 0.000000
vn  0.000000 0.000000 -1.000000
vn  0.989580 -0.143985 0.000000
vn  0.000000 0.000000 -1.000000
vn  0.986540 -0.163523 0.000000
vn  0.000000 0.000000 -1.000000
vn  0.981830 -0.189760 0.000000
vn  0.981830 -0.189760 0.000000
vn  0.000000 0.000000 -1.000000
vn  0.981830 -0.189760 0.000000
vn  0.000000 1.000000 0.000000
vn  0.000000 0.000000 -1.000000
vn  0.000000 1.000000 0.000000
vn  -0.998666 0.051640 0.000000
vn  0.000000 0.000000 -1.000000
vn  -0.998666 0.051640 0.000000
vn  -0.997684 0.068020 0.000000
vn  0.000000 0.000000 -1.000000
vn  -0.995665 0.093017 0.000000
vn  0.000000 0.000000 -1.000000
vn  -0.990420 0.138086 0.000000
vn  -0.990420 0.138086 0.000000
vn  0.000000 0.000000 -1.000000
vn  -0.990420 0.138086 0.000000
vn  -0.992087 0.125551 0.000000
vn  0.000000 0.000000 -1.000000
vn  -0.992087 0.125551 0.000000
vn  -0.993062 0.117596 0.000000
vn  0.000000 0.000000 -1.000000
vn  -0.993062 0.117596 0.000000
vn  0.943857 0.330356 0.000000
vn  0.000000 0.000000 -1.000000
vn  0.943857 0.330356 0.000000
vn  0.942257 0.334891 0.000000
vn  0.000000 0.000000 -1.000000
vn  0.941924 0.335827 0.000000
vn  0.000000 0.000000 -1.000000
vn  0.941479 0.337070 0.000000
vn  0.000000 0.000000 -1.000000
vn  0.940906 0.338668 0.000000
vn  0.000000 0.000000 -1.000000
vn  0.940181 0.340676 0.000000
vn  0.000000 0.000000 -1.000000
vn  0.939276 0.343161 0.000000
vn  0.000000 0.000000 -1.000000
vn  0.938157 0.346210 0.000000
vn  0.000000 0.000000 -1.000000
vn  0.936776 0.349930 0.000000
vn  0.000000 0.000000 -1.000000
vn  0.935073 0.354456 0.000000
vn  0.000000 0.000000 -1.000000
vn  0.932966 0.359965 0.000000
vn  0.000000 0.000000 -1.000000
vn  0.930343 0.366691 0.000000
vn  0.000000 0.000000 -1.000000
vn  0.927046 0.374947 0.000000
vn  0.000000 0.000000 -1.000000
vn  0.922848 0.385164 0.000000
vn  0.922848 0.385164 0.000000
vn  0.000000 0.000000 -1.000000
vn  0.922848 0.385164 0.000000
vn  0.921250 0.388971 0.000000
vn  0.000000 0.000000 -1.000000
vn  0.921417 0.388575 0.000000
vn  0.000000 0.000000 -1.000000
vn  0.921444 0.388511 0.000000
vn  0.000000 0.000000 -1.000000
vn  0.921318 0.388809 0.000000
vn  0.000000 0.000000 -1.000000
vn  0.921024 0.389506 0.000000
vn  0.000000 0.000000 -1.000000
vn  0.920542 0.390644 0.000000
vn  0.000000 0.000000 -1.000000
vn  0.919851 0.392267 0.000000
vn  0.000000 0.000000 -1.000000
vn  0.918926 0.394430 0.000000
vn  0.000000 0.000000 -1.000000
vn  0.917735 0.397194 0.000000
vn  0.000000 0.000000 -1.000000
vn  0.916241 0.400627 0.000000
vn  0.000000 0.000000 -1.000000
vn  0.914399 0.404813 0.000000
vn  0.000000 0.000000 -1.000000
vn  0.912155 0.409846 0.000000
vn  0.000000 0.000000 -1.000000
vn  0.909438 0.415839 0.000000
vn  0.000000 0.000000 -1.000000
vn  0.906166 0.422922 0.000000
vn  0.000000 0.000000 -1.000000
vn  0.902231 0.431253 0.000000
vn  0.000000 0.000000 -1.000000
vn  0.897497 0.441020 0.000000
vn  0.000000 0.000000 -1.000000
vn  0.891791 0.452447 0.000000
vn  0.000000 0.000000 -1.000000
vn  0.884885 0.465810 0.000000
vn  0.000000 0.000000 -1.000000
vn  0.876477 0.481443 0.000000
vn  0.876477 0.481443 0.000000
vn  0.000000 0.000000 -1.000000
vn  0.876477 0.481443 0.000000
vn  0.000000 1.000000 0.000000
vn  0.000000 0.000000 -1.000000
vn  0.000000 1.000000 0.000000
vn  -0.998558 0.053690 0.000000
vn  0.000000 0.000000 -1.000000
vn  -0.998558 0.053690 0.000000
vn  -0.997969 0.063696 0.000000
vn  0.000000 0.000000 -1.000000
vn  -0.995537 0.094371 0.000000
vn  0.000000 0.000000 -1.000000
vn  -0.992971 0.118360 0.000000
vn  0.000000 0.000000 -1.000000
vn  -0.990486 0.137611 0.000000
vn  -0.990486 0.137611 0.000000
vn  0.000000 0.000000 -1.000000
vn  -0.990486 0.137611 0.000000
vn  -0.989949 0.141424 0.000000
vn  0.000000 0.000000 -1.000000
vn  -0.990014 0.140966 0.000000
vn  0.000000 0.000000 -1.000000
vn  -0.990039 0.140793 0.000000
vn  0.000000 0.000000 -1.000000
vn  -0.990018 0.140943 0.000000
vn  0.000000 0.000000 -1.000000
vn  -0.989944 0.141460 0.000000
vn  0.000000 0.000000 -1.000000
vn  -0.989810 0.142397 0.000000
vn  0.000000 0.000000 -1.000000
vn  -0.989604 0.143818 0.000000
vn  0.000000 0.000000 -1.000000
vn  -0.989314 0.145800 0.000000
vn  0.000000 0.000000 -1.000000
vn  -0.988922 0.148436 0.000000
vn  0.000000 0.000000 -1.000000
vn  -0.988405 0.151840 0.000000
vn  0.000000 0.000000 -1.000000
vn  -0.987733 0.156155 0.000000
vn  0.000000 0.000000 -1.000000
vn  -0.986863 0.161561 0.000000
vn  0.000000 0.000000 -1.000000
vn  -0.985738 0.168288 0.000000
vn  0.000000 0.000000 -1.000000
vn  -0.984277 0.176633 0.000000
vn  0.000000 0.000000 -1.000000
vn  -0.982362 0.186988 0.000000
vn  0.000000 0.000000 -1.000000
vn  -0.979820 0.199884 0.000000
vn  0.000000 0.000000 -1.000000
vn  -0.976383 0.216049 0.000000
vn  0.000000 0.000000 -1.000000
vn  -0.985692 0.168558 0.000000
vn  -0.990501 0.137505 0.000000
vn  0.000000 0.000000 -1.000000
vn  -0.985692 0.168558 0.000000
vn  0.000000 -1.000000 0.000000
vn  0.000000 0.000000 -1.000000
vn  0.000000 -1.000000 0.000000
vn  0.995702 -0.092618 0.000000
vn  0.000000 0.000000 -1.000000
vn  0.995702 -0.092618 0.000000
vn  0.992112 -0.125357 0.000000
vn  0.000000 0.000000 -1.000000
vn  0.992112 -0.125357 0.000000
vn  0.991164 -0.132643 0.000000
vn  0.000000 0.000000 -1.000000
vn  0.991164 -0.132643 0.000000
vn  0.987845 -0.155442 0.000000
vn  0.000000 0.000000 -1.000000
vn  0.987845 -0.155442 0.000000
vn  0.984056 -0.177856 0.000000
vn  0.000000 0.000000 -1.000000
vn  0.984056 -0.177856 0.000000
vn  0.000000 1.000000 0.000000
vn  0.000000 0.000000 -1.000000
vn  0.000000 1.000000 0.000000
vn  -0.999925 0.012268 0.000000
vn  0.000000 0.000000 -1.000000
vn  -0.999925 0.012268 0.000000
vn  -0.997924 0.064401 0.000000
vn  0.000000 0.000000 -1.000000
vn  -0.998022 0.062864 0.000000
vn  0.000000 0.000000 -1.000000
vn  -0.997831 0.065831 0.000000
vn  0.000000 0.000000 -1.000000
vn  -0.997246 0.074161 0.000000
vn  0.000000 0.000000 -1.000000
vn  -0.996038 0.088925 0.000000
vn  0.000000 0.000000 -1.000000
vn  -0.993847 0.110760 0.000000
vn  0.000000 0.000000 -1.000000
vn  -0.990816 0.135216 0.000000
vn  -0.990816 0.135216 0.000000
vn  0.000000 0.000000 -1.000000
vn  -0.990816 0.135216 0.000000
vn  -0.990501 0.137505 0.000000
vn  0.000000 0.000000 1.000000
vn  -0.897171 0.441684 0.000000
vn  -0.899109 0.437724 0.000000
vn  0.000000 0.000000 1.000000
vn  -0.784792 0.619760 0.000000
vn  0.000000 0.000000 1.000000
vn  -0.625526 0.780204 0.000000
vn  0.000000 0.000000 1.000000
vn  -0.431905 0.901919 0.000000
vn  -0.431905 0.901919 0.000000
vn  0.000000 0.000000 1.000000
vn  -0.216312 0.976324 0.000000
vn  0.000000 0.000000 1.000000
vn  0.007518 0.999972 0.000000
vn  0.007518 0.999972 0.000000
vn  0.000000 0.000000 1.000000
vn  0.224830 0.974398 0.000000
vn  0.000000 0.000000 1.000000
vn  0.443589 0.896230 0.000000
vn  0.000000 0.000000 1.000000
vn  0.641818 0.766857 0.000000
vn  0.000000 0.000000 1.000000
vn  0.800820 0.598904 0.000000
vn  0.800820 0.598904 0.000000
vn  0.000000 0.000000 1.000000
vn  0.914730 0.404066 0.000000
vn  0.000000 0.000000 1.000000
vn  0.979943 0.199280 0.000000
vn  0.000000 0.000000 1.000000
vn  0.999997 0.002557 0.000000
vn  0.999997 0.002557 0.000000
vn  0.000000 0.000000 1.000000
vn  0.982368 -0.186958 0.000000
vn  0.000000 0.000000 1.000000
vn  0.928161 -0.372178 0.000000
vn  0.000000 0.000000 1.000000
vn  0.840749 -0.541425 0.000000
vn  0.840749 -0.541425 0.000000
vn  0.000000 0.000000 1.000000
vn  0.692795 -0.721135 0.000000
vn  0.000000 0.000000 1.000000
vn  0.490562 -0.871406 0.000000
vn  0.000000 0.000000 1.000000
vn  0.249682 -0.968328 0.000000
vn  0.000000 0.000000 1.000000
vn  -0.002667 -0.999996 0.000000
vn  -0.002667 -0.999996 0.000000
vn  0.000000 0.000000 1.000000
vn  -0.253186 -0.967418 0.000000
vn  0.000000 0.000000 1.000000
vn  -0.496121 -0.868253 0.000000
vn  0.000000 0.000000 1.000000
vn  -0.702370 -0.711812 0.000000
vn  0.000000 0.000000 1.000000
vn  -0.853207 -0.521572 0.000000
vn  -0.853207 -0.521572 0.000000
vn  0.000000 0.000000 1.000000
vn  -0.936467 -0.350756 0.000000
vn  0.000000 0.000000 1.000000
vn  -0.985066 -0.172177 0.000000
vn  0.000000 0.000000 1.000000
vn  -0.999996 0.002941 0.000000
vn  -0.999996 0.002941 0.000000
vn  0.000000 0.000000 1.000000
vn  -0.974676 0.223623 0.000000
vn  0.000000 0.000000 1.000000
vn  0.999957 0.009259 0.000000
vn  0.999841 -0.017854 0.000000
vn  0.000000 0.000000 1.000000
vn  0.986903 0.161315 0.000000
vn  0.000000 0.000000 1.000000
vn  0.937113 0.349027 0.000000
vn  0.937113 0.349027 0.000000
vn  0.000000 0.000000 1.000000
vn  0.839455 0.543430 0.000000
vn  0.000000 0.000000 1.000000
vn  0.687207 0.726461 0.000000
vn  0.000000 0.000000 1.000000
vn  0.486858 0.873481 0.000000
vn  0.486858 0.873481 0.000000
vn  0.000000 0.000000 1.000000
vn  0.243549 0.969889 0.000000
vn  0.000000 0.000000 1.000000
vn  -0.008064 0.999967 0.000000
vn  -0.008064 0.999967 0.000000
vn  0.000000 0.000000 1.000000
vn  -0.279452 0.960160 0.000000
vn  0.000000 0.000000 1.000000
vn  -0.531289 0.847190 0.000000
vn  -0.531289 0.847190 0.000000
vn  0.000000 0.000000 1.000000
vn  -0.686328 0.727292 0.000000
vn  0.000000 0.000000 1.000000
vn  -0.811651 0.584143 0.000000
vn  -0.811651 0.584143 0.000000
vn  0.000000 0.000000 1.000000
vn  -0.890594 0.454798 0.000000
vn  0.000000 0.000000 1.000000
vn  -0.947712 0.319127 0.000000
vn  -0.947712 0.319127 0.000000
vn  0.000000 0.000000 1.000000
vn  -0.986505 0.163731 0.000000
vn  0.000000 0.000000 1.000000
vn  -0.999992 0.004032 0.000000
vn  -0.999992 0.004032 0.000000
vn  0.000000 0.000000 1.000000
vn  -0.984416 -0.175853 0.000000
vn  0.000000 0.000000 1.000000
vn  -0.930269 -0.366877 0.000000
vn  0.000000 0.000000 1.000000
vn  -0.832754 -0.553644 0.000000
vn  -0.832754 -0.553644 0.000000
vn  0.000000 0.000000 1.000000
vn  -0.609368 -0.792888 0.000000
vn  0.000000 0.000000 1.000000
vn  -0.314547 -0.949242 0.000000
vn  0.000000 0.000000 1.000000
vn  -0.003636 -0.999993 0.000000
vn  -0.003636 -0.999993 0.000000
vn  0.000000 0.000000 1.000000
vn  0.293337 -0.956009 0.000000
vn  0.000000 0.000000 1.000000
vn  0.567029 -0.823698 0.000000
vn  0.000000 0.000000 1.000000
vn  0.778413 -0.627753 0.000000
vn  0.778413 -0.627753 0.000000
vn  0.000000 0.000000 1.000000
vn  0.883310 -0.468789 0.000000
vn  0.000000 0.000000 1.000000
vn  0.957024 -0.290008 0.000000
vn  0.957024 -0.290008 0.000000
vn  0.000000 0.000000 1.000000
vn  0.990292 -0.139006 0.000000
vn  0.000000 0.000000 1.000000
vn  -0.983020 0.183497 0.000000
vn  -0.986394 0.164399 0.000000
vn  0.000000 0.000000 1.000000
vn  -0.986394 0.164399 0.000000
vn  -0.986394 0.164399 0.000000
vn  0.000000 0.000000 1.000000
vn  -0.990913 0.134506 0.000000
vn  0.000000 0.000000 1.000000
vn  -0.994880 0.101060 0.000000
vn  0.000000 0.000000 1.000000
vn  -0.998119 0.061313 0.000000
vn  0.000000 0.000000 1.000000
vn  -0.999968 0.007999 0.000000
vn  -0.999968 0.007999 0.000000
vn  0.000000 0.000000 1.000000
vn  -0.996589 -0.082527 0.000000
vn  0.000000 0.000000 1.000000
vn  -0.981883 -0.189487 0.000000
vn  -0.986394 -0.164399 0.000000
vn  0.000000 0.000000 1.000000
vn  -0.126964 0.991907 0.000000
vn  -0.981883 -0.189487 0.000000
vn  0.000000 0.000000 1.000000
vn  0.982661 0.185410 0.000000
vn  -0.126964 0.991907 0.000000
vn  0.000000 0.000000 1.000000
vn  0.988372 0.152056 0.000000
vn  0.982661 0.185410 0.000000
vn  0.000000 0.000000 1.000000
vn  -0.762294 0.647231 0.000000
vn  0.988372 0.152056 0.000000
vn  0.000000 0.000000 1.000000
vn  -0.762294 0.647231 0.000000
vn  -0.762294 0.647231 0.000000
vn  0.000000 0.000000 1.000000
vn  -0.544061 0.839046 0.000000
vn  0.000000 0.000000 1.000000
vn  -0.278604 0.960406 0.000000
vn  0.000000 0.000000 1.000000
vn  -0.004717 0.999989 0.000000
vn  -0.004717 0.999989 0.000000
vn  0.000000 0.000000 1.000000
vn  0.257288 0.966335 0.000000
vn  0.000000 0.000000 1.000000
vn  0.514410 0.857544 0.000000
vn  0.000000 0.000000 1.000000
vn  0.731170 0.682196 0.000000
vn  0.000000 0.000000 1.000000
vn  0.894426 0.447215 0.000000
vn  0.883788 0.467887 0.000000
vn  0.000000 0.000000 1.000000
vn  -0.816967 0.576684 0.000000
vn  0.894426 0.447215 0.000000
vn  0.000000 0.000000 1.000000
vn  -0.816967 0.576684 0.000000
vn  -0.816967 0.576684 0.000000
vn  0.000000 0.000000 1.000000
vn  -0.598413 0.801188 0.000000
vn  0.000000 0.000000 1.000000
vn  -0.310415 0.950601 0.000000
vn  0.000000 0.000000 1.000000
vn  0.000000 1.000000 0.000000
vn  0.000000 1.000000 0.000000
vn  0.000000 0.000000 1.000000
vn  0.265805 0.964027 0.000000
vn  0.000000 0.000000 1.000000
vn  0.519127 0.854697 0.000000
vn  0.000000 0.000000 1.000000
vn  0.727339 0.686279 0.000000
vn  0.727339 0.686279 0.000000
vn  0.000000 0.000000 1.000000
vn  0.880223 0.474560 0.000000
vn  0.000000 0.000000 1.000000
vn  0.971188 0.238315 0.000000
vn  0.000000 0.000000 1.000000
vn  0.999978 0.006622 0.000000
vn  0.999978 0.006622 0.000000
vn  0.000000 0.000000 1.000000
vn  0.997861 -0.065373 0.000000
vn  0.000000 0.000000 1.000000
vn  0.989950 -0.141421 0.000000
vn  0.991228 -0.132165 0.000000
vn  0.000000 0.000000 1.000000
vn  0.989950 -0.141421 0.000000
vn  0.989950 -0.141421 0.000000
vn  0.000000 0.000000 1.000000
vn  0.993173 -0.116648 0.000000
vn  0.000000 0.000000 1.000000
vn  0.996883 -0.078891 0.000000
vn  0.997054 -0.076697 0.000000
vn  0.000000 0.000000 1.000000
vn  0.000000 -1.000000 0.000000
vn  0.996883 -0.078891 0.000000
vn  0.000000 0.000000 1.000000
vn  -0.991712 0.128481 0.000000
vn  0.000000 -1.000000 0.000000
vn  0.000000 0.000000 1.000000
vn  -0.989253 0.146211 0.000000
vn  -0.991712 0.128481 0.000000
vn  0.000000 0.000000 1.000000
vn  -0.989253 0.146211 0.000000
vn  -0.989253 0.146211 0.000000
vn  0.000000 0.000000 1.000000
vn  -0.997097 0.076145 0.000000
vn  0.000000 0.000000 1.000000
vn  -0.999972 0.007519 0.000000
vn  -0.999972 0.007519 0.000000
vn  0.000000 0.000000 1.000000
vn  -0.961401 -0.275150 0.000000
vn  0.000000 0.000000 1.000000
vn  -0.824008 -0.566578 0.000000
vn  0.000000 0.000000 1.000000
vn  -0.588172 -0.808736 0.000000
vn  -0.588172 -0.808736 0.000000
vn  0.000000 0.000000 1.000000
vn  -0.304542 -0.952499 0.000000
vn  0.000000 0.000000 1.000000
vn  0.012120 -0.999927 0.000000
vn  0.012120 -0.999927 0.000000
vn  0.000000 0.000000 1.000000
vn  0.325064 -0.945692 0.000000
vn  0.000000 0.000000 1.000000
vn  0.619285 -0.785166 0.000000
vn  0.000000 0.000000 1.000000
vn  0.838459 -0.544964 0.000000
vn  0.000000 0.000000 1.000000
vn  0.959811 -0.280646 0.000000
vn  0.959811 -0.280646 0.000000
vn  0.000000 0.000000 1.000000
vn  0.976483 -0.215593 0.000000
vn  0.000000 0.000000 1.000000
vn  0.986394 -0.164399 0.000000
vn  0.986394 -0.164399 0.000000
vn  0.000000 0.000000 1.000000
vn  0.989765 -0.142706 0.000000
vn  0.000000 0.000000 1.000000
vn  0.993278 -0.115750 0.000000
vn  0.000000 0.000000 1.000000
vn  0.996621 -0.082142 0.000000
vn  0.000000 0.000000 1.000000
vn  0.999363 -0.035692 0.000000
vn  0.999201 -0.039968 0.000000
vn  0.000000 0.000000 1.000000
vn  0.000000 -1.000000 0.000000
vn  0.999363 -0.035692 0.000000
vn  0.000000 0.000000 1.000000
vn  -0.992194 0.124702 0.000000
vn  0.000000 -1.000000 0.000000
vn  0.000000 0.000000 1.000000
vn  -0.989146 0.146938 0.000000
vn  -0.992194 0.124702 0.000000
vn  0.000000 0.000000 1.000000
vn  -0.989275 0.146067 0.000000
vn  -0.989146 0.146938 0.000000
vn  0.000000 0.000000 1.000000
vn  -0.989275 0.146067 0.000000
vn  -0.989275 0.146067 0.000000
vn  0.000000 0.000000 1.000000
vn  -0.997699 0.067802 0.000000
vn  0.000000 0.000000 1.000000
vn  -1.000000 0.000000 0.000000
vn  -1.000000 0.000000 0.000000
vn  0.000000 0.000000 1.000000
vn  -0.974837 -0.222920 0.000000
vn  0.000000 0.000000 1.000000
vn  -0.888712 -0.458465 0.000000
vn  0.000000 0.000000 1.000000
vn  -0.734803 -0.678281 0.000000
vn  -0.734803 -0.678281 0.000000
vn  0.000000 0.000000 1.000000
vn  -0.524878 -0.851178 0.000000
vn  0.000000 0.000000 1.000000
vn  -0.272942 -0.962030 0.000000
vn  0.000000 0.000000 1.000000
vn  -0.010525 -0.999945 0.000000
vn  -0.010525 -0.999945 0.000000
vn  0.000000 0.000000 1.000000
vn  0.214885 -0.976639 0.000000
vn  0.000000 0.000000 1.000000
vn  0.432731 -0.901523 0.000000
vn  0.432731 -0.901523 0.000000
vn  0.000000 0.000000 1.000000
vn  0.692724 -0.721203 0.000000
vn  0.000000 0.000000 1.000000
vn  0.875114 -0.483918 0.000000
vn  0.000000 0.000000 1.000000
vn  0.971628 -0.236515 0.000000
vn  0.971628 -0.236515 0.000000
vn  0.000000 0.000000 1.000000
vn  0.980876 -0.194635 0.000000
vn  0.000000 0.000000 1.000000
vn  0.988902 -0.148568 0.000000
vn  0.988619 -0.150441 0.000000
vn  0.000000 0.000000 1.000000
vn  0.988902 -0.148568 0.000000
vn  0.988902 -0.148568 0.000000
vn  0.000000 0.000000 1.000000
vn  0.993825 -0.110962 0.000000
vn  0.000000 0.000000 1.000000
vn  0.998299 -0.058295 0.000000
vn  0.997164 -0.075257 0.000000
vn  0.000000 0.000000 1.000000
vn  0.000000 -1.000000 0.000000
vn  0.998299 -0.058295 0.000000
vn  0.000000 0.000000 1.000000
vn  -0.983020 0.183497 0.000000
vn  0.000000 -1.000000 0.000000
vn  0.000000 0.000000 1.000000
vn  -0.983745 0.179573 0.000000
vn  -0.160071 0.987105 0.000000
vn  0.000000 0.000000 1.000000
vn  -0.160071 0.987105 0.000000
vn  -0.160071 0.987105 0.000000
vn  0.000000 0.000000 1.000000
vn  -0.080783 0.996732 0.000000
vn  0.000000 0.000000 1.000000
vn  0.000000 1.000000 0.000000
vn  0.000000 1.000000 0.000000
vn  0.000000 0.000000 1.000000
vn  0.114121 0.993467 0.000000
vn  0.000000 0.000000 1.000000
vn  0.224510 0.974472 0.000000
vn  0.224510 0.974472 0.000000
vn  0.000000 0.000000 1.000000
vn  0.460193 0.887819 0.000000
vn  0.000000 0.000000 1.000000
vn  0.683915 0.729562 0.000000
vn  0.000000 0.000000 1.000000
vn  0.860724 0.509071 0.000000
vn  0.000000 0.000000 1.000000
vn  0.966803 0.255524 0.000000
vn  0.000000 0.000000 1.000000
vn  0.999987 0.005181 0.000000
vn  0.999987 0.005181 0.000000
vn  0.000000 0.000000 1.000000
vn  0.997805 -0.066218 0.000000
vn  0.000000 0.000000 1.000000
vn  0.987763 -0.155963 0.000000
vn  0.995038 -0.099498 0.000000
vn  0.000000 0.000000 1.000000
vn  0.987763 -0.155963 0.000000
vn  0.987763 -0.155963 0.000000
vn  0.000000 0.000000 1.000000
vn  0.991263 -0.131898 0.000000
vn  0.000000 0.000000 1.000000
vn  0.995471 -0.095064 0.000000
vn  0.000000 0.000000 1.000000
vn  0.999856 -0.016946 0.000000
vn  0.999232 -0.039187 0.000000
vn  0.000000 0.000000 1.000000
vn  0.000000 -1.000000 0.000000
vn  0.999856 -0.016946 0.000000
vn  0.000000 0.000000 1.000000
vn  -0.998052 -0.062382 0.000000
vn  0.000000 -1.000000 0.000000
vn  0.000000 0.000000 1.000000
vn  -0.999635 0.027020 0.000000
vn  -0.998052 -0.062382 0.000000
vn  0.000000 0.000000 1.000000
vn  0.671990 -0.740561 0.000000
vn  -0.999635 0.027020 0.000000
vn  0.000000 0.000000 1.000000
vn  0.671990 -0.740561 0.000000
vn  0.671990 -0.740561 0.000000
vn  0.000000 0.000000 1.000000
vn  0.476254 -0.879308 0.000000
vn  0.000000 0.000000 1.000000
vn  0.247052 -0.969002 0.000000
vn  0.000000 0.000000 1.000000
vn  0.005494 -0.999985 0.000000
vn  0.005494 -0.999985 0.000000
vn  0.000000 0.000000 1.000000
vn  -0.243520 -0.969896 0.000000
vn  0.000000 0.000000 1.000000
vn  -0.487862 -0.872921 0.000000
vn  0.000000 0.000000 1.000000
vn  -0.697783 -0.716310 0.000000
vn  -0.697783 -0.716310 0.000000
vn  0.000000 0.000000 1.000000
vn  -0.863536 -0.504287 0.000000
vn  0.000000 0.000000 1.000000
vn  -0.966666 -0.256042 0.000000
vn  0.000000 0.000000 1.000000
vn  -0.999986 -0.005291 0.000000
vn  -0.999986 -0.005291 0.000000
vn  0.000000 0.000000 1.000000
vn  -0.970677 0.240386 0.000000
vn  0.000000 0.000000 1.000000
vn  -0.881153 0.472831 0.000000
vn  0.000000 0.000000 1.000000
vn  -0.743541 0.668690 0.000000
vn  -0.743541 0.668690 0.000000
vn  0.000000 0.000000 1.000000
vn  -0.574896 0.818227 0.000000
vn  0.000000 0.000000 1.000000
vn  -0.380543 0.924763 0.000000
vn  0.000000 0.000000 1.000000
vn  -0.178885 0.983870 0.000000
vn  -0.178885 0.983870 0.000000
vn  0.000000 0.000000 1.000000
vn  -0.089178 0.996016 0.000000
vn  0.000000 0.000000 1.000000
vn  0.000000 1.000000 0.000000
vn  0.000000 1.000000 0.000000
vn  0.000000 0.000000 1.000000
vn  0.058973 0.998260 0.000000
vn  0.000000 0.000000 1.000000
vn  0.119145 0.992877 0.000000
vn  0.114624 0.993409 0.000000
vn  0.000000 0.000000 1.000000
vn  -0.994423 0.105468 0.000000
vn  0.119145 0.992877 0.000000
vn  0.000000 0.000000 1.000000
vn  -0.999721 -0.023617 0.000000
vn  -0.994423 0.105468 0.000000
vn  0.000000 0.000000 1.000000
vn  -0.994206 -0.107496 0.000000
vn  0.000000 0.000000 1.000000
vn  -0.981087 -0.193569 0.000000
vn  0.000000 0.000000 1.000000
vn  -0.959811 -0.280648 0.000000
vn  0.000000 0.000000 1.000000
vn  -0.930061 -0.367405 0.000000
vn  0.000000 0.000000 1.000000
vn  -0.891800 -0.452430 0.000000
vn  0.000000 0.000000 1.000000
vn  -0.845291 -0.534306 0.000000
vn  0.000000 0.000000 1.000000
vn  -0.791101 -0.611686 0.000000
vn  0.000000 0.000000 1.000000
vn  -0.730073 -0.683370 0.000000
vn  0.000000 0.000000 1.000000
vn  -0.663283 -0.748369 0.000000
vn  0.000000 0.000000 1.000000
vn  -0.591975 -0.805957 0.000000
vn  0.000000 0.000000 1.000000
vn  -0.517486 -0.855692 0.000000
vn  0.000000 0.000000 1.000000
vn  -0.441172 -0.897422 0.000000
vn  0.000000 0.000000 1.000000
vn  -0.383527 -0.923530 0.000000
vn  0.000000 0.000000 1.000000
vn  -0.326103 -0.945334 0.000000
vn  0.000000 0.000000 1.000000
vn  -0.269367 -0.963037 0.000000
vn  0.000000 0.000000 1.000000
vn  -0.213733 -0.976892 0.000000
vn  0.000000 0.000000 1.000000
vn  -0.170261 -0.985399 0.000000
vn  0.000000 0.000000 1.000000
vn  -0.127879 -0.991790 0.000000
vn  0.000000 0.000000 1.000000
vn  -0.086718 -0.996233 0.000000
vn  0.000000 0.000000 1.000000
vn  -0.046888 -0.998900 0.000000
vn  0.000000 0.000000 1.000000
vn  -0.008474 -0.999964 0.000000
vn  -0.008474 -0.999964 0.000000
vn  0.000000 0.000000 1.000000
vn  0.067991 -0.997686 0.000000
vn  0.000000 0.000000 1.000000
vn  0.157116 -0.987580 0.000000
vn  0.136637 -0.990621 0.000000
vn  0.000000 0.000000 1.000000
vn  -0.983745 0.179573 0.000000
vn  0.157116 -0.987580 0.000000
vn  0.000000 0.000000 1.000000
vn  -0.993346 0.115169 0.000000
vn  -0.173785 -0.984784 0.000000
vn  0.000000 0.000000 1.000000
vn  -0.173785 -0.984784 0.000000
vn  -0.173785 -0.984784 0.000000
vn  0.000000 0.000000 1.000000
vn  -0.087630 -0.996153 0.000000
vn  0.000000 0.000000 1.000000
vn  -0.026855 -0.999639 0.000000
vn  0.000000 0.000000 1.000000
vn  -0.006849 -0.999977 0.000000
vn  -0.006849 -0.999977 0.000000
vn  0.000000 0.000000 1.000000
vn  0.212988 -0.977055 0.000000
vn  0.000000 0.000000 1.000000
vn  0.451725 -0.892157 0.000000
vn  0.451725 -0.892157 0.000000
vn  0.000000 0.000000 1.000000
vn  0.669889 -0.742461 0.000000
vn  0.000000 0.000000 1.000000
vn  0.851879 -0.523738 0.000000
vn  0.000000 0.000000 1.000000
vn  0.965802 -0.259280 0.000000
vn  0.000000 0.000000 1.000000
vn  0.999921 0.012577 0.000000
vn  0.999921 0.012577 0.000000
vn  0.000000 0.000000 1.000000
vn  0.968281 0.249864 0.000000
vn  0.000000 0.000000 1.000000
vn  0.871560 0.490289 0.000000
vn  0.000000 0.000000 1.000000
vn  0.711901 0.702280 0.000000
vn  0.711901 0.702280 0.000000
vn  0.000000 0.000000 1.000000
vn  0.493630 0.869672 0.000000
vn  0.000000 0.000000 1.000000
vn  0.242639 0.970117 0.000000
vn  0.000000 0.000000 1.000000
vn  -0.007519 0.999972 0.000000
vn  -0.007519 0.999972 0.000000
vn  0.000000 0.000000 1.000000
vn  -0.260176 0.965561 0.000000
vn  0.000000 0.000000 1.000000
vn  -0.498254 0.867031 0.000000
vn  0.000000 0.000000 1.000000
vn  -0.696475 0.717581 0.000000
vn  -0.696475 0.717581 0.000000
vn  0.000000 0.000000 1.000000
vn  -0.863417 0.504490 0.000000
vn  0.000000 0.000000 1.000000
vn  -0.964369 0.264561 0.000000
vn  -0.964369 0.264561 0.000000
vn  0.000000 0.000000 1.000000
vn  -0.979966 0.199166 0.000000
vn  0.000000 0.000000 1.000000
vn  -0.993346 0.115169 0.000000
vn  -0.991228 0.132164 0.000000
vn  0.000000 0.000000 1.000000
vn  -0.981588 0.191012 0.000000
vn  -0.981588 0.191012 0.000000
vn  0.000000 0.000000 1.000000
vn  -0.983740 0.179597 0.000000
vn  0.000000 0.000000 1.000000
vn  -0.985454 0.169941 0.000000
vn  0.000000 0.000000 1.000000
vn  -0.986819 0.161829 0.000000
vn  0.000000 0.000000 1.000000
vn  -0.987902 0.155082 0.000000
vn  0.000000 0.000000 1.000000
vn  -0.988755 0.149546 0.000000
vn  0.000000 0.000000 1.000000
vn  -0.989418 0.145092 0.000000
vn  0.000000 0.000000 1.000000
vn  -0.989923 0.141609 0.000000
vn  0.000000 0.000000 1.000000
vn  -0.990292 0.139002 0.000000
vn  0.000000 0.000000 1.000000
vn  -0.990545 0.137188 0.000000
vn  0.000000 0.000000 1.000000
vn  -0.990696 0.136094 0.000000
vn  0.000000 0.000000 1.000000
vn  -0.990756 0.135659 0.000000
vn  0.000000 0.000000 1.000000
vn  -0.992847 0.119393 0.000000
vn  -0.990733 0.135827 0.000000
vn  0.000000 0.000000 1.000000
vn  -0.992847 0.119393 0.000000
vn  -0.992847 0.119393 0.000000
vn  0.000000 0.000000 1.000000
vn  -0.999027 0.044096 0.000000
vn  0.000000 0.000000 1.000000
vn  -0.999952 0.009803 0.000000
vn  -0.999952 0.009803 0.000000
vn  0.000000 0.000000 1.000000
vn  -0.997547 -0.069998 0.000000
vn  0.000000 0.000000 1.000000
vn  -0.985098 -0.171997 0.000000
vn  -0.988798 -0.149257 0.000000
vn  0.000000 0.000000 1.000000
vn  -0.122155 0.992511 0.000000
vn  -0.985098 -0.171997 0.000000
vn  0.000000 0.000000 1.000000
vn  0.986394 0.164401 0.000000
vn  -0.122155 0.992511 0.000000
vn  0.000000 0.000000 1.000000
vn  0.994782 0.102027 0.000000
vn  0.986394 0.164401 0.000000
vn  0.000000 0.000000 1.000000
vn  -0.719847 0.694133 0.000000
vn  0.994782 0.102027 0.000000
vn  0.000000 0.000000 1.000000
vn  -0.719847 0.694133 0.000000
vn  -0.719847 0.694133 0.000000
vn  0.000000 0.000000 1.000000
vn  -0.506986 0.861954 0.000000
vn  0.000000 0.000000 1.000000
vn  -0.260987 0.965342 0.000000
vn  0.000000 0.000000 1.000000
vn  0.060494 0.998169 0.000000
vn  -0.015150 0.999885 0.000000
vn  0.000000 0.000000 1.000000
vn  0.996865 -0.079117 0.000000
vn  0.060494 0.998169 0.000000
vn  0.000000 0.000000 1.000000
vn  -0.027767 -0.999614 0.000000
vn  0.996865 -0.079117 0.000000
vn  0.000000 0.000000 1.000000
vn  -0.027767 -0.999614 0.000000
vn  -0.027767 -0.999614 0.000000
vn  0.000000 0.000000 1.000000
vn  0.203288 -0.979119 0.000000
vn  0.000000 0.000000 1.000000
vn  0.446779 -0.894644 0.000000
vn  0.000000 0.000000 1.000000
vn  0.672824 -0.739802 0.000000
vn  0.000000 0.000000 1.000000
vn  0.850114 -0.526598 0.000000
vn  0.000000 0.000000 1.000000
vn  0.959146 -0.282912 0.000000
vn  0.959146 -0.282912 0.000000
vn  0.000000 0.000000 1.000000
vn  0.979583 -0.201042 0.000000
vn  0.000000 0.000000 1.000000
vn  0.990257 -0.139255 0.000000
vn  0.993884 -0.110425 0.000000
vn  0.000000 0.000000 1.000000
vn  0.994153 -0.107979 0.000000
vn  0.990257 -0.139255 0.000000
vn  0.000000 0.000000 1.000000
vn  0.995946 -0.089958 0.000000
vn  0.994153 -0.107979 0.000000
vn  0.000000 0.000000 1.000000
vn  0.997290 -0.073569 0.000000
vn  0.995946 -0.089958 0.000000
vn  0.000000 0.000000 1.000000
vn  0.000000 -1.000000 0.000000
vn  0.997290 -0.073569 0.000000
vn  0.000000 0.000000 1.000000
vn  -0.981588 0.191012 0.000000
vn  0.000000 -1.000000 0.000000
vn  0.000000 0.000000 1.000000
vn  -0.976317 0.216344 0.000000
vn  -0.976317 0.216344 0.000000
vn  0.000000 0.000000 1.000000
vn  -0.978289 0.207244 0.000000
vn  0.000000 0.000000 1.000000
vn  -0.979942 0.199282 0.000000
vn  0.000000 0.000000 1.000000
vn  -0.981341 0.192278 0.000000
vn  0.000000 0.000000 1.000000
vn  -0.982534 0.186086 0.000000
vn  0.000000 0.000000 1.000000
vn  -0.983559 0.180588 0.000000
vn  0.000000 0.000000 1.000000
vn  -0.984446 0.175690 0.000000
vn  0.000000 0.000000 1.000000
vn  -0.985217 0.171311 0.000000
vn  0.000000 0.000000 1.000000
vn  -0.985891 0.167387 0.000000
vn  0.000000 0.000000 1.000000
vn  -0.986483 0.163862 0.000000
vn  0.000000 0.000000 1.000000
vn  -0.987005 0.160690 0.000000
vn  0.000000 0.000000 1.000000
vn  -0.987466 0.157830 0.000000
vn  0.000000 0.000000 1.000000
vn  -0.987875 0.155250 0.000000
vn  0.000000 0.000000 1.000000
vn  -0.988239 0.152919 0.000000
vn  0.000000 0.000000 1.000000
vn  -0.988562 0.150813 0.000000
vn  0.000000 0.000000 1.000000
vn  -0.988851 0.148909 0.000000
vn  0.000000 0.000000 1.000000
vn  -0.989108 0.147188 0.000000
vn  0.000000 0.000000 1.000000
vn  -0.989338 0.145635 0.000000
vn  0.000000 0.000000 1.000000
vn  -0.989544 0.144232 0.000000
vn  0.000000 0.000000 1.000000
vn  -0.989727 0.142969 0.000000
vn  0.000000 0.000000 1.000000
vn  -0.989891 0.141832 0.000000
vn  0.000000 0.000000 1.000000
vn  -0.990036 0.140811 0.000000
vn  0.000000 0.000000 1.000000
vn  -0.990166 0.139898 0.000000
vn  0.000000 0.000000 1.000000
vn  -0.990281 0.139083 0.000000
vn  0.000000 0.000000 1.000000
vn  -0.990382 0.138360 0.000000
vn  0.000000 0.000000 1.000000
vn  -0.990471 0.137721 0.000000
vn  0.000000 0.000000 1.000000
vn  -0.990549 0.137161 0.000000
vn  0.000000 0.000000 1.000000
vn  -0.990616 0.136674 0.000000
vn  0.000000 0.000000 1.000000
vn  -0.990674 0.136255 0.000000
vn  0.000000 0.000000 1.000000
vn  -0.990723 0.135899 0.000000
vn  0.000000 0.000000 1.000000
vn  -0.990763 0.135602 0.000000
vn  0.000000 0.000000 1.000000
vn  -0.990796 0.135361 0.000000
vn  0.000000 0.000000 1.000000
vn  -0.990822 0.135171 0.000000
vn  0.000000 0.000000 1.000000
vn  -0.990841 0.135030 0.000000
vn  0.000000 0.000000 1.000000
vn  -0.990854 0.134935 0.000000
vn  0.000000 0.000000 1.000000
vn  -0.990861 0.134883 0.000000
vn  0.000000 0.000000 1.000000
vn  -0.990863 0.134872 0.000000
vn  0.000000 0.000000 1.000000
vn  -0.990859 0.134898 0.000000
vn  0.000000 0.000000 1.000000
vn  -0.990851 0.134961 0.000000
vn  0.000000 0.000000 1.000000
vn  -0.990838 0.135057 0.000000
vn  0.000000 0.000000 1.000000
vn  -0.990820 0.135186 0.000000
vn  0.000000 0.000000 1.000000
vn  -0.990798 0.135346 0.000000
vn  -0.990798 0.135346 0.000000
vn  0.000000 0.000000 1.000000
vn  -0.991217 0.132246 0.000000
vn  0.000000 0.000000 1.000000
vn  -0.991690 0.128647 0.000000
vn  0.000000 0.000000 1.000000
vn  -0.992227 0.124441 0.000000
vn  0.000000 0.000000 1.000000
vn  -0.992836 0.119482 0.000000
vn  0.000000 0.000000 1.000000
vn  -0.993529 0.113581 0.000000
vn  0.000000 0.000000 1.000000
vn  -0.994316 0.106473 0.000000
vn  0.000000 0.000000 1.000000
vn  -0.995207 0.097787 0.000000
vn  0.000000 0.000000 1.000000
vn  -0.996210 0.086985 0.000000
vn  0.000000 0.000000 1.000000
vn  -0.997314 0.073249 0.000000
vn  0.000000 0.000000 1.000000
vn  -0.998471 0.055285 0.000000
vn  0.000000 0.000000 1.000000
vn  -0.999917 -0.012901 0.000000
vn  -0.999522 0.030911 0.000000
vn  0.000000 0.000000 1.000000
vn  0.000000 1.000000 0.000000
vn  -0.999917 -0.012901 0.000000
vn  0.000000 0.000000 1.000000
vn  0.998169 -0.060492 0.000000
vn  0.000000 1.000000 0.000000
vn  0.000000 0.000000 1.000000
vn  -0.100610 -0.994926 0.000000
vn  0.998169 -0.060492 0.000000
vn  0.000000 0.000000 1.000000
vn  -0.034168 -0.999416 0.000000
vn  -0.100610 -0.994926 0.000000
vn  0.000000 0.000000 1.000000
vn  -0.006309 -0.999980 0.000000
vn  -0.034168 -0.999416 0.000000
vn  0.000000 0.000000 1.000000
vn  0.991600 -0.129339 0.000000
vn  -0.006309 -0.999980 0.000000
vn  0.000000 0.000000 1.000000
vn  0.991735 -0.128301 0.000000
vn  0.991600 -0.129339 0.000000
vn  0.000000 0.000000 1.000000
vn  0.992423 -0.122871 0.000000
vn  0.991735 -0.128301 0.000000
vn  0.000000 0.000000 1.000000
vn  0.006826 0.999977 0.000000
vn  0.992423 -0.122871 0.000000
vn  0.000000 0.000000 1.000000
vn  0.006826 0.999977 0.000000
vn  0.006826 0.999977 0.000000
vn  0.000000 0.000000 1.000000
vn  -0.016237 0.999868 0.000000
vn  0.000000 0.000000 1.000000
vn  -0.060053 0.998195 0.000000
vn  0.000000 0.000000 1.000000
vn  -0.174691 0.984623 0.000000
vn  -0.149806 0.988715 0.000000
vn  0.000000 0.000000 1.000000
vn  0.982339 -0.187111 0.000000
vn  -0.174691 0.984623 0.000000
vn  0.000000 0.000000 1.000000
vn  -0.068541 -0.997648 0.000000
vn  0.982339 -0.187111 0.000000
vn  0.000000 0.000000 1.000000
vn  -0.016127 -0.999870 0.000000
vn  -0.068541 -0.997648 0.000000
vn  0.000000 0.000000 1.000000
vn  -0.016127 -0.999870 0.000000
vn  -0.016127 -0.999870 0.000000
vn  0.000000 0.000000 1.000000
vn  0.989781 -0.142596 0.000000
vn  -0.016127 -0.999870 0.000000
vn  0.000000 0.000000 1.000000
vn  0.991029 -0.133650 0.000000
vn  0.989781 -0.142596 0.000000
vn  0.000000 0.000000 1.000000
vn  0.987613 -0.156911 0.000000
vn  0.991029 -0.133650 0.000000
vn  0.000000 0.000000 1.000000
vn  0.000000 1.000000 0.000000
vn  0.987613 -0.156911 0.000000
vn  0.000000 0.000000 1.000000
vn  0.000000 1.000000 0.000000
vn  0.000000 1.000000 0.000000
vn  0.000000 0.000000 1.000000
vn  -0.027283 0.999628 0.000000
vn  0.000000 0.000000 1.000000
vn  -0.081034 0.996711 0.000000
vn  -0.090535 0.995893 0.000000
vn  0.000000 0.000000 1.000000
vn  0.978234 -0.207503 0.000000
vn  -0.081034 0.996711 0.000000
vn  0.000000 0.000000 1.000000
vn  0.000000 -1.000000 0.000000
vn  0.978234 -0.207503 0.000000
vn  0.000000 0.000000 1.000000
vn  -0.976317 0.216344 0.000000
vn  0.000000 -1.000000 0.000000
vn  0.000000 0.000000 1.000000
vn  -0.991557 0.129668 0.000000
vn  0.230027 0.973184 0.000000
vn  0.000000 0.000000 1.000000
vn  0.221621 0.975133 0.000000
vn  0.230027 0.973184 0.000000
vn  0.000000 0.000000 1.000000
vn  0.221621 0.975133 0.000000
vn  0.221621 0.975133 0.000000
vn  0.000000 0.000000 1.000000
vn  0.106120 0.994353 0.000000
vn  0.000000 0.000000 1.000000
vn  0.007042 0.999975 0.000000
vn  0.007042 0.999975 0.000000
vn  0.000000 0.000000 1.000000
vn  -0.169189 0.985584 0.000000
vn  0.000000 0.000000 1.000000
vn  -0.358562 0.933506 0.000000
vn  0.000000 0.000000 1.000000
vn  -0.545880 0.837863 0.000000
vn  -0.545880 0.837863 0.000000
vn  0.000000 0.000000 1.000000
vn  -0.786679 0.617363 0.000000
vn  0.000000 0.000000 1.000000
vn  -0.948738 0.316062 0.000000
vn  0.000000 0.000000 1.000000
vn  -0.999960 -0.008928 0.000000
vn  -0.999960 -0.008928 0.000000
vn  0.000000 0.000000 1.000000
vn  -0.988207 -0.153125 0.000000
vn  0.000000 0.000000 1.000000
vn  -0.953584 -0.301126 0.000000
vn  -0.953584 -0.301126 0.000000
vn  0.000000 0.000000 1.000000
vn  -0.889934 -0.456090 0.000000
vn  0.000000 0.000000 1.000000
vn  -0.800001 -0.599999 0.000000
vn  -0.800001 -0.599999 0.000000
vn  0.000000 0.000000 1.000000
vn  -0.746069 -0.665869 0.000000
vn  0.000000 0.000000 1.000000
vn  -0.680450 -0.732795 0.000000
vn  -0.685371 -0.728194 0.000000
vn  0.000000 0.000000 1.000000
vn  -0.680450 -0.732795 0.000000
vn  -0.680450 -0.732795 0.000000
vn  0.000000 0.000000 1.000000
vn  -0.714712 -0.699419 0.000000
vn  0.000000 0.000000 1.000000
vn  -0.751164 -0.660116 0.000000
vn  -0.751164 -0.660116 0.000000
vn  0.000000 0.000000 1.000000
vn  -0.799468 -0.600709 0.000000
vn  0.000000 0.000000 1.000000
vn  -0.841975 -0.539516 0.000000
vn  -0.841975 -0.539516 0.000000
vn  0.000000 0.000000 1.000000
vn  -0.956427 -0.291970 0.000000
vn  0.000000 0.000000 1.000000
vn  -1.000000 0.000000 0.000000
vn  -1.000000 0.000000 0.000000
vn  0.000000 0.000000 1.000000
vn  -0.961529 0.274705 0.000000
vn  0.000000 0.000000 1.000000
vn  -0.842852 0.538145 0.000000
vn  0.000000 0.000000 1.000000
vn  -0.659325 0.751858 0.000000
vn  -0.659325 0.751858 0.000000
vn  0.000000 0.000000 1.000000
vn  -0.410217 0.911988 0.000000
vn  0.000000 0.000000 1.000000
vn  -0.140267 0.990114 0.000000
vn  -0.140267 0.990114 0.000000
vn  0.000000 0.000000 1.000000
vn  -0.068380 0.997659 0.000000
vn  0.000000 0.000000 1.000000
vn  0.000000 1.000000 0.000000
vn  0.000000 1.000000 0.000000
vn  0.000000 0.000000 1.000000
vn  0.120788 0.992678 0.000000
vn  0.000000 0.000000 1.000000
vn  0.255892 0.966705 0.000000
vn  0.236670 0.971590 0.000000
vn  0.000000 0.000000 1.000000
vn  0.986789 -0.162011 0.000000
vn  0.255892 0.966705 0.000000
vn  0.000000 0.000000 1.000000
vn  -0.255154 -0.966901 0.000000
vn  0.986789 -0.162011 0.000000
vn  0.000000 0.000000 1.000000
vn  -0.255154 -0.966901 0.000000
vn  -0.255154 -0.966901 0.000000
vn  0.000000 0.000000 1.000000
vn  -0.121815 -0.992553 0.000000
vn  0.000000 0.000000 1.000000
vn  0.007407 -0.999973 0.000000
vn  0.007407 -0.999973 0.000000
vn  0.000000 0.000000 1.000000
vn  0.277892 -0.960612 0.000000
vn  0.000000 0.000000 1.000000
vn  0.560308 -0.828285 0.000000
vn  0.560308 -0.828285 0.000000
vn  0.000000 0.000000 1.000000
vn  0.790448 -0.612529 0.000000
vn  0.000000 0.000000 1.000000
vn  0.947924 -0.318495 0.000000
vn  0.000000 0.000000 1.000000
vn  1.000000 0.000000 0.000000
vn  1.000000 0.000000 0.000000
vn  0.000000 0.000000 1.000000
vn  0.986694 0.162590 0.000000
vn  0.000000 0.000000 1.000000
vn  0.973839 0.227239 0.000000
vn  0.943854 0.330363 0.000000
vn  0.000000 0.000000 1.000000
vn  0.916701 0.399573 0.000000
vn  0.000000 0.000000 1.000000
vn  0.825304 0.564689 0.000000
vn  0.825304 0.564689 0.000000
vn  0.000000 0.000000 1.000000
vn  0.750486 0.660886 0.000000
vn  0.000000 0.000000 1.000000
vn  0.684510 0.729004 0.000000
vn  0.664363 0.747410 0.000000
vn  0.000000 0.000000 1.000000
vn  0.684510 0.729004 0.000000
vn  0.684510 0.729004 0.000000
vn  0.000000 0.000000 1.000000
vn  0.754294 0.656537 0.000000
vn  0.000000 0.000000 1.000000
vn  0.788313 0.615274 0.000000
vn  0.788313 0.615274 0.000000
vn  0.000000 0.000000 1.000000
vn  0.874325 0.485342 0.000000
vn  0.000000 0.000000 1.000000
vn  0.941480 0.337070 0.000000
vn  0.941480 0.337070 0.000000
vn  0.000000 0.000000 1.000000
vn  0.985547 0.169403 0.000000
vn  0.000000 0.000000 1.000000
vn  0.999981 0.006172 0.000000
vn  0.999981 0.006172 0.000000
vn  0.000000 0.000000 1.000000
vn  0.956573 -0.291494 0.000000
vn  0.000000 0.000000 1.000000
vn  0.822927 -0.568147 0.000000
vn  0.000000 0.000000 1.000000
vn  0.622584 -0.782553 0.000000
vn  0.622584 -0.782553 0.000000
vn  0.000000 0.000000 1.000000
vn  0.419194 -0.907897 0.000000
vn  0.000000 0.000000 1.000000
vn  0.205769 -0.978601 0.000000
vn  0.000000 0.000000 1.000000
vn  0.004425 -0.999990 0.000000
vn  0.004425 -0.999990 0.000000
vn  0.000000 0.000000 1.000000
vn  -0.120962 -0.992657 0.000000
vn  0.000000 0.000000 1.000000
vn  -0.270065 -0.962842 0.000000
vn  -0.242535 -0.970143 0.000000
vn  0.000000 0.000000 1.000000
vn  -0.991557 0.129668 0.000000
vn  -0.270065 -0.962842 0.000000
vn  0.000000 0.000000 1.000000
vn  -0.991557 0.129668 0.000000
vn  0.230027 0.973184 0.000000
vn  0.000000 0.000000 1.000000
vn  0.221621 0.975133 0.000000
vn  0.230027 0.973184 0.000000
vn  0.000000 0.000000 1.000000
vn  0.221621 0.975133 0.000000
vn  0.221621 0.975133 0.000000
vn  0.000000 0.000000 1.000000
vn  0.106120 0.994353 0.000000
vn  0.000000 0.000000 1.000000
vn  0.007042 0.999975 0.000000
vn  0.007042 0.999975 0.000000
vn  0.000000 0.000000 1.000000
vn  -0.169189 0.985584 0.000000
vn  0.000000 0.000000 1.000000
vn  -0.358562 0.933506 0.000000
vn  0.000000 0.000000 1.000000
vn  -0.545880 0.837863 0.000000
vn  -0.545880 0.837863 0.000000
vn  0.000000 0.000000 1.000000
vn  -0.786679 0.617363 0.000000
vn  0.000000 0.000000 1.000000
vn  -0.948738 0.316062 0.000000
vn  0.000000 0.000000 1.000000
vn  -0.999960 -0.008928 0.000000
vn  -0.999960 -0.008928 0.000000
vn  0.000000 0.000000 1.000000
vn  -0.988207 -0.153125 0.000000
vn  0.000000 0.000000 1.000000
vn  -0.953584 -0.301126 0.000000
vn  -0.953584 -0.301126 0.000000
vn  0.000000 0.000000 1.000000
vn  -0.889934 -0.456090 0.000000
vn  0.000000 0.000000 1.000000
vn  -0.800001 -0.599999 0.000000
vn  -0.800001 -0.599999 0.000000
vn  0.000000 0.000000 1.000000
vn  -0.746069 -0.665869 0.000000
vn  0.000000 0.000000 1.000000
vn  -0.680450 -0.732795 0.000000
vn  -0.685371 -0.728194 0.000000
vn  0.000000 0.000000 1.000000
vn  -0.680450 -0.732795 0.000000
vn  -0.680450 -0.732795 0.000000
vn  0.000000 0.000000 1.000000
vn  -0.714712 -0.699419 0.000000
vn  0.000000 0.000000 1.000000
vn  -0.751164 -0.660116 0.000000
vn  -0.751164 -0.660116 0.000000
vn  0.000000 0.000000 1.000000
vn  -0.799468 -0.600709 0.000000
vn  0.000000 0.000000 1.000000
vn  -0.841975 -0.539516 0.000000
vn  -0.841975 -0.539516 0.000000
vn  0.000000 0.000000 1.000000
vn  -0.956427 -0.291970 0.000000
vn  0.000000 0.000000 1.000000
vn  -1.000000 0.000000 0.000000
vn  -1.000000 0.000000 0.000000
vn  0.000000 0.000000 1.000000
vn  -0.961528 0.274706 0.000000
vn  0.000000 0.000000 1.000000
vn  -0.842851 0.538147 0.000000
vn  0.000000 0.000000 1.000000
vn  -0.659322 0.751860 0.000000
vn  -0.659322 0.751860 0.000000
vn  0.000000 0.000000 1.000000
vn  -0.410217 0.911988 0.000000
vn  0.000000 0.000000 1.000000
vn  -0.140267 0.990114 0.000000
vn  -0.140267 0.990114 0.000000
vn  0.000000 0.000000 1.000000
vn  -0.068380 0.997659 0.000000
vn  0.000000 0.000000 1.000000
vn  0.000000 1.000000 0.000000
vn  0.000000 1.000000 0.000000
vn  0.000000 0.000000 1.000000
vn  0.120788 0.992678 0.000000
vn  0.000000 0.000000 1.000000
vn  0.255892 0.966705 0.000000
vn  0.236670 0.971590 0.000000
vn  0.000000 0.000000 1.000000
vn  0.986789 -0.162011 0.000000
vn  0.255892 0.966705 0.000000
vn  0.000000 0.000000 1.000000
vn  -0.255154 -0.966901 0.000000
vn  0.986789 -0.162011 0.000000
vn  0.000000 0.000000 1.000000
vn  -0.255154 -0.966901 0.000000
vn  -0.255154 -0.966901 0.000000
vn  0.000000 0.000000 1.000000
vn  -0.121815 -0.992553 0.000000
vn  0.000000 0.000000 1.000000
vn  0.007407 -0.999973 0.000000
vn  0.007407 -0.999973 0.000000
vn  0.000000 0.000000 1.000000
vn  0.277892 -0.960612 0.000000
vn  0.000000 0.000000 1.000000
vn  0.560308 -0.828285 0.000000
vn  0.560308 -0.828285 0.000000
vn  0.000000 0.000000 1.000000
vn  0.790448 -0.612529 0.000000
vn  0.000000 0.000000 1.000000
vn  0.947924 -0.318495 0.000000
vn  0.000000 0.000000 1.000000
vn  1.000000 0.000000 0.000000
vn  1.000000 0.000000 0.000000
vn  0.000000 0.000000 1.000000
vn  0.986694 0.162590 0.000000
vn  0.000000 0.000000 1.000000
vn  0.973839 0.227239 0.000000
vn  0.943854 0.330363 0.000000
vn  0.000000 0.000000 1.000000
vn  0.916701 0.399573 0.000000
vn  0.000000 0.000000 1.000000
vn  0.825304 0.564689 0.000000
vn  0.825304 0.564689 0.000000
vn  0.000000 0.000000 1.000000
vn  0.750486 0.660886 0.000000
vn  0.000000 0.000000 1.000000
vn  0.684510 0.729004 0.000000
vn  0.664363 0.747410 0.000000
vn  0.000000 0.000000 1.000000
vn  0.684510 0.729004 0.000000
vn  0.684510 0.729004 0.000000
vn  0.000000 0.000000 1.000000
vn  0.754294 0.656537 0.000000
vn  0.000000 0.000000 1.000000
vn  0.788313 0.615274 0.000000
vn  0.788313 0.615274 0.000000
vn  0.000000 0.000000 1.000000
vn  0.874325 0.485342 0.000000
vn  0.000000 0.000000 1.000000
vn  0.941480 0.337070 0.000000
vn  0.941480 0.337070 0.000000
vn  0.000000 0.000000 1.000000
vn  0.985547 0.169403 0.000000
vn  0.000000 0.000000 1.000000
vn  0.999981 0.006172 0.000000
vn  0.999981 0.006172 0.000000
vn  0.000000 0.000000 1.000000
vn  0.956573 -0.291494 0.000000
vn  0.000000 0.000000 1.000000
vn  0.822927 -0.568147 0.000000
vn  0.000000 0.000000 1.000000
vn  0.622584 -0.782553 0.000000
vn  0.622584 -0.782553 0.000000
vn  0.000000 0.000000 1.000000
vn  0.419194 -0.907897 0.000000
vn  0.000000 0.000000 1.000000
vn  0.205769 -0.978601 0.000000
vn  0.000000 0.000000 1.000000
vn  0.004425 -0.999990 0.000000
vn  0.004425 -0.999990 0.000000
vn  0.000000 0.000000 1.000000
vn  -0.120962 -0.992657 0.000000
vn  0.000000 0.000000 1.000000
vn  -0.270065 -0.962842 0.000000
vn  -0.242535 -0.970143 0.000000
vn  0.000000 0.000000 1.000000
vn  -0.991557 0.129668 0.000000
vn  -0.270065 -0.962842 0.000000
vn  0.000000 0.000000 1.000000
vn  -0.896939 0.442154 0.000000
vn  -0.908007 0.418955 0.000000
vn  0.000000 0.000000 1.000000
vn  -0.908084 0.418787 0.000000
vn  -0.908007 0.418955 0.000000
vn  0.000000 0.000000 1.000000
vn  -0.908084 0.418787 0.000000
vn  -0.908084 0.418787 0.000000
vn  0.000000 0.000000 1.000000
vn  -0.941617 0.336685 0.000000
vn  0.000000 0.000000 1.000000
vn  -0.962649 0.270751 0.000000
vn  -0.956674 0.291160 0.000000
vn  0.000000 0.000000 1.000000
vn  -0.254494 0.967074 0.000000
vn  -0.962649 0.270751 0.000000
vn  0.000000 0.000000 1.000000
vn  0.999222 0.039441 0.000000
vn  -0.254494 0.967074 0.000000
vn  0.000000 0.000000 1.000000
vn  0.999222 0.039441 0.000000
vn  0.999222 0.039441 0.000000
vn  0.000000 0.000000 1.000000
vn  0.997574 0.069614 0.000000
vn  0.000000 0.000000 1.000000
vn  0.995630 0.093389 0.000000
vn  0.000000 0.000000 1.000000
vn  0.993689 0.112171 0.000000
vn  0.000000 0.000000 1.000000
vn  0.991904 0.126986 0.000000
vn  0.000000 0.000000 1.000000
vn  0.990349 0.138596 0.000000
vn  0.000000 0.000000 1.000000
vn  0.989050 0.147579 0.000000
vn  0.000000 0.000000 1.000000
vn  0.988012 0.154378 0.000000
vn  0.000000 0.000000 1.000000
vn  0.987223 0.159343 0.000000
vn  0.000000 0.000000 1.000000
vn  0.986668 0.162749 0.000000
vn  0.000000 0.000000 1.000000
vn  0.986324 0.164816 0.000000
vn  0.986324 0.164816 0.000000
vn  0.000000 0.000000 1.000000
vn  0.985142 0.171740 0.000000
vn  0.000000 0.000000 1.000000
vn  0.983779 0.179387 0.000000
vn  0.000000 0.000000 1.000000
vn  0.982173 0.187979 0.000000
vn  0.000000 0.000000 1.000000
vn  0.978350 0.206957 0.000000
vn  0.980233 0.197846 0.000000
vn  0.000000 0.000000 1.000000
vn  0.973252 0.229739 0.000000
vn  0.978350 0.206957 0.000000
vn  0.000000 0.000000 1.000000
vn  0.000000 -1.000000 0.000000
vn  0.973252 0.229739 0.000000
vn  0.000000 0.000000 1.000000
vn  -0.985692 -0.168558 0.000000
vn  0.000000 -1.000000 0.000000
vn  0.000000 0.000000 1.000000
vn  -0.982824 -0.184546 0.000000
vn  -0.985692 -0.168558 0.000000
vn  0.000000 0.000000 1.000000
vn  0.000000 -1.000000 0.000000
vn  -0.982824 -0.184546 0.000000
vn  0.000000 0.000000 1.000000
vn  0.920662 -0.390361 0.000000
vn  0.000000 -1.000000 0.000000
vn  0.000000 0.000000 1.000000
vn  0.920662 -0.390361 0.000000
vn  0.920662 -0.390361 0.000000
vn  0.000000 0.000000 1.000000
vn  0.935554 -0.353184 0.000000
vn  0.000000 0.000000 1.000000
vn  0.951527 -0.307567 0.000000
vn  0.943859 -0.330348 0.000000
vn  0.000000 0.000000 1.000000
vn  0.000000 -1.000000 0.000000
vn  0.951527 -0.307567 0.000000
vn  0.000000 0.000000 1.000000
vn  -0.896939 0.442154 0.000000
vn  0.000000 -1.000000 0.000000
vn  0.000000 0.000000 1.000000
vn  0.901412 -0.432962 0.000000
vn  0.000000 1.000000 0.000000
vn  0.000000 0.000000 1.000000
vn  -0.988103 -0.153792 0.000000
vn  0.000000 1.000000 0.000000
vn  0.000000 0.000000 1.000000
vn  -0.989241 -0.146295 0.000000
vn  -0.988103 -0.153792 0.000000
vn  0.000000 0.000000 1.000000
vn  -0.989517 -0.144415 0.000000
vn  -0.989241 -0.146295 0.000000
vn  0.000000 0.000000 1.000000
vn  0.917783 -0.397082 0.000000
vn  -0.989517 -0.144415 0.000000
vn  0.000000 0.000000 1.000000
vn  0.917783 -0.397082 0.000000
vn  0.917783 -0.397082 0.000000
vn  0.000000 0.000000 1.000000
vn  0.916422 -0.400212 0.000000
vn  0.000000 0.000000 1.000000
vn  0.914870 -0.403749 0.000000
vn  0.000000 0.000000 1.000000
vn  0.913067 -0.407809 0.000000
vn  0.000000 0.000000 1.000000
vn  0.910930 -0.412562 0.000000
vn  0.000000 0.000000 1.000000
vn  0.908330 -0.418255 0.000000
vn  0.000000 0.000000 1.000000
vn  0.901412 -0.432962 0.000000
vn  0.905066 -0.425271 0.000000
vn  0.000000 0.000000 1.000000
vn  -0.978181 0.207755 0.000000
vn  -0.978181 0.207755 0.000000
vn  0.000000 0.000000 1.000000
vn  -0.986169 0.165744 0.000000
vn  0.000000 0.000000 1.000000
vn  -0.990429 0.138024 0.000000
vn  -0.989461 0.144799 0.000000
vn  0.000000 0.000000 1.000000
vn  -0.990429 0.138024 0.000000
vn  -0.990429 0.138024 0.000000
vn  0.000000 0.000000 1.000000
vn  -0.992122 0.125279 0.000000
vn  0.000000 0.000000 1.000000
vn  -0.993456 0.114218 0.000000
vn  0.000000 0.000000 1.000000
vn  -0.994442 0.105289 0.000000
vn  0.000000 0.000000 1.000000
vn  -0.995081 0.099068 0.000000
vn  0.000000 0.000000 1.000000
vn  -0.999829 0.018514 0.000000
vn  -0.995349 0.096330 0.000000
vn  0.000000 0.000000 1.000000
vn  -0.998425 -0.056096 0.000000
vn  -0.999829 0.018514 0.000000
vn  0.000000 0.000000 1.000000
vn  0.000000 1.000000 0.000000
vn  -0.998425 -0.056096 0.000000
vn  0.000000 0.000000 1.000000
vn  0.978931 -0.204191 0.000000
vn  0.000000 1.000000 0.000000
vn  0.000000 0.000000 1.000000
vn  0.978931 -0.204191 0.000000
vn  0.978931 -0.204191 0.000000
vn  0.000000 0.000000 1.000000
vn  0.986098 -0.166167 0.000000
vn  0.000000 0.000000 1.000000
vn  0.990985 -0.133969 0.000000
vn  0.993061 -0.117602 0.000000
vn  0.000000 0.000000 1.000000
vn  0.989949 -0.141422 0.000000
vn  0.990985 -0.133969 0.000000
vn  0.000000 0.000000 1.000000
vn  0.004630 0.999989 0.000000
vn  0.989949 -0.141422 0.000000
vn  0.000000 0.000000 1.000000
vn  0.004630 0.999989 0.000000
vn  0.004630 0.999989 0.000000
vn  0.000000 0.000000 1.000000
vn  -0.038975 0.999240 0.000000
vn  0.000000 0.000000 1.000000
vn  -0.067414 0.997725 0.000000
vn  -0.078961 0.996878 0.000000
vn  0.000000 0.000000 1.000000
vn  0.975133 -0.221619 0.000000
vn  -0.067414 0.997725 0.000000
vn  0.000000 0.000000 1.000000
vn  0.000000 -1.000000 0.000000
vn  0.975133 -0.221619 0.000000
vn  0.000000 0.000000 1.000000
vn  -0.978181 0.207755 0.000000
vn  0.000000 -1.000000 0.000000
vn  0.000000 0.000000 1.000000
vn  -0.977227 0.212197 0.000000
vn  -0.986226 0.165402 0.000000
vn  0.000000 0.000000 1.000000
vn  -0.986226 0.165402 0.000000
vn  -0.986226 0.165402 0.000000
vn  0.000000 0.000000 1.000000
vn  -0.986430 0.164184 0.000000
vn  0.000000 0.000000 1.000000
vn  -0.986652 0.162846 0.000000
vn  0.000000 0.000000 1.000000
vn  -0.986895 0.161362 0.000000
vn  0.000000 0.000000 1.000000
vn  -0.987165 0.159702 0.000000
vn  0.000000 0.000000 1.000000
vn  -0.987467 0.157827 0.000000
vn  0.000000 0.000000 1.000000
vn  -0.987807 0.155683 0.000000
vn  0.000000 0.000000 1.000000
vn  -0.988195 0.153199 0.000000
vn  0.000000 0.000000 1.000000
vn  -0.988644 0.150275 0.000000
vn  0.000000 0.000000 1.000000
vn  -0.989171 0.146769 0.000000
vn  0.000000 0.000000 1.000000
vn  -0.989799 0.142468 0.000000
vn  -0.989799 0.142468 0.000000
vn  0.000000 0.000000 1.000000
vn  -0.995459 0.095194 0.000000
vn  0.000000 0.000000 1.000000
vn  -0.999527 0.030753 0.000000
vn  -0.999289 0.037707 0.000000
vn  0.000000 0.000000 1.000000
vn  0.000000 1.000000 0.000000
vn  -0.999527 0.030753 0.000000
vn  0.000000 0.000000 1.000000
vn  0.982519 0.186162 0.000000
vn  0.000000 1.000000 0.000000
vn  0.000000 0.000000 1.000000
vn  0.982519 0.186162 0.000000
vn  0.982519 0.186162 0.000000
vn  0.000000 0.000000 1.000000
vn  0.978823 0.204710 0.000000
vn  0.000000 0.000000 1.000000
vn  0.976297 0.216433 0.000000
vn  0.972807 0.231618 0.000000
vn  0.000000 0.000000 1.000000
vn  0.976297 0.216433 0.000000
vn  0.976297 0.216433 0.000000
vn  0.000000 0.000000 1.000000
vn  0.982741 0.184985 0.000000
vn  0.000000 0.000000 1.000000
vn  0.987896 0.155121 0.000000
vn  0.985520 0.169557 0.000000
vn  0.000000 0.000000 1.000000
vn  -0.924856 0.380317 0.000000
vn  0.987896 0.155121 0.000000
vn  0.000000 0.000000 1.000000
vn  -0.918438 0.395564 0.000000
vn  -0.924856 0.380317 0.000000
vn  0.000000 0.000000 1.000000
vn  -0.908785 0.417264 0.000000
vn  -0.918438 0.395564 0.000000
vn  0.000000 0.000000 1.000000
vn  -0.908785 0.417264 0.000000
vn  -0.908785 0.417264 0.000000
vn  0.000000 0.000000 1.000000
vn  -0.907071 0.420978 0.000000
vn  0.000000 0.000000 1.000000
vn  -0.905476 0.424397 0.000000
vn  0.000000 0.000000 1.000000
vn  -0.904011 0.427510 0.000000
vn  0.000000 0.000000 1.000000
vn  -0.902685 0.430303 0.000000
vn  0.000000 0.000000 1.000000
vn  -0.901508 0.432763 0.000000
vn  0.000000 0.000000 1.000000
vn  -0.900491 0.434875 0.000000
vn  0.000000 0.000000 1.000000
vn  -0.899645 0.436622 0.000000
vn  0.000000 0.000000 1.000000
vn  -0.898981 0.437987 0.000000
vn  0.000000 0.000000 1.000000
vn  -0.898511 0.438951 0.000000
vn  0.000000 0.000000 1.000000
vn  -0.898246 0.439493 0.000000
vn  0.000000 0.000000 1.000000
vn  -0.898199 0.439588 0.000000
vn  0.000000 0.000000 1.000000
vn  -0.893884 0.448299 0.000000
vn  -0.898383 0.439212 0.000000
vn  0.000000 0.000000 1.000000
vn  0.000000 1.000000 0.000000
vn  -0.893884 0.448299 0.000000
vn  0.000000 0.000000 1.000000
vn  0.987762 -0.155966 0.000000
vn  0.000000 1.000000 0.000000
vn  0.000000 0.000000 1.000000
vn  0.987762 -0.155966 0.000000
vn  0.987762 -0.155966 0.000000
vn  0.000000 0.000000 1.000000
vn  0.988977 -0.148071 0.000000
vn  0.000000 0.000000 1.000000
vn  0.989953 -0.141400 0.000000
vn  0.000000 0.000000 1.000000
vn  0.990747 -0.135720 0.000000
vn  0.000000 0.000000 1.000000
vn  0.991402 -0.130854 0.000000
vn  0.000000 0.000000 1.000000
vn  0.991946 -0.126663 0.000000
vn  0.000000 0.000000 1.000000
vn  0.992402 -0.123039 0.000000
vn  0.000000 0.000000 1.000000
vn  0.992786 -0.119896 0.000000
vn  0.000000 0.000000 1.000000
vn  0.993112 -0.117165 0.000000
vn  0.000000 0.000000 1.000000
vn  0.993390 -0.114788 0.000000
vn  0.000000 0.000000 1.000000
vn  0.993627 -0.112718 0.000000
vn  0.000000 0.000000 1.000000
vn  0.993830 -0.110917 0.000000
vn  0.000000 0.000000 1.000000
vn  0.994003 -0.109352 0.000000
vn  0.000000 0.000000 1.000000
vn  0.994151 -0.107995 0.000000
vn  0.000000 0.000000 1.000000
vn  0.994125 -0.108243 0.000000
vn  0.994278 -0.106823 0.000000
vn  0.000000 0.000000 1.000000
vn  0.994125 -0.108243 0.000000
vn  0.994125 -0.108243 0.000000
vn  0.000000 0.000000 1.000000
vn  0.994882 -0.101044 0.000000
vn  0.000000 0.000000 1.000000
vn  0.996068 -0.088589 0.000000
vn  0.000000 0.000000 1.000000
vn  0.997703 -0.067737 0.000000
vn  0.000000 0.000000 1.000000
vn  0.999698 -0.024581 0.000000
vn  0.999480 -0.032239 0.000000
vn  0.000000 0.000000 1.000000
vn  0.000000 -1.000000 0.000000
vn  0.999698 -0.024581 0.000000
vn  0.000000 0.000000 1.000000
vn  -0.989044 0.147618 0.000000
vn  0.000000 -1.000000 0.000000
vn  0.000000 0.000000 1.000000
vn  -0.992302 0.123839 0.000000
vn  -0.989044 0.147618 0.000000
vn  0.000000 0.000000 1.000000
vn  -0.992782 0.119934 0.000000
vn  -0.992302 0.123839 0.000000
vn  0.000000 0.000000 1.000000
vn  0.857492 -0.514497 0.000000
vn  -0.992782 0.119934 0.000000
vn  0.000000 0.000000 1.000000
vn  0.857492 -0.514497 0.000000
vn  0.857492 -0.514497 0.000000
vn  0.000000 0.000000 1.000000
vn  0.870074 -0.492920 0.000000
vn  0.000000 0.000000 1.000000
vn  0.879051 -0.476728 0.000000
vn  0.000000 0.000000 1.000000
vn  0.885721 -0.464219 0.000000
vn  0.000000 0.000000 1.000000
vn  0.890831 -0.454334 0.000000
vn  0.000000 0.000000 1.000000
vn  0.894840 -0.446386 0.000000
vn  0.000000 0.000000 1.000000
vn  0.898043 -0.439907 0.000000
vn  0.000000 0.000000 1.000000
vn  0.900639 -0.434567 0.000000
vn  0.000000 0.000000 1.000000
vn  0.902767 -0.430129 0.000000
vn  0.000000 0.000000 1.000000
vn  0.901984 -0.431769 0.000000
vn  0.904526 -0.426418 0.000000
vn  0.000000 0.000000 1.000000
vn  0.901984 -0.431769 0.000000
vn  0.901984 -0.431769 0.000000
vn  0.000000 0.000000 1.000000
vn  0.906812 -0.421536 0.000000
vn  0.000000 0.000000 1.000000
vn  0.911453 -0.411405 0.000000
vn  0.000000 0.000000 1.000000
vn  0.915912 -0.401380 0.000000
vn  0.000000 0.000000 1.000000
vn  0.919590 -0.392878 0.000000
vn  0.920194 -0.391463 0.000000
vn  0.000000 0.000000 1.000000
vn  0.145639 -0.989338 0.000000
vn  0.919590 -0.392878 0.000000
vn  0.000000 0.000000 1.000000
vn  -0.995723 -0.092389 0.000000
vn  0.145639 -0.989338 0.000000
vn  0.000000 0.000000 1.000000
vn  -0.989949 -0.141421 0.000000
vn  -0.995723 -0.092389 0.000000
vn  0.000000 0.000000 1.000000
vn  -0.983490 -0.180963 0.000000
vn  -0.989949 -0.141421 0.000000
vn  0.000000 0.000000 1.000000
vn  -0.979095 -0.203402 0.000000
vn  -0.983490 -0.180963 0.000000
vn  0.000000 0.000000 1.000000
vn  -0.977526 -0.210815 0.000000
vn  -0.979095 -0.203402 0.000000
vn  0.000000 0.000000 1.000000
vn  0.988174 -0.153338 0.000000
vn  -0.977526 -0.210815 0.000000
vn  0.000000 0.000000 1.000000
vn  0.987642 -0.156729 0.000000
vn  0.988174 -0.153338 0.000000
vn  0.000000 0.000000 1.000000
vn  0.990733 -0.135824 0.000000
vn  0.987642 -0.156729 0.000000
vn  0.000000 0.000000 1.000000
vn  0.993671 -0.112334 0.000000
vn  0.990733 -0.135824 0.000000
vn  0.000000 0.000000 1.000000
vn  0.996158 -0.087573 0.000000
vn  0.993671 -0.112334 0.000000
vn  0.000000 0.000000 1.000000
vn  0.000000 -1.000000 0.000000
vn  0.996158 -0.087573 0.000000
vn  0.000000 0.000000 1.000000
vn  -0.977227 0.212197 0.000000
vn  0.000000 -1.000000 0.000000
vn  0.000000 0.000000 1.000000
vn  -0.896939 0.442154 0.000000
vn  -0.908007 0.418955 0.000000
vn  0.000000 0.000000 1.000000
vn  -0.908084 0.418787 0.000000
vn  -0.908007 0.418955 0.000000
vn  0.000000 0.000000 1.000000
vn  -0.908084 0.418787 0.000000
vn  -0.908084 0.418787 0.000000
vn  0.000000 0.000000 1.000000
vn  -0.941618 0.336683 0.000000
vn  0.000000 0.000000 1.000000
vn  -0.962649 0.270751 0.000000
vn  -0.956679 0.291146 0.000000
vn  0.000000 0.000000 1.000000
vn  -0.254493 0.967075 0.000000
vn  -0.962649 0.270751 0.000000
vn  0.000000 0.000000 1.000000
vn  0.999222 0.039431 0.000000
vn  -0.254493 0.967075 0.000000
vn  0.000000 0.000000 1.000000
vn  0.999222 0.039431 0.000000
vn  0.999222 0.039431 0.000000
vn  0.000000 0.000000 1.000000
vn  0.997574 0.069609 0.000000
vn  0.000000 0.000000 1.000000
vn  0.995630 0.093387 0.000000
vn  0.000000 0.000000 1.000000
vn  0.993689 0.112171 0.000000
vn  0.000000 0.000000 1.000000
vn  0.991904 0.126987 0.000000
vn  0.000000 0.000000 1.000000
vn  0.990349 0.138598 0.000000
vn  0.000000 0.000000 1.000000
vn  0.989050 0.147581 0.000000
vn  0.000000 0.000000 1.000000
vn  0.988011 0.154381 0.000000
vn  0.000000 0.000000 1.000000
vn  0.987223 0.159346 0.000000
vn  0.000000 0.000000 1.000000
vn  0.986667 0.162751 0.000000
vn  0.000000 0.000000 1.000000
vn  0.986324 0.164818 0.000000
vn  0.986324 0.164818 0.000000
vn  0.000000 0.000000 1.000000
vn  0.985142 0.171740 0.000000
vn  0.000000 0.000000 1.000000
vn  0.983779 0.179385 0.000000
vn  0.000000 0.000000 1.000000
vn  0.982173 0.187977 0.000000
vn  0.000000 0.000000 1.000000
vn  0.978349 0.206960 0.000000
vn  0.980233 0.197846 0.000000
vn  0.000000 0.000000 1.000000
vn  0.973252 0.229739 0.000000
vn  0.978349 0.206960 0.000000
vn  0.000000 0.000000 1.000000
vn  0.000000 -1.000000 0.000000
vn  0.973252 0.229739 0.000000
vn  0.000000 0.000000 1.000000
vn  -0.985693 -0.168552 0.000000
vn  0.000000 -1.000000 0.000000
vn  0.000000 0.000000 1.000000
vn  -0.982823 -0.184552 0.000000
vn  -0.985693 -0.168552 0.000000
vn  0.000000 0.000000 1.000000
vn  0.000000 -1.000000 0.000000
vn  -0.982823 -0.184552 0.000000
vn  0.000000 0.000000 1.000000
vn  0.920663 -0.390359 0.000000
vn  0.000000 -1.000000 0.000000
vn  0.000000 0.000000 1.000000
vn  0.920663 -0.390359 0.000000
vn  0.920663 -0.390359 0.000000
vn  0.000000 0.000000 1.000000
vn  0.935552 -0.353188 0.000000
vn  0.000000 0.000000 1.000000
vn  0.951529 -0.307560 0.000000
vn  0.943854 -0.330363 0.000000
vn  0.000000 0.000000 1.000000
vn  0.000000 -1.000000 0.000000
vn  0.951529 -0.307560 0.000000
vn  0.000000 0.000000 1.000000
vn  -0.896939 0.442154 0.000000
vn  0.000000 -1.000000 0.000000
vn  0.000000 0.000000 1.000000
vn  0.901412 -0.432962 0.000000
vn  0.000000 1.000000 0.000000
vn  0.000000 0.000000 1.000000
vn  -0.988103 -0.153792 0.000000
vn  0.000000 1.000000 0.000000
vn  0.000000 0.000000 1.000000
vn  -0.989241 -0.146293 0.000000
vn  -0.988103 -0.153792 0.000000
vn  0.000000 0.000000 1.000000
vn  -0.989517 -0.144419 0.000000
vn  -0.989241 -0.146293 0.000000
vn  0.000000 0.000000 1.000000
vn  0.917784 -0.397080 0.000000
vn  -0.989517 -0.144419 0.000000
vn  0.000000 0.000000 1.000000
vn  0.917784 -0.397080 0.000000
vn  0.917784 -0.397080 0.000000
vn  0.000000 0.000000 1.000000
vn  0.916422 -0.400212 0.000000
vn  0.000000 0.000000 1.000000
vn  0.914869 -0.403751 0.000000
vn  0.000000 0.000000 1.000000
vn  0.913066 -0.407812 0.000000
vn  0.000000 0.000000 1.000000
vn  0.910928 -0.412565 0.000000
vn  0.000000 0.000000 1.000000
vn  0.908328 -0.418258 0.000000
vn  0.000000 0.000000 1.000000
vn  0.901412 -0.432962 0.000000
vn  0.905066 -0.425271 0.000000
vn  0.000000 0.000000 1.000000
vn  -0.971628 0.236514 0.000000
vn  -0.971628 0.236514 0.000000
vn  0.000000 0.000000 1.000000
vn  -0.976383 0.216049 0.000000
vn  0.000000 0.000000 1.000000
vn  -0.979820 0.199884 0.000000
vn  0.000000 0.000000 1.000000
vn  -0.982362 0.186988 0.000000
vn  0.000000 0.000000 1.000000
vn  -0.984277 0.176633 0.000000
vn  0.000000 0.000000 1.000000
vn  -0.985738 0.168288 0.000000
vn  0.000000 0.000000 1.000000
vn  -0.986863 0.161561 0.000000
vn  0.000000 0.000000 1.000000
vn  -0.987733 0.156155 0.000000
vn  0.000000 0.000000 1.000000
vn  -0.988405 0.151840 0.000000
vn  0.000000 0.000000 1.000000
vn  -0.988922 0.148436 0.000000
vn  0.000000 0.000000 1.000000
vn  -0.989314 0.145800 0.000000
vn  0.000000 0.000000 1.000000
vn  -0.989604 0.143818 0.000000
vn  0.000000 0.000000 1.000000
vn  -0.989810 0.142397 0.000000
vn  0.000000 0.000000 1.000000
vn  -0.989944 0.141460 0.000000
vn  0.000000 0.000000 1.000000
vn  -0.990018 0.140943 0.000000
vn  0.000000 0.000000 1.000000
vn  -0.990039 0.140793 0.000000
vn  0.000000 0.000000 1.000000
vn  -0.990014 0.140966 0.000000
vn  0.000000 0.000000 1.000000
vn  -0.990486 0.137611 0.000000
vn  -0.989949 0.141424 0.000000
vn  0.000000 0.000000 1.000000
vn  -0.990486 0.137611 0.000000
vn  -0.990486 0.137611 0.000000
vn  0.000000 0.000000 1.000000
vn  -0.992971 0.118360 0.000000
vn  0.000000 0.000000 1.000000
vn  -0.995537 0.094371 0.000000
vn  0.000000 0.000000 1.000000
vn  -0.998558 0.053690 0.000000
vn  -0.997969 0.063696 0.000000
vn  0.000000 0.000000 1.000000
vn  0.000000 1.000000 0.000000
vn  -0.998558 0.053690 0.000000
vn  0.000000 0.000000 1.000000
vn  0.876477 0.481443 0.000000
vn  0.000000 1.000000 0.000000
vn  0.000000 0.000000 1.000000
vn  0.876477 0.481443 0.000000
vn  0.876477 0.481443 0.000000
vn  0.000000 0.000000 1.000000
vn  0.884885 0.465810 0.000000
vn  0.000000 0.000000 1.000000
vn  0.891791 0.452447 0.000000
vn  0.000000 0.000000 1.000000
vn  0.897497 0.441020 0.000000
vn  0.000000 0.000000 1.000000
vn  0.902231 0.431253 0.000000
vn  0.000000 0.000000 1.000000
vn  0.906166 0.422922 0.000000
vn  0.000000 0.000000 1.000000
vn  0.909438 0.415839 0.000000
vn  0.000000 0.000000 1.000000
vn  0.912155 0.409846 0.000000
vn  0.000000 0.000000 1.000000
vn  0.914399 0.404813 0.000000
vn  0.000000 0.000000 1.000000
vn  0.916241 0.400627 0.000000
vn  0.000000 0.000000 1.000000
vn  0.917735 0.397194 0.000000
vn  0.000000 0.000000 1.000000
vn  0.918926 0.394430 0.000000
vn  0.000000 0.000000 1.000000
vn  0.919851 0.392267 0.000000
vn  0.000000 0.000000 1.000000
vn  0.920542 0.390644 0.000000
vn  0.000000 0.000000 1.000000
vn  0.921024 0.389506 0.000000
vn  0.000000 0.000000 1.000000
vn  0.921318 0.388809 0.000000
vn  0.000000 0.000000 1.000000
vn  0.921444 0.388511 0.000000
vn  0.000000 0.000000 1.000000
vn  0.921417 0.388575 0.000000
vn  0.000000 0.000000 1.000000
vn  0.922848 0.385164 0.000000
vn  0.921250 0.388971 0.000000
vn  0.000000 0.000000 1.000000
vn  0.922848 0.385164 0.000000
vn  0.922848 0.385164 0.000000
vn  0.000000 0.000000 1.000000
vn  0.927046 0.374947 0.000000
vn  0.000000 0.000000 1.000000
vn  0.930343 0.366691 0.000000
vn  0.000000 0.000000 1.000000
vn  0.932966 0.359965 0.000000
vn  0.000000 0.000000 1.000000
vn  0.935073 0.354456 0.000000
vn  0.000000 0.000000 1.000000
vn  0.936776 0.349930 0.000000
vn  0.000000 0.000000 1.000000
vn  0.938157 0.346210 0.000000
vn  0.000000 0.000000 1.000000
vn  0.939276 0.343161 0.000000
vn  0.000000 0.000000 1.000000
vn  0.940181 0.340676 0.000000
vn  0.000000 0.000000 1.000000
vn  0.940906 0.338668 0.000000
vn  0.000000 0.000000 1.000000
vn  0.941479 0.337070 0.000000
vn  0.000000 0.000000 1.000000
vn  0.941924 0.335827 0.000000
vn  0.000000 0.000000 1.000000
vn  0.943857 0.330356 0.000000
vn  0.942257 0.334891 0.000000
vn  0.000000 0.000000 1.000000
vn  -0.993062 0.117596 0.000000
vn  0.943857 0.330356 0.000000
vn  0.000000 0.000000 1.000000
vn  -0.992087 0.125551 0.000000
vn  -0.993062 0.117596 0.000000
vn  0.000000 0.000000 1.000000
vn  -0.990420 0.138086 0.000000
vn  -0.992087 0.125551 0.000000
vn  0.000000 0.000000 1.000000
vn  -0.990420 0.138086 0.000000
vn  -0.990420 0.138086 0.000000
vn  0.000000 0.000000 1.000000
vn  -0.995665 0.093017 0.000000
vn  0.000000 0.000000 1.000000
vn  -0.998666 0.051640 0.000000
vn  -0.997684 0.068020 0.000000
vn  0.000000 0.000000 1.000000
vn  0.000000 1.000000 0.000000
vn  -0.998666 0.051640 0.000000
vn  0.000000 0.000000 1.000000
vn  0.981830 -0.189760 0.000000
vn  0.000000 1.000000 0.000000
vn  0.000000 0.000000 1.000000
vn  0.981830 -0.189760 0.000000
vn  0.981830 -0.189760 0.000000
vn  0.000000 0.000000 1.000000
vn  0.986540 -0.163523 0.000000
vn  0.000000 0.000000 1.000000
vn  0.989580 -0.143985 0.000000
vn  0.000000 0.000000 1.000000
vn  0.990526 -0.137323 0.000000
vn  0.991656 -0.128915 0.000000
vn  0.000000 0.000000 1.000000
vn  0.990844 -0.135011 0.000000
vn  0.990526 -0.137323 0.000000
vn  0.000000 0.000000 1.000000
vn  0.992989 -0.118206 0.000000
vn  0.990844 -0.135011 0.000000
vn  0.000000 0.000000 1.000000
vn  0.995112 -0.098751 0.000000
vn  0.992989 -0.118206 0.000000
vn  0.000000 0.000000 1.000000
vn  0.142107 -0.989851 0.000000
vn  0.995112 -0.098751 0.000000
vn  0.000000 0.000000 1.000000
vn  -0.940432 -0.339981 0.000000
vn  0.142107 -0.989851 0.000000
vn  0.000000 0.000000 1.000000
vn  -0.940432 -0.339981 0.000000
vn  -0.940432 -0.339981 0.000000
vn  0.000000 0.000000 1.000000
vn  -0.937387 -0.348288 0.000000
vn  0.000000 0.000000 1.000000
vn  -0.934645 -0.355583 0.000000
vn  0.000000 0.000000 1.000000
vn  -0.932193 -0.361963 0.000000
vn  0.000000 0.000000 1.000000
vn  -0.930018 -0.367513 0.000000
vn  0.000000 0.000000 1.000000
vn  -0.928109 -0.372308 0.000000
vn  0.000000 0.000000 1.000000
vn  -0.926451 -0.376415 0.000000
vn  0.000000 0.000000 1.000000
vn  -0.925031 -0.379892 0.000000
vn  0.000000 0.000000 1.000000
vn  -0.923836 -0.382789 0.000000
vn  0.000000 0.000000 1.000000
vn  -0.922852 -0.385155 0.000000
vn  0.000000 0.000000 1.000000
vn  -0.922068 -0.387028 0.000000
vn  0.000000 0.000000 1.000000
vn  -0.921471 -0.388448 0.000000
vn  0.000000 0.000000 1.000000
vn  -0.921050 -0.389445 0.000000
vn  0.000000 0.000000 1.000000
vn  -0.920793 -0.390052 0.000000
vn  0.000000 0.000000 1.000000
vn  -0.920691 -0.390293 0.000000
vn  0.000000 0.000000 1.000000
vn  -0.920732 -0.390195 0.000000
vn  0.000000 0.000000 1.000000
vn  -0.916824 -0.399292 0.000000
vn  -0.920909 -0.389778 0.000000
vn  0.000000 0.000000 1.000000
vn  0.992641 -0.121091 0.000000
vn  -0.916824 -0.399292 0.000000
vn  0.000000 0.000000 1.000000
vn  0.991803 -0.127779 0.000000
vn  0.992641 -0.121091 0.000000
vn  0.000000 0.000000 1.000000
vn  0.991803 -0.127779 0.000000
vn  0.991803 -0.127779 0.000000
vn  0.000000 0.000000 1.000000
vn  0.993365 -0.115007 0.000000
vn  0.000000 0.000000 1.000000
vn  0.995755 -0.092047 0.000000
vn  0.000000 0.000000 1.000000
vn  0.999022 -0.044208 0.000000
vn  0.998619 -0.052543 0.000000
vn  0.000000 0.000000 1.000000
vn  0.000000 -1.000000 0.000000
vn  0.999022 -0.044208 0.000000
vn  0.000000 0.000000 1.000000
vn  -0.971628 0.236514 0.000000
vn  0.000000 -1.000000 0.000000
vn  0.000000 0.000000 1.000000
vn  -0.985692 0.168558 0.000000
vn  -0.990501 0.137505 0.000000
vn  0.000000 0.000000 1.000000
vn  -0.990816 0.135216 0.000000
vn  -0.990501 0.137505 0.000000
vn  0.000000 0.000000 1.000000
vn  -0.990816 0.135216 0.000000
vn  -0.990816 0.135216 0.000000
vn  0.000000 0.000000 1.000000
vn  -0.993847 0.110760 0.000000
vn  0.000000 0.000000 1.000000
vn  -0.996038 0.088925 0.000000
vn  0.000000 0.000000 1.000000
vn  -0.997246 0.074161 0.000000
vn  0.000000 0.000000 1.000000
vn  -0.997831 0.065831 0.000000
vn  0.000000 0.000000 1.000000
vn  -0.998022 0.062864 0.000000
vn  0.000000 0.000000 1.000000
vn  -0.999925 0.012268 0.000000
vn  -0.997924 0.064401 0.000000
vn  0.000000 0.000000 1.000000
vn  0.000000 1.000000 0.000000
vn  -0.999925 0.012268 0.000000
vn  0.000000 0.000000 1.000000
vn  0.984056 -0.177856 0.000000
vn  0.000000 1.000000 0.000000
vn  0.000000 0.000000 1.000000
vn  0.987845 -0.155442 0.000000
vn  0.984056 -0.177856 0.000000
vn  0.000000 0.000000 1.000000
vn  0.991164 -0.132643 0.000000
vn  0.987845 -0.155442 0.000000
vn  0.000000 0.000000 1.000000
vn  0.992112 -0.125357 0.000000
vn  0.991164 -0.132643 0.000000
vn  0.000000 0.000000 1.000000
vn  0.995702 -0.092618 0.000000
vn  0.992112 -0.125357 0.000000
vn  0.000000 0.000000 1.000000
vn  0.000000 -1.000000 0.000000
vn  0.995702 -0.092618 0.000000
vn  0.000000 0.000000 1.000000
vn  -0.985692 0.168558 0.000000
vn  0.000000 -1.000000 0.000000


g 0
g 1
usemtl DEFAULT_MTL
f 11/11/11  4/4/4  1/1/1
f 1975/1975/1975  2/2/2  5/5/5
f 13/13/13  11/11/11  1/1/1
f 69/69/69  13/13/13  1/1/1
f 69/69/69  1/1/1  64/64/64
f 1978/1978/1978  65/65/65  3/3/3
f 1978/1978/1978  3/3/3  1976/1976/1976
f 9/9/9  6/6/6  4/4/4
f 2038/2038/2038  5/5/5  7/7/7
f 11/11/11  9/9/9  4/4/4
f 2038/2038/2038  1975/1975/1975  5/5/5
f 2036/2036/2036  8/8/8  10/10/10
f 2038/2038/2038  7/7/7  2035/2035/2035
f 2033/2033/2033  10/10/10  12/12/12
f 2036/2036/2036  10/10/10  2033/2033/2033
f 2031/2031/2031  12/12/12  14/14/14
f 2033/2033/2033  12/12/12  2031/2031/2031
f 129/129/129  16/16/16  13/13/13
f 2029/2029/2029  15/15/15  17/17/17
f 69/69/69  66/66/66  13/13/13
f 132/132/132  13/13/13  66/66/66
f 132/132/132  129/129/129  13/13/13
f 2031/2031/2031  14/14/14  2028/2028/2028
f 127/127/127  18/18/18  16/16/16
f 2026/2026/2026  17/17/17  19/19/19
f 129/129/129  127/127/127  16/16/16
f 2029/2029/2029  17/17/17  2026/2026/2026
f 122/122/122  20/20/20  18/18/18
f 2024/2024/2024  19/19/19  21/21/21
f 125/125/125  122/122/122  18/18/18
f 127/127/127  125/125/125  18/18/18
f 2026/2026/2026  19/19/19  2024/2024/2024
f 120/120/120  22/22/22  20/20/20
f 2022/2022/2022  21/21/21  23/23/23
f 122/122/122  120/120/120  20/20/20
f 2024/2024/2024  21/21/21  2022/2022/2022
f 115/115/115  25/25/25  22/22/22
f 2020/2020/2020  24/24/24  26/26/26
f 117/117/117  115/115/115  22/22/22
f 120/120/120  117/117/117  22/22/22
f 2022/2022/2022  23/23/23  2019/2019/2019
f 112/112/112  27/27/27  25/25/25
f 2017/2017/2017  26/26/26  28/28/28
f 115/115/115  112/112/112  25/25/25
f 2020/2020/2020  26/26/26  2017/2017/2017
f 107/107/107  29/29/29  27/27/27
f 2015/2015/2015  28/28/28  30/30/30
f 110/110/110  107/107/107  27/27/27
f 112/112/112  110/110/110  27/27/27
f 2017/2017/2017  28/28/28  2015/2015/2015
f 102/102/102  31/31/31  29/29/29
f 2013/2013/2013  30/30/30  32/32/32
f 105/105/105  102/102/102  29/29/29
f 107/107/107  105/105/105  29/29/29
f 2015/2015/2015  30/30/30  2013/2013/2013
f 45/45/45  34/34/34  31/31/31
f 2011/2011/2011  33/33/33  35/35/35
f 97/97/97  45/45/45  31/31/31
f 100/100/100  97/97/97  31/31/31
f 102/102/102  100/100/100  31/31/31
f 2013/2013/2013  32/32/32  2010/2010/2010
f 43/43/43  36/36/36  34/34/34
f 2008/2008/2008  35/35/35  37/37/37
f 45/45/45  43/43/43  34/34/34
f 2011/2011/2011  35/35/35  2008/2008/2008
f 41/41/41  38/38/38  36/36/36
f 2006/2006/2006  37/37/37  39/39/39
f 43/43/43  41/41/41  36/36/36
f 2008/2008/2008  37/37/37  2006/2006/2006
f 2004/2004/2004  40/40/40  42/42/42
f 2006/2006/2006  39/39/39  2003/2003/2003
f 2001/2001/2001  42/42/42  44/44/44
f 2004/2004/2004  42/42/42  2001/2001/2001
f 1999/1999/1999  44/44/44  46/46/46
f 2001/2001/2001  44/44/44  1999/1999/1999
f 93/93/93  48/48/48  45/45/45
f 1997/1997/1997  47/47/47  49/49/49
f 95/95/95  93/93/93  45/45/45
f 97/97/97  95/95/95  45/45/45
f 1999/1999/1999  46/46/46  1996/1996/1996
f 90/90/90  50/50/50  48/48/48
f 1994/1994/1994  49/49/49  51/51/51
f 93/93/93  90/90/90  48/48/48
f 1997/1997/1997  49/49/49  1994/1994/1994
f 88/88/88  52/52/52  50/50/50
f 1992/1992/1992  51/51/51  53/53/53
f 90/90/90  88/88/88  50/50/50
f 1994/1994/1994  51/51/51  1992/1992/1992
f 86/86/86  54/54/54  52/52/52
f 1990/1990/1990  53/53/53  55/55/55
f 88/88/88  86/86/86  52/52/52
f 1992/1992/1992  53/53/53  1990/1990/1990
f 83/83/83  57/57/57  54/54/54
f 1988/1988/1988  56/56/56  58/58/58
f 86/86/86  83/83/83  54/54/54
f 1990/1990/1990  55/55/55  1987/1987/1987
f 79/79/79  59/59/59  57/57/57
f 1985/1985/1985  58/58/58  60/60/60
f 81/81/81  79/79/79  57/57/57
f 83/83/83  81/81/81  57/57/57
f 1988/1988/1988  58/58/58  1985/1985/1985
f 76/76/76  62/62/62  59/59/59
f 1983/1983/1983  61/61/61  63/63/63
f 79/79/79  76/76/76  59/59/59
f 1985/1985/1985  60/60/60  1982/1982/1982
f 71/71/71  64/64/64  62/62/62
f 1980/1980/1980  63/63/63  65/65/65
f 74/74/74  71/71/71  62/62/62
f 76/76/76  74/74/74  62/62/62
f 1983/1983/1983  63/63/63  1980/1980/1980
f 71/71/71  69/69/69  64/64/64
f 1980/1980/1980  65/65/65  1978/1978/1978
f 2040/2040/2040  67/67/67  70/70/70
f 2043/2043/2043  133/133/133  68/68/68
f 2043/2043/2043  68/68/68  2041/2041/2041
f 2106/2106/2106  70/70/70  72/72/72
f 2106/2106/2106  2040/2040/2040  70/70/70
f 2104/2104/2104  73/73/73  75/75/75
f 2106/2106/2106  72/72/72  2103/2103/2103
f 2101/2101/2101  75/75/75  77/77/77
f 2104/2104/2104  75/75/75  2101/2101/2101
f 2099/2099/2099  78/78/78  80/80/80
f 2101/2101/2101  77/77/77  2098/2098/2098
f 2096/2096/2096  80/80/80  82/82/82
f 2099/2099/2099  80/80/80  2096/2096/2096
f 2094/2094/2094  82/82/82  84/84/84
f 2096/2096/2096  82/82/82  2094/2094/2094
f 2092/2092/2092  85/85/85  87/87/87
f 2094/2094/2094  84/84/84  2091/2091/2091
f 2089/2089/2089  87/87/87  89/89/89
f 2092/2092/2092  87/87/87  2089/2089/2089
f 2087/2087/2087  89/89/89  91/91/91
f 2089/2089/2089  89/89/89  2087/2087/2087
f 2085/2085/2085  92/92/92  94/94/94
f 2087/2087/2087  91/91/91  2084/2084/2084
f 2082/2082/2082  94/94/94  96/96/96
f 2085/2085/2085  94/94/94  2082/2082/2082
f 2080/2080/2080  96/96/96  98/98/98
f 2082/2082/2082  96/96/96  2080/2080/2080
f 2078/2078/2078  99/99/99  101/101/101
f 2080/2080/2080  98/98/98  2077/2077/2077
f 2075/2075/2075  101/101/101  103/103/103
f 2078/2078/2078  101/101/101  2075/2075/2075
f 2073/2073/2073  104/104/104  106/106/106
f 2075/2075/2075  103/103/103  2072/2072/2072
f 2070/2070/2070  106/106/106  108/108/108
f 2073/2073/2073  106/106/106  2070/2070/2070
f 2068/2068/2068  109/109/109  111/111/111
f 2070/2070/2070  108/108/108  2067/2067/2067
f 2065/2065/2065  111/111/111  113/113/113
f 2068/2068/2068  111/111/111  2065/2065/2065
f 2063/2063/2063  114/114/114  116/116/116
f 2065/2065/2065  113/113/113  2062/2062/2062
f 2060/2060/2060  116/116/116  118/118/118
f 2063/2063/2063  116/116/116  2060/2060/2060
f 2058/2058/2058  119/119/119  121/121/121
f 2060/2060/2060  118/118/118  2057/2057/2057
f 2055/2055/2055  121/121/121  123/123/123
f 2058/2058/2058  121/121/121  2055/2055/2055
f 2053/2053/2053  124/124/124  126/126/126
f 2055/2055/2055  123/123/123  2052/2052/2052
f 2050/2050/2050  126/126/126  128/128/128
f 2053/2053/2053  126/126/126  2050/2050/2050
f 2048/2048/2048  128/128/128  130/130/130
f 2050/2050/2050  128/128/128  2048/2048/2048
f 2046/2046/2046  131/131/131  133/133/133
f 2048/2048/2048  130/130/130  2045/2045/2045
f 2046/2046/2046  133/133/133  2043/2043/2043
f 140/140/140  137/137/137  134/134/134
f 2313/2313/2313  135/135/135  138/138/138
f 339/339/339  140/140/140  134/134/134
f 2109/2109/2109  341/341/341  136/136/136
f 2313/2313/2313  2108/2108/2108  135/135/135
f 2310/2310/2310  139/139/139  141/141/141
f 2314/2314/2314  139/139/139  2310/2310/2310
f 319/319/319  143/143/143  140/140/140
f 2307/2307/2307  142/142/142  144/144/144
f 330/330/330  319/319/319  140/140/140
f 333/333/333  330/330/330  140/140/140
f 335/335/335  333/333/333  140/140/140
f 337/337/337  335/335/335  140/140/140
f 339/339/339  337/337/337  140/140/140
f 2311/2311/2311  142/142/142  2307/2307/2307
f 319/319/319  146/146/146  143/143/143
f 2308/2308/2308  145/145/145  147/147/147
f 319/319/319  148/148/148  146/146/146
f 2305/2305/2305  147/147/147  149/149/149
f 2308/2308/2308  147/147/147  2305/2305/2305
f 316/316/316  151/151/151  148/148/148
f 2299/2299/2299  150/150/150  152/152/152
f 319/319/319  316/316/316  148/148/148
f 2303/2303/2303  150/150/150  2299/2299/2299
f 2305/2305/2305  149/149/149  2302/2302/2302
f 313/313/313  154/154/154  151/151/151
f 2300/2300/2300  153/153/153  155/155/155
f 316/316/316  313/313/313  151/151/151
f 310/310/310  156/156/156  154/154/154
f 2297/2297/2297  155/155/155  157/157/157
f 313/313/313  310/310/310  154/154/154
f 2300/2300/2300  155/155/155  2297/2297/2297
f 310/310/310  159/159/159  156/156/156
f 2295/2295/2295  158/158/158  160/160/160
f 2297/2297/2297  157/157/157  2294/2294/2294
f 308/308/308  161/161/161  159/159/159
f 2292/2292/2292  160/160/160  162/162/162
f 310/310/310  308/308/308  159/159/159
f 2295/2295/2295  160/160/160  2292/2292/2292
f 308/308/308  163/163/163  161/161/161
f 2290/2290/2290  162/162/162  164/164/164
f 2292/2292/2292  162/162/162  2290/2290/2290
f 306/306/306  166/166/166  163/163/163
f 2288/2288/2288  165/165/165  167/167/167
f 308/308/308  306/306/306  163/163/163
f 2290/2290/2290  164/164/164  2287/2287/2287
f 303/303/303  168/168/168  166/166/166
f 2285/2285/2285  167/167/167  169/169/169
f 306/306/306  303/303/303  166/166/166
f 2288/2288/2288  167/167/167  2285/2285/2285
f 303/303/303  171/171/171  168/168/168
f 2283/2283/2283  170/170/170  172/172/172
f 2285/2285/2285  169/169/169  2282/2282/2282
f 301/301/301  173/173/173  171/171/171
f 2280/2280/2280  172/172/172  174/174/174
f 303/303/303  301/301/301  171/171/171
f 2283/2283/2283  172/172/172  2280/2280/2280
f 301/301/301  175/175/175  173/173/173
f 2278/2278/2278  174/174/174  176/176/176
f 2280/2280/2280  174/174/174  2278/2278/2278
f 299/299/299  178/178/178  175/175/175
f 2276/2276/2276  177/177/177  179/179/179
f 301/301/301  299/299/299  175/175/175
f 2278/2278/2278  176/176/176  2275/2275/2275
f 297/297/297  180/180/180  178/178/178
f 2273/2273/2273  179/179/179  181/181/181
f 299/299/299  297/297/297  178/178/178
f 2276/2276/2276  179/179/179  2273/2273/2273
f 297/297/297  182/182/182  180/180/180
f 2271/2271/2271  181/181/181  183/183/183
f 2273/2273/2273  181/181/181  2271/2271/2271
f 297/297/297  185/185/185  182/182/182
f 2269/2269/2269  184/184/184  186/186/186
f 2271/2271/2271  183/183/183  2268/2268/2268
f 199/199/199  187/187/187  185/185/185
f 2266/2266/2266  186/186/186  188/188/188
f 297/297/297  199/199/199  185/185/185
f 2269/2269/2269  186/186/186  2266/2266/2266
f 196/196/196  190/190/190  187/187/187
f 2260/2260/2260  189/189/189  191/191/191
f 199/199/199  196/196/196  187/187/187
f 2264/2264/2264  189/189/189  2260/2260/2260
f 2266/2266/2266  188/188/188  2263/2263/2263
f 196/196/196  193/193/193  190/190/190
f 2257/2257/2257  192/192/192  194/194/194
f 2261/2261/2261  192/192/192  2257/2257/2257
f 2254/2254/2254  195/195/195  197/197/197
f 2258/2258/2258  195/195/195  2254/2254/2254
f 2251/2251/2251  198/198/198  200/200/200
f 2255/2255/2255  198/198/198  2251/2251/2251
f 294/294/294  202/202/202  199/199/199
f 2248/2248/2248  201/201/201  203/203/203
f 297/297/297  294/294/294  199/199/199
f 2252/2252/2252  201/201/201  2248/2248/2248
f 294/294/294  205/205/205  202/202/202
f 2249/2249/2249  204/204/204  206/206/206
f 294/294/294  207/207/207  205/205/205
f 2246/2246/2246  206/206/206  208/208/208
f 2249/2249/2249  206/206/206  2246/2246/2246
f 291/291/291  209/209/209  207/207/207
f 2244/2244/2244  208/208/208  210/210/210
f 294/294/294  291/291/291  207/207/207
f 2246/2246/2246  208/208/208  2244/2244/2244
f 288/288/288  211/211/211  209/209/209
f 2242/2242/2242  210/210/210  212/212/212
f 291/291/291  288/288/288  209/209/209
f 2244/2244/2244  210/210/210  2242/2242/2242
f 288/288/288  214/214/214  211/211/211
f 2240/2240/2240  213/213/213  215/215/215
f 2242/2242/2242  212/212/212  2239/2239/2239
f 286/286/286  216/216/216  214/214/214
f 2237/2237/2237  215/215/215  217/217/217
f 288/288/288  286/286/286  214/214/214
f 2240/2240/2240  215/215/215  2237/2237/2237
f 286/286/286  219/219/219  216/216/216
f 2235/2235/2235  218/218/218  220/220/220
f 2237/2237/2237  217/217/217  2234/2234/2234
f 286/286/286  221/221/221  219/219/219
f 2232/2232/2232  220/220/220  222/222/222
f 2235/2235/2235  220/220/220  2232/2232/2232
f 284/284/284  223/223/223  221/221/221
f 2230/2230/2230  222/222/222  224/224/224
f 286/286/286  284/284/284  221/221/221
f 2232/2232/2232  222/222/222  2230/2230/2230
f 281/281/281  225/225/225  223/223/223
f 2228/2228/2228  224/224/224  226/226/226
f 284/284/284  281/281/281  223/223/223
f 2230/2230/2230  224/224/224  2228/2228/2228
f 281/281/281  228/228/228  225/225/225
f 2226/2226/2226  227/227/227  229/229/229
f 2228/2228/2228  226/226/226  2225/2225/2225
f 279/279/279  230/230/230  228/228/228
f 2223/2223/2223  229/229/229  231/231/231
f 281/281/281  279/279/279  228/228/228
f 2226/2226/2226  229/229/229  2223/2223/2223
f 277/277/277  233/233/233  230/230/230
f 2221/2221/2221  232/232/232  234/234/234
f 279/279/279  277/277/277  230/230/230
f 2223/2223/2223  231/231/231  2220/2220/2220
f 277/277/277  235/235/235  233/233/233
f 2218/2218/2218  234/234/234  236/236/236
f 2221/2221/2221  234/234/234  2218/2218/2218
f 277/277/277  237/237/237  235/235/235
f 2216/2216/2216  236/236/236  238/238/238
f 2218/2218/2218  236/236/236  2216/2216/2216
f 274/274/274  240/240/240  237/237/237
f 2214/2214/2214  239/239/239  241/241/241
f 277/277/277  274/274/274  237/237/237
f 2216/2216/2216  238/238/238  2213/2213/2213
f 274/274/274  242/242/242  240/240/240
f 2211/2211/2211  241/241/241  243/243/243
f 2214/2214/2214  241/241/241  2211/2211/2211
f 248/248/248  245/245/245  242/242/242
f 2205/2205/2205  244/244/244  246/246/246
f 274/274/274  248/248/248  242/242/242
f 2209/2209/2209  244/244/244  2205/2205/2205
f 2211/2211/2211  243/243/243  2208/2208/2208
f 2202/2202/2202  247/247/247  249/249/249
f 2206/2206/2206  247/247/247  2202/2202/2202
f 274/274/274  251/251/251  248/248/248
f 2199/2199/2199  250/250/250  252/252/252
f 2203/2203/2203  250/250/250  2199/2199/2199
f 272/272/272  254/254/254  251/251/251
f 2196/2196/2196  253/253/253  255/255/255
f 274/274/274  272/272/272  251/251/251
f 2200/2200/2200  253/253/253  2196/2196/2196
f 272/272/272  257/257/257  254/254/254
f 2197/2197/2197  256/256/256  258/258/258
f 272/272/272  259/259/259  257/257/257
f 2194/2194/2194  258/258/258  260/260/260
f 2197/2197/2197  258/258/258  2194/2194/2194
f 270/270/270  262/262/262  259/259/259
f 2188/2188/2188  261/261/261  263/263/263
f 272/272/272  270/270/270  259/259/259
f 2192/2192/2192  261/261/261  2188/2188/2188
f 2194/2194/2194  260/260/260  2191/2191/2191
f 267/267/267  265/265/265  262/262/262
f 2189/2189/2189  264/264/264  266/266/266
f 270/270/270  267/267/267  262/262/262
f 2186/2186/2186  266/266/266  268/268/268
f 2189/2189/2189  266/266/266  2186/2186/2186
f 2184/2184/2184  269/269/269  271/271/271
f 2186/2186/2186  268/268/268  2183/2183/2183
f 2181/2181/2181  271/271/271  273/273/273
f 2184/2184/2184  271/271/271  2181/2181/2181
f 2179/2179/2179  273/273/273  275/275/275
f 2181/2181/2181  273/273/273  2179/2179/2179
f 2177/2177/2177  276/276/276  278/278/278
f 2179/2179/2179  275/275/275  2176/2176/2176
f 2174/2174/2174  278/278/278  280/280/280
f 2177/2177/2177  278/278/278  2174/2174/2174
f 2172/2172/2172  280/280/280  282/282/282
f 2174/2174/2174  280/280/280  2172/2172/2172
f 2170/2170/2170  283/283/283  285/285/285
f 2172/2172/2172  282/282/282  2169/2169/2169
f 2167/2167/2167  285/285/285  287/287/287
f 2170/2170/2170  285/285/285  2167/2167/2167
f 2165/2165/2165  287/287/287  289/289/289
f 2167/2167/2167  287/287/287  2165/2165/2165
f 2159/2159/2159  290/290/290  292/292/292
f 2163/2163/2163  290/290/290  2159/2159/2159
f 2165/2165/2165  289/289/289  2162/2162/2162
f 2156/2156/2156  293/293/293  295/295/295
f 2160/2160/2160  293/293/293  2156/2156/2156
f 2157/2157/2157  296/296/296  298/298/298
f 2154/2154/2154  298/298/298  300/300/300
f 2157/2157/2157  298/298/298  2154/2154/2154
f 2152/2152/2152  300/300/300  302/302/302
f 2154/2154/2154  300/300/300  2152/2152/2152
f 2150/2150/2150  302/302/302  304/304/304
f 2152/2152/2152  302/302/302  2150/2150/2150
f 2148/2148/2148  305/305/305  307/307/307
f 2150/2150/2150  304/304/304  2147/2147/2147
f 2145/2145/2145  307/307/307  309/309/309
f 2148/2148/2148  307/307/307  2145/2145/2145
f 2143/2143/2143  309/309/309  311/311/311
f 2145/2145/2145  309/309/309  2143/2143/2143
f 2137/2137/2137  312/312/312  314/314/314
f 2141/2141/2141  312/312/312  2137/2137/2137
f 2143/2143/2143  311/311/311  2140/2140/2140
f 2134/2134/2134  315/315/315  317/317/317
f 2138/2138/2138  315/315/315  2134/2134/2134
f 2131/2131/2131  318/318/318  320/320/320
f 2135/2135/2135  318/318/318  2131/2131/2131
f 325/325/325  322/322/322  319/319/319
f 2128/2128/2128  321/321/321  323/323/323
f 328/328/328  325/325/325  319/319/319
f 330/330/330  328/328/328  319/319/319
f 2132/2132/2132  321/321/321  2128/2128/2128
f 2125/2125/2125  324/324/324  326/326/326
f 2129/2129/2129  324/324/324  2125/2125/2125
f 2126/2126/2126  327/327/327  329/329/329
f 2123/2123/2123  329/329/329  331/331/331
f 2126/2126/2126  329/329/329  2123/2123/2123
f 2121/2121/2121  332/332/332  334/334/334
f 2123/2123/2123  331/331/331  2120/2120/2120
f 2118/2118/2118  334/334/334  336/336/336
f 2121/2121/2121  334/334/334  2118/2118/2118
f 2116/2116/2116  336/336/336  338/338/338
f 2118/2118/2118  336/336/336  2116/2116/2116
f 2114/2114/2114  338/338/338  340/340/340
f 2116/2116/2116  338/338/338  2114/2114/2114
f 2112/2112/2112  341/341/341  2109/2109/2109
f 2114/2114/2114  340/340/340  2111/2111/2111
f 348/348/348  345/345/345  342/342/342
f 2472/2472/2472  343/343/343  346/346/346
f 498/498/498  348/348/348  342/342/342
f 2317/2317/2317  500/500/500  344/344/344
f 2472/2472/2472  2316/2316/2316  343/343/343
f 2469/2469/2469  347/347/347  349/349/349
f 2473/2473/2473  347/347/347  2469/2469/2469
f 498/498/498  351/351/351  348/348/348
f 2470/2470/2470  350/350/350  352/352/352
f 496/496/496  353/353/353  351/351/351
f 2467/2467/2467  352/352/352  354/354/354
f 498/498/498  496/496/496  351/351/351
f 2470/2470/2470  352/352/352  2467/2467/2467
f 493/493/493  356/356/356  353/353/353
f 2465/2465/2465  355/355/355  357/357/357
f 496/496/496  493/493/493  353/353/353
f 2467/2467/2467  354/354/354  2464/2464/2464
f 491/491/491  358/358/358  356/356/356
f 2462/2462/2462  357/357/357  359/359/359
f 493/493/493  491/491/491  356/356/356
f 2465/2465/2465  357/357/357  2462/2462/2462
f 491/491/491  360/360/360  358/358/358
f 2460/2460/2460  359/359/359  361/361/361
f 2462/2462/2462  359/359/359  2460/2460/2460
f 491/491/491  362/362/362  360/360/360
f 2458/2458/2458  361/361/361  363/363/363
f 2460/2460/2460  361/361/361  2458/2458/2458
f 488/488/488  364/364/364  362/362/362
f 2456/2456/2456  363/363/363  365/365/365
f 491/491/491  488/488/488  362/362/362
f 2458/2458/2458  363/363/363  2456/2456/2456
f 488/488/488  366/366/366  364/364/364
f 2454/2454/2454  365/365/365  367/367/367
f 2456/2456/2456  365/365/365  2454/2454/2454
f 488/488/488  368/368/368  366/366/366
f 2452/2452/2452  367/367/367  369/369/369
f 2454/2454/2454  367/367/367  2452/2452/2452
f 488/488/488  370/370/370  368/368/368
f 2450/2450/2450  369/369/369  371/371/371
f 2452/2452/2452  369/369/369  2450/2450/2450
f 486/486/486  372/372/372  370/370/370
f 2448/2448/2448  371/371/371  373/373/373
f 488/488/488  486/486/486  370/370/370
f 2450/2450/2450  371/371/371  2448/2448/2448
f 486/486/486  374/374/374  372/372/372
f 2446/2446/2446  373/373/373  375/375/375
f 2448/2448/2448  373/373/373  2446/2446/2446
f 486/486/486  376/376/376  374/374/374
f 2444/2444/2444  375/375/375  377/377/377
f 2446/2446/2446  375/375/375  2444/2444/2444
f 486/486/486  378/378/378  376/376/376
f 2442/2442/2442  377/377/377  379/379/379
f 2444/2444/2444  377/377/377  2442/2442/2442
f 486/486/486  380/380/380  378/378/378
f 2440/2440/2440  379/379/379  381/381/381
f 2442/2442/2442  379/379/379  2440/2440/2440
f 486/486/486  382/382/382  380/380/380
f 2438/2438/2438  381/381/381  383/383/383
f 2440/2440/2440  381/381/381  2438/2438/2438
f 486/486/486  384/384/384  382/382/382
f 2436/2436/2436  383/383/383  385/385/385
f 2438/2438/2438  383/383/383  2436/2436/2436
f 486/486/486  386/386/386  384/384/384
f 2434/2434/2434  385/385/385  387/387/387
f 2436/2436/2436  385/385/385  2434/2434/2434
f 484/484/484  388/388/388  386/386/386
f 2432/2432/2432  387/387/387  389/389/389
f 486/486/486  484/484/484  386/386/386
f 2434/2434/2434  387/387/387  2432/2432/2432
f 484/484/484  390/390/390  388/388/388
f 2430/2430/2430  389/389/389  391/391/391
f 2432/2432/2432  389/389/389  2430/2430/2430
f 484/484/484  392/392/392  390/390/390
f 2428/2428/2428  391/391/391  393/393/393
f 2430/2430/2430  391/391/391  2428/2428/2428
f 484/484/484  394/394/394  392/392/392
f 2426/2426/2426  393/393/393  395/395/395
f 2428/2428/2428  393/393/393  2426/2426/2426
f 484/484/484  396/396/396  394/394/394
f 2424/2424/2424  395/395/395  397/397/397
f 2426/2426/2426  395/395/395  2424/2424/2424
f 456/456/456  399/399/399  396/396/396
f 2418/2418/2418  398/398/398  400/400/400
f 484/484/484  456/456/456  396/396/396
f 2422/2422/2422  398/398/398  2418/2418/2418
f 2424/2424/2424  397/397/397  2421/2421/2421
f 501/501/501  402/402/402  399/399/399
f 2415/2415/2415  401/401/401  403/403/403
f 501/501/501  399/399/399  456/456/456
f 2419/2419/2419  401/401/401  2415/2415/2415
f 554/554/554  405/405/405  402/402/402
f 2416/2416/2416  404/404/404  406/406/406
f 556/556/556  402/402/402  501/501/501
f 556/556/556  554/554/554  402/402/402
f 549/549/549  407/407/407  405/405/405
f 2413/2413/2413  406/406/406  408/408/408
f 552/552/552  549/549/549  405/405/405
f 554/554/554  552/552/552  405/405/405
f 2416/2416/2416  406/406/406  2413/2413/2413
f 547/547/547  410/410/410  407/407/407
f 2411/2411/2411  409/409/409  411/411/411
f 549/549/549  547/547/547  407/407/407
f 2413/2413/2413  408/408/408  2410/2410/2410
f 547/547/547  412/412/412  410/410/410
f 2408/2408/2408  411/411/411  413/413/413
f 2411/2411/2411  411/411/411  2408/2408/2408
f 544/544/544  415/415/415  412/412/412
f 2406/2406/2406  414/414/414  416/416/416
f 547/547/547  544/544/544  412/412/412
f 2408/2408/2408  413/413/413  2405/2405/2405
f 542/542/542  417/417/417  415/415/415
f 2403/2403/2403  416/416/416  418/418/418
f 544/544/544  542/542/542  415/415/415
f 2406/2406/2406  416/416/416  2403/2403/2403
f 535/535/535  419/419/419  417/417/417
f 2401/2401/2401  418/418/418  420/420/420
f 538/538/538  535/535/535  417/417/417
f 540/540/540  538/538/538  417/417/417
f 542/542/542  540/540/540  417/417/417
f 2403/2403/2403  418/418/418  2401/2401/2401
f 433/433/433  422/422/422  419/419/419
f 2399/2399/2399  421/421/421  423/423/423
f 535/535/535  433/433/433  419/419/419
f 2401/2401/2401  420/420/420  2398/2398/2398
f 429/429/429  424/424/424  422/422/422
f 2396/2396/2396  423/423/423  425/425/425
f 431/431/431  429/429/429  422/422/422
f 433/433/433  431/431/431  422/422/422
f 2399/2399/2399  423/423/423  2396/2396/2396
f 429/429/429  426/426/426  424/424/424
f 2394/2394/2394  425/425/425  427/427/427
f 2396/2396/2396  425/425/425  2394/2394/2394
f 2392/2392/2392  428/428/428  430/430/430
f 2394/2394/2394  427/427/427  2391/2391/2391
f 2389/2389/2389  430/430/430  432/432/432
f 2392/2392/2392  430/430/430  2389/2389/2389
f 2387/2387/2387  432/432/432  434/434/434
f 2389/2389/2389  432/432/432  2387/2387/2387
f 535/535/535  436/436/436  433/433/433
f 2385/2385/2385  435/435/435  437/437/437
f 2387/2387/2387  434/434/434  2384/2384/2384
f 528/528/528  438/438/438  436/436/436
f 2382/2382/2382  437/437/437  439/439/439
f 531/531/531  528/528/528  436/436/436
f 533/533/533  531/531/531  436/436/436
f 535/535/535  533/533/533  436/436/436
f 2385/2385/2385  437/437/437  2382/2382/2382
f 524/524/524  440/440/440  438/438/438
f 2380/2380/2380  439/439/439  441/441/441
f 526/526/526  524/524/524  438/438/438
f 528/528/528  526/526/526  438/438/438
f 2382/2382/2382  439/439/439  2380/2380/2380
f 521/521/521  443/443/443  440/440/440
f 2378/2378/2378  442/442/442  444/444/444
f 524/524/524  521/521/521  440/440/440
f 2380/2380/2380  441/441/441  2377/2377/2377
f 517/517/517  445/445/445  443/443/443
f 2375/2375/2375  444/444/444  446/446/446
f 519/519/519  517/517/517  443/443/443
f 521/521/521  519/519/519  443/443/443
f 2378/2378/2378  444/444/444  2375/2375/2375
f 514/514/514  447/447/447  445/445/445
f 2373/2373/2373  446/446/446  448/448/448
f 517/517/517  514/514/514  445/445/445
f 2375/2375/2375  446/446/446  2373/2373/2373
f 512/512/512  450/450/450  447/447/447
f 2367/2367/2367  449/449/449  451/451/451
f 514/514/514  512/512/512  447/447/447
f 2371/2371/2371  449/449/449  2367/2367/2367
f 2373/2373/2373  448/448/448  2370/2370/2370
f 456/456/456  453/453/453  450/450/450
f 2364/2364/2364  452/452/452  454/454/454
f 509/509/509  456/456/456  450/450/450
f 512/512/512  509/509/509  450/450/450
f 2368/2368/2368  452/452/452  2364/2364/2364
f 2361/2361/2361  455/455/455  457/457/457
f 2365/2365/2365  455/455/455  2361/2361/2361
f 484/484/484  459/459/459  456/456/456
f 2358/2358/2358  458/458/458  460/460/460
f 504/504/504  501/501/501  456/456/456
f 507/507/507  504/504/504  456/456/456
f 509/509/509  507/507/507  456/456/456
f 2362/2362/2362  458/458/458  2358/2358/2358
f 484/484/484  462/462/462  459/459/459
f 2355/2355/2355  461/461/461  463/463/463
f 2359/2359/2359  461/461/461  2355/2355/2355
f 482/482/482  465/465/465  462/462/462
f 2356/2356/2356  464/464/464  466/466/466
f 484/484/484  482/482/482  462/462/462
f 482/482/482  467/467/467  465/465/465
f 2353/2353/2353  466/466/466  468/468/468
f 2356/2356/2356  466/466/466  2353/2353/2353
f 482/482/482  469/469/469  467/467/467
f 2351/2351/2351  468/468/468  470/470/470
f 2353/2353/2353  468/468/468  2351/2351/2351
f 480/480/480  472/472/472  469/469/469
f 2345/2345/2345  471/471/471  473/473/473
f 482/482/482  480/480/480  469/469/469
f 2349/2349/2349  471/471/471  2345/2345/2345
f 2351/2351/2351  470/470/470  2348/2348/2348
f 477/477/477  475/475/475  472/472/472
f 2346/2346/2346  474/474/474  476/476/476
f 480/480/480  477/477/477  472/472/472
f 2343/2343/2343  476/476/476  478/478/478
f 2346/2346/2346  476/476/476  2343/2343/2343
f 2341/2341/2341  479/479/479  481/481/481
f 2343/2343/2343  478/478/478  2340/2340/2340
f 2338/2338/2338  481/481/481  483/483/483
f 2341/2341/2341  481/481/481  2338/2338/2338
f 2336/2336/2336  483/483/483  485/485/485
f 2338/2338/2338  483/483/483  2336/2336/2336
f 2334/2334/2334  485/485/485  487/487/487
f 2336/2336/2336  485/485/485  2334/2334/2334
f 2332/2332/2332  487/487/487  489/489/489
f 2334/2334/2334  487/487/487  2332/2332/2332
f 2330/2330/2330  490/490/490  492/492/492
f 2332/2332/2332  489/489/489  2329/2329/2329
f 2327/2327/2327  492/492/492  494/494/494
f 2330/2330/2330  492/492/492  2327/2327/2327
f 2325/2325/2325  495/495/495  497/497/497
f 2327/2327/2327  494/494/494  2324/2324/2324
f 2322/2322/2322  497/497/497  499/499/499
f 2325/2325/2325  497/497/497  2322/2322/2322
f 2320/2320/2320  500/500/500  2317/2317/2317
f 2322/2322/2322  499/499/499  2319/2319/2319
f 2530/2530/2530  502/502/502  505/505/505
f 2476/2476/2476  558/558/558  503/503/503
f 2530/2530/2530  2475/2475/2475  502/502/502
f 2531/2531/2531  506/506/506  508/508/508
f 2528/2528/2528  508/508/508  510/510/510
f 2531/2531/2531  508/508/508  2528/2528/2528
f 2526/2526/2526  511/511/511  513/513/513
f 2528/2528/2528  510/510/510  2525/2525/2525
f 2523/2523/2523  513/513/513  515/515/515
f 2526/2526/2526  513/513/513  2523/2523/2523
f 2521/2521/2521  516/516/516  518/518/518
f 2523/2523/2523  515/515/515  2520/2520/2520
f 2518/2518/2518  518/518/518  520/520/520
f 2521/2521/2521  518/518/518  2518/2518/2518
f 2516/2516/2516  520/520/520  522/522/522
f 2518/2518/2518  520/520/520  2516/2516/2516
f 2514/2514/2514  523/523/523  525/525/525
f 2516/2516/2516  522/522/522  2513/2513/2513
f 2511/2511/2511  525/525/525  527/527/527
f 2514/2514/2514  525/525/525  2511/2511/2511
f 2509/2509/2509  527/527/527  529/529/529
f 2511/2511/2511  527/527/527  2509/2509/2509
f 2507/2507/2507  530/530/530  532/532/532
f 2509/2509/2509  529/529/529  2506/2506/2506
f 2504/2504/2504  532/532/532  534/534/534
f 2507/2507/2507  532/532/532  2504/2504/2504
f 2502/2502/2502  534/534/534  536/536/536
f 2504/2504/2504  534/534/534  2502/2502/2502
f 2500/2500/2500  537/537/537  539/539/539
f 2502/2502/2502  536/536/536  2499/2499/2499
f 2497/2497/2497  539/539/539  541/541/541
f 2500/2500/2500  539/539/539  2497/2497/2497
f 2495/2495/2495  541/541/541  543/543/543
f 2497/2497/2497  541/541/541  2495/2495/2495
f 2493/2493/2493  543/543/543  545/545/545
f 2495/2495/2495  543/543/543  2493/2493/2493
f 2491/2491/2491  546/546/546  548/548/548
f 2493/2493/2493  545/545/545  2490/2490/2490
f 2488/2488/2488  548/548/548  550/550/550
f 2491/2491/2491  548/548/548  2488/2488/2488
f 2486/2486/2486  551/551/551  553/553/553
f 2488/2488/2488  550/550/550  2485/2485/2485
f 2483/2483/2483  553/553/553  555/555/555
f 2486/2486/2486  553/553/553  2483/2483/2483
f 2481/2481/2481  555/555/555  557/557/557
f 2483/2483/2483  555/555/555  2481/2481/2481
f 2479/2479/2479  558/558/558  2476/2476/2476
f 2481/2481/2481  557/557/557  2478/2478/2478
f 565/565/565  562/562/562  559/559/559
f 2633/2633/2633  560/560/560  563/563/563
f 660/660/660  565/565/565  559/559/559
f 2536/2536/2536  661/661/661  561/561/561
f 2536/2536/2536  561/561/561  2534/2534/2534
f 2633/2633/2633  2533/2533/2533  560/560/560
f 2630/2630/2630  564/564/564  566/566/566
f 2634/2634/2634  564/564/564  2630/2630/2630
f 618/618/618  568/568/568  565/565/565
f 2627/2627/2627  567/567/567  569/569/569
f 629/629/629  618/618/618  565/565/565
f 632/632/632  629/629/629  565/565/565
f 634/634/634  632/632/632  565/565/565
f 637/637/637  634/634/634  565/565/565
f 640/640/640  637/637/637  565/565/565
f 642/642/642  640/640/640  565/565/565
f 644/644/644  642/642/642  565/565/565
f 646/646/646  644/644/644  565/565/565
f 648/648/648  646/646/646  565/565/565
f 650/650/650  648/648/648  565/565/565
f 652/652/652  650/650/650  565/565/565
f 654/654/654  652/652/652  565/565/565
f 656/656/656  654/654/654  565/565/565
f 658/658/658  656/656/656  565/565/565
f 660/660/660  658/658/658  565/565/565
f 2631/2631/2631  567/567/567  2627/2627/2627
f 618/618/618  571/571/571  568/568/568
f 2624/2624/2624  570/570/570  572/572/572
f 2628/2628/2628  570/570/570  2624/2624/2624
f 618/618/618  574/574/574  571/571/571
f 2621/2621/2621  573/573/573  575/575/575
f 2625/2625/2625  573/573/573  2621/2621/2621
f 615/615/615  577/577/577  574/574/574
f 2618/2618/2618  576/576/576  578/578/578
f 618/618/618  615/615/615  574/574/574
f 2622/2622/2622  576/576/576  2618/2618/2618
f 612/612/612  580/580/580  577/577/577
f 2619/2619/2619  579/579/579  581/581/581
f 615/615/615  612/612/612  577/577/577
f 609/609/609  582/582/582  580/580/580
f 2616/2616/2616  581/581/581  583/583/583
f 612/612/612  609/609/609  580/580/580
f 2619/2619/2619  581/581/581  2616/2616/2616
f 609/609/609  585/585/585  582/582/582
f 2614/2614/2614  584/584/584  586/586/586
f 2616/2616/2616  583/583/583  2613/2613/2613
f 607/607/607  587/587/587  585/585/585
f 2611/2611/2611  586/586/586  588/588/588
f 609/609/609  607/607/607  585/585/585
f 2614/2614/2614  586/586/586  2611/2611/2611
f 607/607/607  589/589/589  587/587/587
f 2609/2609/2609  588/588/588  590/590/590
f 2611/2611/2611  588/588/588  2609/2609/2609
f 605/605/605  591/591/591  589/589/589
f 2607/2607/2607  590/590/590  592/592/592
f 607/607/607  605/605/605  589/589/589
f 2609/2609/2609  590/590/590  2607/2607/2607
f 605/605/605  593/593/593  591/591/591
f 2605/2605/2605  592/592/592  594/594/594
f 2607/2607/2607  592/592/592  2605/2605/2605
f 602/602/602  596/596/596  593/593/593
f 2599/2599/2599  595/595/595  597/597/597
f 605/605/605  602/602/602  593/593/593
f 2603/2603/2603  595/595/595  2599/2599/2599
f 2605/2605/2605  594/594/594  2602/2602/2602
f 602/602/602  599/599/599  596/596/596
f 2596/2596/2596  598/598/598  600/600/600
f 2600/2600/2600  598/598/598  2596/2596/2596
f 2593/2593/2593  601/601/601  603/603/603
f 2597/2597/2597  601/601/601  2593/2593/2593
f 2594/2594/2594  604/604/604  606/606/606
f 2591/2591/2591  606/606/606  608/608/608
f 2594/2594/2594  606/606/606  2591/2591/2591
f 2589/2589/2589  608/608/608  610/610/610
f 2591/2591/2591  608/608/608  2589/2589/2589
f 2583/2583/2583  611/611/611  613/613/613
f 2587/2587/2587  611/611/611  2583/2583/2583
f 2589/2589/2589  610/610/610  2586/2586/2586
f 2580/2580/2580  614/614/614  616/616/616
f 2584/2584/2584  614/614/614  2580/2580/2580
f 2577/2577/2577  617/617/617  619/619/619
f 2581/2581/2581  617/617/617  2577/2577/2577
f 624/624/624  621/621/621  618/618/618
f 2574/2574/2574  620/620/620  622/622/622
f 627/627/627  624/624/624  618/618/618
f 629/629/629  627/627/627  618/618/618
f 2578/2578/2578  620/620/620  2574/2574/2574
f 2571/2571/2571  623/623/623  625/625/625
f 2575/2575/2575  623/623/623  2571/2571/2571
f 2572/2572/2572  626/626/626  628/628/628
f 2569/2569/2569  628/628/628  630/630/630
f 2572/2572/2572  628/628/628  2569/2569/2569
f 2567/2567/2567  631/631/631  633/633/633
f 2569/2569/2569  630/630/630  2566/2566/2566
f 2564/2564/2564  633/633/633  635/635/635
f 2567/2567/2567  633/633/633  2564/2564/2564
f 2558/2558/2558  636/636/636  638/638/638
f 2562/2562/2562  636/636/636  2558/2558/2558
f 2564/2564/2564  635/635/635  2561/2561/2561
f 2559/2559/2559  639/639/639  641/641/641
f 2556/2556/2556  641/641/641  643/643/643
f 2559/2559/2559  641/641/641  2556/2556/2556
f 2554/2554/2554  643/643/643  645/645/645
f 2556/2556/2556  643/643/643  2554/2554/2554
f 2552/2552/2552  645/645/645  647/647/647
f 2554/2554/2554  645/645/645  2552/2552/2552
f 2550/2550/2550  647/647/647  649/649/649
f 2552/2552/2552  647/647/647  2550/2550/2550
f 2548/2548/2548  649/649/649  651/651/651
f 2550/2550/2550  649/649/649  2548/2548/2548
f 2546/2546/2546  651/651/651  653/653/653
f 2548/2548/2548  651/651/651  2546/2546/2546
f 2544/2544/2544  653/653/653  655/655/655
f 2546/2546/2546  653/653/653  2544/2544/2544
f 2542/2542/2542  655/655/655  657/657/657
f 2544/2544/2544  655/655/655  2542/2542/2542
f 2540/2540/2540  657/657/657  659/659/659
f 2542/2542/2542  657/657/657  2540/2540/2540
f 2538/2538/2538  659/659/659  661/661/661
f 2540/2540/2540  659/659/659  2538/2538/2538
f 2538/2538/2538  661/661/661  2536/2536/2536
f 682/682/682  665/665/665  662/662/662
f 2820/2820/2820  663/663/663  666/666/666
f 847/847/847  682/682/682  662/662/662
f 2639/2639/2639  848/848/848  664/664/664
f 2639/2639/2639  664/664/664  2637/2637/2637
f 2820/2820/2820  2636/2636/2636  663/663/663
f 674/674/674  668/668/668  665/665/665
f 2821/2821/2821  667/667/667  669/669/669
f 677/677/677  674/674/674  665/665/665
f 679/679/679  677/677/677  665/665/665
f 682/682/682  679/679/679  665/665/665
f 674/674/674  671/671/671  668/668/668
f 2814/2814/2814  670/670/670  672/672/672
f 2818/2818/2818  670/670/670  2814/2814/2814
f 2821/2821/2821  669/669/669  2817/2817/2817
f 2811/2811/2811  673/673/673  675/675/675
f 2815/2815/2815  673/673/673  2811/2811/2811
f 2812/2812/2812  676/676/676  678/678/678
f 2809/2809/2809  678/678/678  680/680/680
f 2812/2812/2812  678/678/678  2809/2809/2809
f 2803/2803/2803  681/681/681  683/683/683
f 2807/2807/2807  681/681/681  2803/2803/2803
f 2809/2809/2809  680/680/680  2806/2806/2806
f 743/743/743  685/685/685  682/682/682
f 2800/2800/2800  684/684/684  686/686/686
f 746/746/746  743/743/743  682/682/682
f 748/748/748  746/746/746  682/682/682
f 750/750/750  748/748/748  682/682/682
f 752/752/752  750/750/750  682/682/682
f 754/754/754  752/752/752  682/682/682
f 756/756/756  754/754/754  682/682/682
f 758/758/758  756/756/756  682/682/682
f 760/760/760  758/758/758  682/682/682
f 762/762/762  760/760/760  682/682/682
f 764/764/764  762/762/762  682/682/682
f 766/766/766  764/764/764  682/682/682
f 682/682/682  783/783/783  781/781/781
f 785/785/785  783/783/783  682/682/682
f 787/787/787  785/785/785  682/682/682
f 789/789/789  787/787/787  682/682/682
f 791/791/791  789/789/789  682/682/682
f 793/793/793  791/791/791  682/682/682
f 795/795/795  793/793/793  682/682/682
f 797/797/797  795/795/795  682/682/682
f 799/799/799  797/797/797  682/682/682
f 801/801/801  799/799/799  682/682/682
f 803/803/803  801/801/801  682/682/682
f 805/805/805  803/803/803  682/682/682
f 807/807/807  805/805/805  682/682/682
f 809/809/809  807/807/807  682/682/682
f 811/811/811  809/809/809  682/682/682
f 813/813/813  811/811/811  682/682/682
f 815/815/815  813/813/813  682/682/682
f 817/817/817  815/815/815  682/682/682
f 819/819/819  817/817/817  682/682/682
f 821/821/821  819/819/819  682/682/682
f 823/823/823  821/821/821  682/682/682
f 825/825/825  823/823/823  682/682/682
f 827/827/827  825/825/825  682/682/682
f 829/829/829  827/827/827  682/682/682
f 831/831/831  829/829/829  682/682/682
f 833/833/833  831/831/831  682/682/682
f 835/835/835  833/833/833  682/682/682
f 837/837/837  835/835/835  682/682/682
f 839/839/839  837/837/837  682/682/682
f 841/841/841  839/839/839  682/682/682
f 843/843/843  841/841/841  682/682/682
f 845/845/845  843/843/843  682/682/682
f 847/847/847  845/845/845  682/682/682
f 2804/2804/2804  684/684/684  2800/2800/2800
f 725/725/725  688/688/688  685/685/685
f 2797/2797/2797  687/687/687  689/689/689
f 743/743/743  725/725/725  685/685/685
f 2801/2801/2801  687/687/687  2797/2797/2797
f 688/688/688  722/722/722  719/719/719
f 2794/2794/2794  690/690/690  692/692/692
f 725/725/725  722/722/722  688/688/688
f 2798/2798/2798  690/690/690  2794/2794/2794
f 716/716/716  694/694/694  691/691/691
f 2791/2791/2791  693/693/693  695/695/695
f 719/719/719  716/716/716  691/691/691
f 719/719/719  691/691/691  688/688/688
f 2795/2795/2795  693/693/693  2791/2791/2791
f 713/713/713  697/697/697  694/694/694
f 2788/2788/2788  696/696/696  698/698/698
f 716/716/716  713/713/713  694/694/694
f 2792/2792/2792  696/696/696  2788/2788/2788
f 706/706/706  700/700/700  697/697/697
f 2785/2785/2785  699/699/699  701/701/701
f 709/709/709  706/706/706  697/697/697
f 711/711/711  709/709/709  697/697/697
f 713/713/713  711/711/711  697/697/697
f 2789/2789/2789  699/699/699  2785/2785/2785
f 706/706/706  703/703/703  700/700/700
f 2782/2782/2782  702/702/702  704/704/704
f 2786/2786/2786  702/702/702  2782/2782/2782
f 2779/2779/2779  705/705/705  707/707/707
f 2783/2783/2783  705/705/705  2779/2779/2779
f 2780/2780/2780  708/708/708  710/710/710
f 2777/2777/2777  710/710/710  712/712/712
f 2780/2780/2780  710/710/710  2777/2777/2777
f 2775/2775/2775  712/712/712  714/714/714
f 2777/2777/2777  712/712/712  2775/2775/2775
f 2769/2769/2769  715/715/715  717/717/717
f 2773/2773/2773  715/715/715  2769/2769/2769
f 2775/2775/2775  714/714/714  2772/2772/2772
f 2766/2766/2766  718/718/718  720/720/720
f 2770/2770/2770  718/718/718  2766/2766/2766
f 2763/2763/2763  721/721/721  723/723/723
f 2767/2767/2767  721/721/721  2763/2763/2763
f 2760/2760/2760  724/724/724  726/726/726
f 2764/2764/2764  724/724/724  2760/2760/2760
f 737/737/737  728/728/728  725/725/725
f 2757/2757/2757  727/727/727  729/729/729
f 740/740/740  737/737/737  725/725/725
f 743/743/743  740/740/740  725/725/725
f 2761/2761/2761  727/727/727  2757/2757/2757
f 737/737/737  731/731/731  728/728/728
f 2754/2754/2754  730/730/730  732/732/732
f 2758/2758/2758  730/730/730  2754/2754/2754
f 737/737/737  734/734/734  731/731/731
f 2751/2751/2751  733/733/733  735/735/735
f 2755/2755/2755  733/733/733  2751/2751/2751
f 2748/2748/2748  736/736/736  738/738/738
f 2752/2752/2752  736/736/736  2748/2748/2748
f 2749/2749/2749  739/739/739  741/741/741
f 2742/2742/2742  742/742/742  744/744/744
f 2746/2746/2746  742/742/742  2742/2742/2742
f 2749/2749/2749  741/741/741  2745/2745/2745
f 2743/2743/2743  745/745/745  747/747/747
f 2740/2740/2740  747/747/747  749/749/749
f 2743/2743/2743  747/747/747  2740/2740/2740
f 2738/2738/2738  749/749/749  751/751/751
f 2740/2740/2740  749/749/749  2738/2738/2738
f 2736/2736/2736  751/751/751  753/753/753
f 2738/2738/2738  751/751/751  2736/2736/2736
f 2734/2734/2734  753/753/753  755/755/755
f 2736/2736/2736  753/753/753  2734/2734/2734
f 2732/2732/2732  755/755/755  757/757/757
f 2734/2734/2734  755/755/755  2732/2732/2732
f 2730/2730/2730  757/757/757  759/759/759
f 2732/2732/2732  757/757/757  2730/2730/2730
f 2728/2728/2728  759/759/759  761/761/761
f 2730/2730/2730  759/759/759  2728/2728/2728
f 2726/2726/2726  761/761/761  763/763/763
f 2728/2728/2728  761/761/761  2726/2726/2726
f 2724/2724/2724  763/763/763  765/765/765
f 2726/2726/2726  763/763/763  2724/2724/2724
f 2722/2722/2722  765/765/765  767/767/767
f 2724/2724/2724  765/765/765  2722/2722/2722
f 769/769/769  766/766/766  682/682/682
f 2720/2720/2720  768/768/768  770/770/770
f 682/682/682  781/781/781  779/779/779
f 2722/2722/2722  767/767/767  2719/2719/2719
f 682/682/682  779/779/779  777/777/777
f 2717/2717/2717  770/770/770  772/772/772
f 2720/2720/2720  770/770/770  2717/2717/2717
f 682/682/682  775/775/775  773/773/773
f 2715/2715/2715  772/772/772  774/774/774
f 682/682/682  777/777/777  775/775/775
f 2717/2717/2717  772/772/772  2715/2715/2715
f 771/771/771  769/769/769  682/682/682
f 2713/2713/2713  774/774/774  776/776/776
f 2715/2715/2715  774/774/774  2713/2713/2713
f 682/682/682  773/773/773  771/771/771
f 2711/2711/2711  776/776/776  778/778/778
f 2713/2713/2713  776/776/776  2711/2711/2711
f 2709/2709/2709  778/778/778  780/780/780
f 2711/2711/2711  778/778/778  2709/2709/2709
f 2707/2707/2707  780/780/780  782/782/782
f 2709/2709/2709  780/780/780  2707/2707/2707
f 2705/2705/2705  782/782/782  784/784/784
f 2707/2707/2707  782/782/782  2705/2705/2705
f 2703/2703/2703  784/784/784  786/786/786
f 2705/2705/2705  784/784/784  2703/2703/2703
f 2701/2701/2701  786/786/786  788/788/788
f 2703/2703/2703  786/786/786  2701/2701/2701
f 2699/2699/2699  788/788/788  790/790/790
f 2701/2701/2701  788/788/788  2699/2699/2699
f 2697/2697/2697  790/790/790  792/792/792
f 2699/2699/2699  790/790/790  2697/2697/2697
f 2695/2695/2695  792/792/792  794/794/794
f 2697/2697/2697  792/792/792  2695/2695/2695
f 2693/2693/2693  794/794/794  796/796/796
f 2695/2695/2695  794/794/794  2693/2693/2693
f 2691/2691/2691  796/796/796  798/798/798
f 2693/2693/2693  796/796/796  2691/2691/2691
f 2689/2689/2689  798/798/798  800/800/800
f 2691/2691/2691  798/798/798  2689/2689/2689
f 2687/2687/2687  800/800/800  802/802/802
f 2689/2689/2689  800/800/800  2687/2687/2687
f 2685/2685/2685  802/802/802  804/804/804
f 2687/2687/2687  802/802/802  2685/2685/2685
f 2683/2683/2683  804/804/804  806/806/806
f 2685/2685/2685  804/804/804  2683/2683/2683
f 2681/2681/2681  806/806/806  808/808/808
f 2683/2683/2683  806/806/806  2681/2681/2681
f 2679/2679/2679  808/808/808  810/810/810
f 2681/2681/2681  808/808/808  2679/2679/2679
f 2677/2677/2677  810/810/810  812/812/812
f 2679/2679/2679  810/810/810  2677/2677/2677
f 2675/2675/2675  812/812/812  814/814/814
f 2677/2677/2677  812/812/812  2675/2675/2675
f 2673/2673/2673  814/814/814  816/816/816
f 2675/2675/2675  814/814/814  2673/2673/2673
f 2671/2671/2671  816/816/816  818/818/818
f 2673/2673/2673  816/816/816  2671/2671/2671
f 2669/2669/2669  818/818/818  820/820/820
f 2671/2671/2671  818/818/818  2669/2669/2669
f 2667/2667/2667  820/820/820  822/822/822
f 2669/2669/2669  820/820/820  2667/2667/2667
f 2665/2665/2665  822/822/822  824/824/824
f 2667/2667/2667  822/822/822  2665/2665/2665
f 2663/2663/2663  824/824/824  826/826/826
f 2665/2665/2665  824/824/824  2663/2663/2663
f 2661/2661/2661  826/826/826  828/828/828
f 2663/2663/2663  826/826/826  2661/2661/2661
f 2659/2659/2659  828/828/828  830/830/830
f 2661/2661/2661  828/828/828  2659/2659/2659
f 2657/2657/2657  830/830/830  832/832/832
f 2659/2659/2659  830/830/830  2657/2657/2657
f 2655/2655/2655  832/832/832  834/834/834
f 2657/2657/2657  832/832/832  2655/2655/2655
f 2653/2653/2653  834/834/834  836/836/836
f 2655/2655/2655  834/834/834  2653/2653/2653
f 2651/2651/2651  836/836/836  838/838/838
f 2653/2653/2653  836/836/836  2651/2651/2651
f 2649/2649/2649  838/838/838  840/840/840
f 2651/2651/2651  838/838/838  2649/2649/2649
f 2647/2647/2647  840/840/840  842/842/842
f 2649/2649/2649  840/840/840  2647/2647/2647
f 2645/2645/2645  842/842/842  844/844/844
f 2647/2647/2647  842/842/842  2645/2645/2645
f 2643/2643/2643  844/844/844  846/846/846
f 2645/2645/2645  844/844/844  2643/2643/2643
f 2641/2641/2641  846/846/846  848/848/848
f 2643/2643/2643  846/846/846  2641/2641/2641
f 2641/2641/2641  848/848/848  2639/2639/2639
f 1010/1010/1010  852/852/852  849/849/849
f 2984/2984/2984  850/850/850  853/853/853
f 2824/2824/2824  1012/1012/1012  851/851/851
f 2984/2984/2984  2823/2823/2823  850/850/850
f 1010/1010/1010  855/855/855  852/852/852
f 2981/2981/2981  854/854/854  856/856/856
f 2985/2985/2985  854/854/854  2981/2981/2981
f 1007/1007/1007  858/858/858  855/855/855
f 2982/2982/2982  857/857/857  859/859/859
f 1010/1010/1010  1007/1007/1007  855/855/855
f 1002/1002/1002  860/860/860  858/858/858
f 2979/2979/2979  859/859/859  861/861/861
f 1005/1005/1005  1002/1002/1002  858/858/858
f 1007/1007/1007  1005/1005/1005  858/858/858
f 2982/2982/2982  859/859/859  2979/2979/2979
f 1000/1000/1000  863/863/863  860/860/860
f 2977/2977/2977  862/862/862  864/864/864
f 1002/1002/1002  1000/1000/1000  860/860/860
f 2979/2979/2979  861/861/861  2976/2976/2976
f 995/995/995  865/865/865  863/863/863
f 2974/2974/2974  864/864/864  866/866/866
f 998/998/998  995/995/995  863/863/863
f 1000/1000/1000  998/998/998  863/863/863
f 2977/2977/2977  864/864/864  2974/2974/2974
f 991/991/991  867/867/867  865/865/865
f 2972/2972/2972  866/866/866  868/868/868
f 993/993/993  991/991/991  865/865/865
f 995/995/995  993/993/993  865/865/865
f 2974/2974/2974  866/866/866  2972/2972/2972
f 884/884/884  870/870/870  867/867/867
f 2970/2970/2970  869/869/869  871/871/871
f 887/887/887  884/884/884  867/867/867
f 988/988/988  887/887/887  867/867/867
f 991/991/991  988/988/988  867/867/867
f 2972/2972/2972  868/868/868  2969/2969/2969
f 879/879/879  872/872/872  870/870/870
f 2967/2967/2967  871/871/871  873/873/873
f 882/882/882  879/879/879  870/870/870
f 884/884/884  882/882/882  870/870/870
f 2970/2970/2970  871/871/871  2967/2967/2967
f 877/877/877  874/874/874  872/872/872
f 2965/2965/2965  873/873/873  875/875/875
f 879/879/879  877/877/877  872/872/872
f 2967/2967/2967  873/873/873  2965/2965/2965
f 2963/2963/2963  876/876/876  878/878/878
f 2965/2965/2965  875/875/875  2962/2962/2962
f 2960/2960/2960  878/878/878  880/880/880
f 2963/2963/2963  878/878/878  2960/2960/2960
f 2958/2958/2958  881/881/881  883/883/883
f 2960/2960/2960  880/880/880  2957/2957/2957
f 2955/2955/2955  883/883/883  885/885/885
f 2958/2958/2958  883/883/883  2955/2955/2955
f 2953/2953/2953  886/886/886  888/888/888
f 2955/2955/2955  885/885/885  2952/2952/2952
f 983/983/983  889/889/889  887/887/887
f 2950/2950/2950  888/888/888  890/890/890
f 986/986/986  983/983/983  887/887/887
f 988/988/988  986/986/986  887/887/887
f 2953/2953/2953  888/888/888  2950/2950/2950
f 973/973/973  892/892/892  889/889/889
f 2944/2944/2944  891/891/891  893/893/893
f 976/976/976  973/973/973  889/889/889
f 978/978/978  976/976/976  889/889/889
f 981/981/981  978/978/978  889/889/889
f 983/983/983  981/981/981  889/889/889
f 2948/2948/2948  891/891/891  2944/2944/2944
f 2950/2950/2950  890/890/890  2947/2947/2947
f 970/970/970  895/895/895  892/892/892
f 2945/2945/2945  894/894/894  896/896/896
f 973/973/973  970/970/970  892/892/892
f 968/968/968  897/897/897  895/895/895
f 2942/2942/2942  896/896/896  898/898/898
f 970/970/970  968/968/968  895/895/895
f 2945/2945/2945  896/896/896  2942/2942/2942
f 968/968/968  900/900/900  897/897/897
f 2940/2940/2940  899/899/899  901/901/901
f 2942/2942/2942  898/898/898  2939/2939/2939
f 965/965/965  902/902/902  900/900/900
f 2937/2937/2937  901/901/901  903/903/903
f 968/968/968  965/965/965  900/900/900
f 2940/2940/2940  901/901/901  2937/2937/2937
f 965/965/965  905/905/905  902/902/902
f 2935/2935/2935  904/904/904  906/906/906
f 2937/2937/2937  903/903/903  2934/2934/2934
f 965/965/965  907/907/907  905/905/905
f 2932/2932/2932  906/906/906  908/908/908
f 2935/2935/2935  906/906/906  2932/2932/2932
f 963/963/963  910/910/910  907/907/907
f 2930/2930/2930  909/909/909  911/911/911
f 965/965/965  963/963/963  907/907/907
f 2932/2932/2932  908/908/908  2929/2929/2929
f 946/946/946  912/912/912  910/910/910
f 2927/2927/2927  911/911/911  913/913/913
f 948/948/948  946/946/946  910/910/910
f 963/963/963  948/948/948  910/910/910
f 2930/2930/2930  911/911/911  2927/2927/2927
f 946/946/946  914/914/914  912/912/912
f 2925/2925/2925  913/913/913  915/915/915
f 2927/2927/2927  913/913/913  2925/2925/2925
f 943/943/943  917/917/917  914/914/914
f 2923/2923/2923  916/916/916  918/918/918
f 946/946/946  943/943/943  914/914/914
f 2925/2925/2925  915/915/915  2922/2922/2922
f 941/941/941  919/919/919  917/917/917
f 2920/2920/2920  918/918/918  920/920/920
f 943/943/943  941/941/941  917/917/917
f 2923/2923/2923  918/918/918  2920/2920/2920
f 938/938/938  922/922/922  919/919/919
f 2918/2918/2918  921/921/921  923/923/923
f 941/941/941  938/938/938  919/919/919
f 2920/2920/2920  920/920/920  2917/2917/2917
f 936/936/936  924/924/924  922/922/922
f 2915/2915/2915  923/923/923  925/925/925
f 938/938/938  936/936/936  922/922/922
f 2918/2918/2918  923/923/923  2915/2915/2915
f 933/933/933  927/927/927  924/924/924
f 2909/2909/2909  926/926/926  928/928/928
f 936/936/936  933/933/933  924/924/924
f 2913/2913/2913  926/926/926  2909/2909/2909
f 2915/2915/2915  925/925/925  2912/2912/2912
f 933/933/933  930/930/930  927/927/927
f 2906/2906/2906  929/929/929  931/931/931
f 2910/2910/2910  929/929/929  2906/2906/2906
f 2903/2903/2903  932/932/932  934/934/934
f 2907/2907/2907  932/932/932  2903/2903/2903
f 2904/2904/2904  935/935/935  937/937/937
f 2901/2901/2901  937/937/937  939/939/939
f 2904/2904/2904  937/937/937  2901/2901/2901
f 2899/2899/2899  940/940/940  942/942/942
f 2901/2901/2901  939/939/939  2898/2898/2898
f 2896/2896/2896  942/942/942  944/944/944
f 2899/2899/2899  942/942/942  2896/2896/2896
f 2894/2894/2894  945/945/945  947/947/947
f 2896/2896/2896  944/944/944  2893/2893/2893
f 2891/2891/2891  947/947/947  949/949/949
f 2894/2894/2894  947/947/947  2891/2891/2891
f 960/960/960  951/951/951  948/948/948
f 2889/2889/2889  950/950/950  952/952/952
f 963/963/963  960/960/960  948/948/948
f 2891/2891/2891  949/949/949  2888/2888/2888
f 958/958/958  953/953/953  951/951/951
f 2886/2886/2886  952/952/952  954/954/954
f 960/960/960  958/958/958  951/951/951
f 2889/2889/2889  952/952/952  2886/2886/2886
f 958/958/958  955/955/955  953/953/953
f 2884/2884/2884  954/954/954  956/956/956
f 2886/2886/2886  954/954/954  2884/2884/2884
f 2882/2882/2882  957/957/957  959/959/959
f 2884/2884/2884  956/956/956  2881/2881/2881
f 2879/2879/2879  959/959/959  961/961/961
f 2882/2882/2882  959/959/959  2879/2879/2879
f 2877/2877/2877  962/962/962  964/964/964
f 2879/2879/2879  961/961/961  2876/2876/2876
f 2874/2874/2874  964/964/964  966/966/966
f 2877/2877/2877  964/964/964  2874/2874/2874
f 2872/2872/2872  967/967/967  969/969/969
f 2874/2874/2874  966/966/966  2871/2871/2871
f 2869/2869/2869  969/969/969  971/971/971
f 2872/2872/2872  969/969/969  2869/2869/2869
f 2863/2863/2863  972/972/972  974/974/974
f 2867/2867/2867  972/972/972  2863/2863/2863
f 2869/2869/2869  971/971/971  2866/2866/2866
f 2864/2864/2864  975/975/975  977/977/977
f 2861/2861/2861  977/977/977  979/979/979
f 2864/2864/2864  977/977/977  2861/2861/2861
f 2859/2859/2859  980/980/980  982/982/982
f 2861/2861/2861  979/979/979  2858/2858/2858
f 2856/2856/2856  982/982/982  984/984/984
f 2859/2859/2859  982/982/982  2856/2856/2856
f 2854/2854/2854  985/985/985  987/987/987
f 2856/2856/2856  984/984/984  2853/2853/2853
f 2851/2851/2851  987/987/987  989/989/989
f 2854/2854/2854  987/987/987  2851/2851/2851
f 2849/2849/2849  990/990/990  992/992/992
f 2851/2851/2851  989/989/989  2848/2848/2848
f 2846/2846/2846  992/992/992  994/994/994
f 2849/2849/2849  992/992/992  2846/2846/2846
f 2844/2844/2844  994/994/994  996/996/996
f 2846/2846/2846  994/994/994  2844/2844/2844
f 2842/2842/2842  997/997/997  999/999/999
f 2844/2844/2844  996/996/996  2841/2841/2841
f 2839/2839/2839  999/999/999  1001/1001/1001
f 2842/2842/2842  999/999/999  2839/2839/2839
f 2837/2837/2837  1001/1001/1001  1003/1003/1003
f 2839/2839/2839  1001/1001/1001  2837/2837/2837
f 2835/2835/2835  1004/1004/1004  1006/1006/1006
f 2837/2837/2837  1003/1003/1003  2834/2834/2834
f 2832/2832/2832  1006/1006/1006  1008/1008/1008
f 2835/2835/2835  1006/1006/1006  2832/2832/2832
f 2826/2826/2826  1009/1009/1009  1011/1011/1011
f 2830/2830/2830  1009/1009/1009  2826/2826/2826
f 2832/2832/2832  1008/1008/1008  2829/2829/2829
f 2827/2827/2827  1012/1012/1012  2824/2824/2824
f 1174/1174/1174  1016/1016/1016  1013/1013/1013
f 3148/3148/3148  1014/1014/1014  1017/1017/1017
f 2988/2988/2988  1176/1176/1176  1015/1015/1015
f 3148/3148/3148  2987/2987/2987  1014/1014/1014
f 1174/1174/1174  1019/1019/1019  1016/1016/1016
f 3145/3145/3145  1018/1018/1018  1020/1020/1020
f 3149/3149/3149  1018/1018/1018  3145/3145/3145
f 1171/1171/1171  1022/1022/1022  1019/1019/1019
f 3146/3146/3146  1021/1021/1021  1023/1023/1023
f 1174/1174/1174  1171/1171/1171  1019/1019/1019
f 1166/1166/1166  1024/1024/1024  1022/1022/1022
f 3143/3143/3143  1023/1023/1023  1025/1025/1025
f 1169/1169/1169  1166/1166/1166  1022/1022/1022
f 1171/1171/1171  1169/1169/1169  1022/1022/1022
f 3146/3146/3146  1023/1023/1023  3143/3143/3143
f 1164/1164/1164  1027/1027/1027  1024/1024/1024
f 3141/3141/3141  1026/1026/1026  1028/1028/1028
f 1166/1166/1166  1164/1164/1164  1024/1024/1024
f 3143/3143/3143  1025/1025/1025  3140/3140/3140
f 1159/1159/1159  1029/1029/1029  1027/1027/1027
f 3138/3138/3138  1028/1028/1028  1030/1030/1030
f 1162/1162/1162  1159/1159/1159  1027/1027/1027
f 1164/1164/1164  1162/1162/1162  1027/1027/1027
f 3141/3141/3141  1028/1028/1028  3138/3138/3138
f 1155/1155/1155  1031/1031/1031  1029/1029/1029
f 3136/3136/3136  1030/1030/1030  1032/1032/1032
f 1157/1157/1157  1155/1155/1155  1029/1029/1029
f 1159/1159/1159  1157/1157/1157  1029/1029/1029
f 3138/3138/3138  1030/1030/1030  3136/3136/3136
f 1048/1048/1048  1034/1034/1034  1031/1031/1031
f 3134/3134/3134  1033/1033/1033  1035/1035/1035
f 1051/1051/1051  1048/1048/1048  1031/1031/1031
f 1152/1152/1152  1051/1051/1051  1031/1031/1031
f 1155/1155/1155  1152/1152/1152  1031/1031/1031
f 3136/3136/3136  1032/1032/1032  3133/3133/3133
f 1043/1043/1043  1036/1036/1036  1034/1034/1034
f 3131/3131/3131  1035/1035/1035  1037/1037/1037
f 1046/1046/1046  1043/1043/1043  1034/1034/1034
f 1048/1048/1048  1046/1046/1046  1034/1034/1034
f 3134/3134/3134  1035/1035/1035  3131/3131/3131
f 1041/1041/1041  1038/1038/1038  1036/1036/1036
f 3129/3129/3129  1037/1037/1037  1039/1039/1039
f 1043/1043/1043  1041/1041/1041  1036/1036/1036
f 3131/3131/3131  1037/1037/1037  3129/3129/3129
f 3127/3127/3127  1040/1040/1040  1042/1042/1042
f 3129/3129/3129  1039/1039/1039  3126/3126/3126
f 3124/3124/3124  1042/1042/1042  1044/1044/1044
f 3127/3127/3127  1042/1042/1042  3124/3124/3124
f 3122/3122/3122  1045/1045/1045  1047/1047/1047
f 3124/3124/3124  1044/1044/1044  3121/3121/3121
f 3119/3119/3119  1047/1047/1047  1049/1049/1049
f 3122/3122/3122  1047/1047/1047  3119/3119/3119
f 3117/3117/3117  1050/1050/1050  1052/1052/1052
f 3119/3119/3119  1049/1049/1049  3116/3116/3116
f 1147/1147/1147  1053/1053/1053  1051/1051/1051
f 3114/3114/3114  1052/1052/1052  1054/1054/1054
f 1150/1150/1150  1147/1147/1147  1051/1051/1051
f 1152/1152/1152  1150/1150/1150  1051/1051/1051
f 3117/3117/3117  1052/1052/1052  3114/3114/3114
f 1137/1137/1137  1056/1056/1056  1053/1053/1053
f 3108/3108/3108  1055/1055/1055  1057/1057/1057
f 1140/1140/1140  1137/1137/1137  1053/1053/1053
f 1142/1142/1142  1140/1140/1140  1053/1053/1053
f 1145/1145/1145  1142/1142/1142  1053/1053/1053
f 1147/1147/1147  1145/1145/1145  1053/1053/1053
f 3112/3112/3112  1055/1055/1055  3108/3108/3108
f 3114/3114/3114  1054/1054/1054  3111/3111/3111
f 1134/1134/1134  1059/1059/1059  1056/1056/1056
f 3109/3109/3109  1058/1058/1058  1060/1060/1060
f 1137/1137/1137  1134/1134/1134  1056/1056/1056
f 1132/1132/1132  1061/1061/1061  1059/1059/1059
f 3106/3106/3106  1060/1060/1060  1062/1062/1062
f 1134/1134/1134  1132/1132/1132  1059/1059/1059
f 3109/3109/3109  1060/1060/1060  3106/3106/3106
f 1132/1132/1132  1064/1064/1064  1061/1061/1061
f 3104/3104/3104  1063/1063/1063  1065/1065/1065
f 3106/3106/3106  1062/1062/1062  3103/3103/3103
f 1129/1129/1129  1066/1066/1066  1064/1064/1064
f 3101/3101/3101  1065/1065/1065  1067/1067/1067
f 1132/1132/1132  1129/1129/1129  1064/1064/1064
f 3104/3104/3104  1065/1065/1065  3101/3101/3101
f 1129/1129/1129  1069/1069/1069  1066/1066/1066
f 3099/3099/3099  1068/1068/1068  1070/1070/1070
f 3101/3101/3101  1067/1067/1067  3098/3098/3098
f 1129/1129/1129  1071/1071/1071  1069/1069/1069
f 3096/3096/3096  1070/1070/1070  1072/1072/1072
f 3099/3099/3099  1070/1070/1070  3096/3096/3096
f 1127/1127/1127  1074/1074/1074  1071/1071/1071
f 3094/3094/3094  1073/1073/1073  1075/1075/1075
f 1129/1129/1129  1127/1127/1127  1071/1071/1071
f 3096/3096/3096  1072/1072/1072  3093/3093/3093
f 1110/1110/1110  1076/1076/1076  1074/1074/1074
f 3091/3091/3091  1075/1075/1075  1077/1077/1077
f 1112/1112/1112  1110/1110/1110  1074/1074/1074
f 1127/1127/1127  1112/1112/1112  1074/1074/1074
f 3094/3094/3094  1075/1075/1075  3091/3091/3091
f 1110/1110/1110  1078/1078/1078  1076/1076/1076
f 3089/3089/3089  1077/1077/1077  1079/1079/1079
f 3091/3091/3091  1077/1077/1077  3089/3089/3089
f 1107/1107/1107  1081/1081/1081  1078/1078/1078
f 3087/3087/3087  1080/1080/1080  1082/1082/1082
f 1110/1110/1110  1107/1107/1107  1078/1078/1078
f 3089/3089/3089  1079/1079/1079  3086/3086/3086
f 1105/1105/1105  1083/1083/1083  1081/1081/1081
f 3084/3084/3084  1082/1082/1082  1084/1084/1084
f 1107/1107/1107  1105/1105/1105  1081/1081/1081
f 3087/3087/3087  1082/1082/1082  3084/3084/3084
f 1102/1102/1102  1086/1086/1086  1083/1083/1083
f 3082/3082/3082  1085/1085/1085  1087/1087/1087
f 1105/1105/1105  1102/1102/1102  1083/1083/1083
f 3084/3084/3084  1084/1084/1084  3081/3081/3081
f 1100/1100/1100  1088/1088/1088  1086/1086/1086
f 3079/3079/3079  1087/1087/1087  1089/1089/1089
f 1102/1102/1102  1100/1100/1100  1086/1086/1086
f 3082/3082/3082  1087/1087/1087  3079/3079/3079
f 1097/1097/1097  1091/1091/1091  1088/1088/1088
f 3073/3073/3073  1090/1090/1090  1092/1092/1092
f 1100/1100/1100  1097/1097/1097  1088/1088/1088
f 3077/3077/3077  1090/1090/1090  3073/3073/3073
f 3079/3079/3079  1089/1089/1089  3076/3076/3076
f 1097/1097/1097  1094/1094/1094  1091/1091/1091
f 3070/3070/3070  1093/1093/1093  1095/1095/1095
f 3074/3074/3074  1093/1093/1093  3070/3070/3070
f 3067/3067/3067  1096/1096/1096  1098/1098/1098
f 3071/3071/3071  1096/1096/1096  3067/3067/3067
f 3068/3068/3068  1099/1099/1099  1101/1101/1101
f 3065/3065/3065  1101/1101/1101  1103/1103/1103
f 3068/3068/3068  1101/1101/1101  3065/3065/3065
f 3063/3063/3063  1104/1104/1104  1106/1106/1106
f 3065/3065/3065  1103/1103/1103  3062/3062/3062
f 3060/3060/3060  1106/1106/1106  1108/1108/1108
f 3063/3063/3063  1106/1106/1106  3060/3060/3060
f 3058/3058/3058  1109/1109/1109  1111/1111/1111
f 3060/3060/3060  1108/1108/1108  3057/3057/3057
f 3055/3055/3055  1111/1111/1111  1113/1113/1113
f 3058/3058/3058  1111/1111/1111  3055/3055/3055
f 1124/1124/1124  1115/1115/1115  1112/1112/1112
f 3053/3053/3053  1114/1114/1114  1116/1116/1116
f 1127/1127/1127  1124/1124/1124  1112/1112/1112
f 3055/3055/3055  1113/1113/1113  3052/3052/3052
f 1122/1122/1122  1117/1117/1117  1115/1115/1115
f 3050/3050/3050  1116/1116/1116  1118/1118/1118
f 1124/1124/1124  1122/1122/1122  1115/1115/1115
f 3053/3053/3053  1116/1116/1116  3050/3050/3050
f 1122/1122/1122  1119/1119/1119  1117/1117/1117
f 3048/3048/3048  1118/1118/1118  1120/1120/1120
f 3050/3050/3050  1118/1118/1118  3048/3048/3048
f 3046/3046/3046  1121/1121/1121  1123/1123/1123
f 3048/3048/3048  1120/1120/1120  3045/3045/3045
f 3043/3043/3043  1123/1123/1123  1125/1125/1125
f 3046/3046/3046  1123/1123/1123  3043/3043/3043
f 3041/3041/3041  1126/1126/1126  1128/1128/1128
f 3043/3043/3043  1125/1125/1125  3040/3040/3040
f 3038/3038/3038  1128/1128/1128  1130/1130/1130
f 3041/3041/3041  1128/1128/1128  3038/3038/3038
f 3036/3036/3036  1131/1131/1131  1133/1133/1133
f 3038/3038/3038  1130/1130/1130  3035/3035/3035
f 3033/3033/3033  1133/1133/1133  1135/1135/1135
f 3036/3036/3036  1133/1133/1133  3033/3033/3033
f 3027/3027/3027  1136/1136/1136  1138/1138/1138
f 3031/3031/3031  1136/1136/1136  3027/3027/3027
f 3033/3033/3033  1135/1135/1135  3030/3030/3030
f 3028/3028/3028  1139/1139/1139  1141/1141/1141
f 3025/3025/3025  1141/1141/1141  1143/1143/1143
f 3028/3028/3028  1141/1141/1141  3025/3025/3025
f 3023/3023/3023  1144/1144/1144  1146/1146/1146
f 3025/3025/3025  1143/1143/1143  3022/3022/3022
f 3020/3020/3020  1146/1146/1146  1148/1148/1148
f 3023/3023/3023  1146/1146/1146  3020/3020/3020
f 3018/3018/3018  1149/1149/1149  1151/1151/1151
f 3020/3020/3020  1148/1148/1148  3017/3017/3017
f 3015/3015/3015  1151/1151/1151  1153/1153/1153
f 3018/3018/3018  1151/1151/1151  3015/3015/3015
f 3013/3013/3013  1154/1154/1154  1156/1156/1156
f 3015/3015/3015  1153/1153/1153  3012/3012/3012
f 3010/3010/3010  1156/1156/1156  1158/1158/1158
f 3013/3013/3013  1156/1156/1156  3010/3010/3010
f 3008/3008/3008  1158/1158/1158  1160/1160/1160
f 3010/3010/3010  1158/1158/1158  3008/3008/3008
f 3006/3006/3006  1161/1161/1161  1163/1163/1163
f 3008/3008/3008  1160/1160/1160  3005/3005/3005
f 3003/3003/3003  1163/1163/1163  1165/1165/1165
f 3006/3006/3006  1163/1163/1163  3003/3003/3003
f 3001/3001/3001  1165/1165/1165  1167/1167/1167
f 3003/3003/3003  1165/1165/1165  3001/3001/3001
f 2999/2999/2999  1168/1168/1168  1170/1170/1170
f 3001/3001/3001  1167/1167/1167  2998/2998/2998
f 2996/2996/2996  1170/1170/1170  1172/1172/1172
f 2999/2999/2999  1170/1170/1170  2996/2996/2996
f 2990/2990/2990  1173/1173/1173  1175/1175/1175
f 2994/2994/2994  1173/1173/1173  2990/2990/2990
f 2996/2996/2996  1172/1172/1172  2993/2993/2993
f 2991/2991/2991  1176/1176/1176  2988/2988/2988
f 1183/1183/1183  1180/1180/1180  1177/1177/1177
f 3233/3233/3233  1178/1178/1178  1181/1181/1181
f 1259/1259/1259  1183/1183/1183  1177/1177/1177
f 3155/3155/3155  1261/1261/1261  1179/1179/1179
f 3155/3155/3155  1179/1179/1179  3152/3152/3152
f 3233/3233/3233  3151/3151/3151  1178/1178/1178
f 3230/3230/3230  1182/1182/1182  1184/1184/1184
f 3234/3234/3234  1182/1182/1182  3230/3230/3230
f 1259/1259/1259  1186/1186/1186  1183/1183/1183
f 3227/3227/3227  1185/1185/1185  1187/1187/1187
f 3231/3231/3231  1185/1185/1185  3227/3227/3227
f 1259/1259/1259  1189/1189/1189  1186/1186/1186
f 3228/3228/3228  1188/1188/1188  1190/1190/1190
f 1259/1259/1259  1191/1191/1191  1189/1189/1189
f 3225/3225/3225  1190/1190/1190  1192/1192/1192
f 3228/3228/3228  1190/1190/1190  3225/3225/3225
f 1259/1259/1259  1194/1194/1194  1191/1191/1191
f 3219/3219/3219  1193/1193/1193  1195/1195/1195
f 3223/3223/3223  1193/1193/1193  3219/3219/3219
f 3225/3225/3225  1192/1192/1192  3222/3222/3222
f 1290/1290/1290  1197/1197/1197  1194/1194/1194
f 3220/3220/3220  1196/1196/1196  1198/1198/1198
f 1259/1259/1259  1256/1256/1256  1194/1194/1194
f 1262/1262/1262  1194/1194/1194  1256/1256/1256
f 1290/1290/1290  1194/1194/1194  1262/1262/1262
f 1228/1228/1228  1200/1200/1200  1197/1197/1197
f 3213/3213/3213  1199/1199/1199  1201/1201/1201
f 1230/1230/1230  1228/1228/1228  1197/1197/1197
f 1232/1232/1232  1230/1230/1230  1197/1197/1197
f 1234/1234/1234  1232/1232/1232  1197/1197/1197
f 1236/1236/1236  1234/1234/1234  1197/1197/1197
f 1238/1238/1238  1236/1236/1236  1197/1197/1197
f 1240/1240/1240  1238/1238/1238  1197/1197/1197
f 1242/1242/1242  1240/1240/1240  1197/1197/1197
f 1245/1245/1245  1242/1242/1242  1197/1197/1197
f 1290/1290/1290  1245/1245/1245  1197/1197/1197
f 3217/3217/3217  1199/1199/1199  3213/3213/3213
f 3220/3220/3220  1198/1198/1198  3216/3216/3216
f 1221/1221/1221  1203/1203/1203  1200/1200/1200
f 3210/3210/3210  1202/1202/1202  1204/1204/1204
f 1224/1224/1224  1221/1221/1221  1200/1200/1200
f 1226/1226/1226  1224/1224/1224  1200/1200/1200
f 1228/1228/1228  1226/1226/1226  1200/1200/1200
f 3214/3214/3214  1202/1202/1202  3210/3210/3210
f 1209/1209/1209  1206/1206/1206  1203/1203/1203
f 3207/3207/3207  1205/1205/1205  1207/1207/1207
f 1212/1212/1212  1209/1209/1209  1203/1203/1203
f 1215/1215/1215  1212/1212/1212  1203/1203/1203
f 1217/1217/1217  1215/1215/1215  1203/1203/1203
f 1219/1219/1219  1217/1217/1217  1203/1203/1203
f 1221/1221/1221  1219/1219/1219  1203/1203/1203
f 3211/3211/3211  1205/1205/1205  3207/3207/3207
f 3204/3204/3204  1208/1208/1208  1210/1210/1210
f 3208/3208/3208  1208/1208/1208  3204/3204/3204
f 3201/3201/3201  1211/1211/1211  1213/1213/1213
f 3205/3205/3205  1211/1211/1211  3201/3201/3201
f 3202/3202/3202  1214/1214/1214  1216/1216/1216
f 3199/3199/3199  1216/1216/1216  1218/1218/1218
f 3202/3202/3202  1216/1216/1216  3199/3199/3199
f 3197/3197/3197  1218/1218/1218  1220/1220/1220
f 3199/3199/3199  1218/1218/1218  3197/3197/3197
f 3195/3195/3195  1220/1220/1220  1222/1222/1222
f 3197/3197/3197  1220/1220/1220  3195/3195/3195
f 3193/3193/3193  1223/1223/1223  1225/1225/1225
f 3195/3195/3195  1222/1222/1222  3192/3192/3192
f 3190/3190/3190  1225/1225/1225  1227/1227/1227
f 3193/3193/3193  1225/1225/1225  3190/3190/3190
f 3188/3188/3188  1227/1227/1227  1229/1229/1229
f 3190/3190/3190  1227/1227/1227  3188/3188/3188
f 3186/3186/3186  1229/1229/1229  1231/1231/1231
f 3188/3188/3188  1229/1229/1229  3186/3186/3186
f 3184/3184/3184  1231/1231/1231  1233/1233/1233
f 3186/3186/3186  1231/1231/1231  3184/3184/3184
f 3182/3182/3182  1233/1233/1233  1235/1235/1235
f 3184/3184/3184  1233/1233/1233  3182/3182/3182
f 3180/3180/3180  1235/1235/1235  1237/1237/1237
f 3182/3182/3182  1235/1235/1235  3180/3180/3180
f 3178/3178/3178  1237/1237/1237  1239/1239/1239
f 3180/3180/3180  1237/1237/1237  3178/3178/3178
f 3176/3176/3176  1239/1239/1239  1241/1241/1241
f 3178/3178/3178  1239/1239/1239  3176/3176/3176
f 3174/3174/3174  1241/1241/1241  1243/1243/1243
f 3176/3176/3176  1241/1241/1241  3174/3174/3174
f 3168/3168/3168  1244/1244/1244  1246/1246/1246
f 3172/3172/3172  1244/1244/1244  3168/3168/3168
f 3174/3174/3174  1243/1243/1243  3171/3171/3171
f 1281/1281/1281  1248/1248/1248  1245/1245/1245
f 3165/3165/3165  1247/1247/1247  1249/1249/1249
f 1284/1284/1284  1281/1281/1281  1245/1245/1245
f 1287/1287/1287  1284/1284/1284  1245/1245/1245
f 1290/1290/1290  1287/1287/1287  1245/1245/1245
f 3169/3169/3169  1247/1247/1247  3165/3165/3165
f 1276/1276/1276  1251/1251/1251  1248/1248/1248
f 3162/3162/3162  1250/1250/1250  1252/1252/1252
f 1278/1278/1278  1276/1276/1276  1248/1248/1248
f 1281/1281/1281  1278/1278/1278  1248/1248/1248
f 3166/3166/3166  1250/1250/1250  3162/3162/3162
f 1274/1274/1274  1254/1254/1254  1251/1251/1251
f 3163/3163/3163  1253/1253/1253  1255/1255/1255
f 1276/1276/1276  1274/1274/1274  1251/1251/1251
f 1272/1272/1272  1256/1256/1256  1254/1254/1254
f 3160/3160/3160  1255/1255/1255  1257/1257/1257
f 1274/1274/1274  1272/1272/1272  1254/1254/1254
f 3163/3163/3163  1255/1255/1255  3160/3160/3160
f 3158/3158/3158  1258/1258/1258  1260/1260/1260
f 1265/1265/1265  1262/1262/1262  1256/1256/1256
f 1268/1268/1268  1265/1265/1265  1256/1256/1256
f 1270/1270/1270  1268/1268/1268  1256/1256/1256
f 1272/1272/1272  1270/1270/1270  1256/1256/1256
f 3160/3160/3160  1257/1257/1257  3157/3157/3157
f 3158/3158/3158  1260/1260/1260  3154/3154/3154
f 3264/3264/3264  1263/1263/1263  1266/1266/1266
f 3237/3237/3237  1292/1292/1292  1264/1264/1264
f 3264/3264/3264  3236/3236/3236  1263/1263/1263
f 3265/3265/3265  1267/1267/1267  1269/1269/1269
f 3262/3262/3262  1269/1269/1269  1271/1271/1271
f 3265/3265/3265  1269/1269/1269  3262/3262/3262
f 3260/3260/3260  1271/1271/1271  1273/1273/1273
f 3262/3262/3262  1271/1271/1271  3260/3260/3260
f 3258/3258/3258  1273/1273/1273  1275/1275/1275
f 3260/3260/3260  1273/1273/1273  3258/3258/3258
f 3256/3256/3256  1275/1275/1275  1277/1277/1277
f 3258/3258/3258  1275/1275/1275  3256/3256/3256
f 3254/3254/3254  1277/1277/1277  1279/1279/1279
f 3256/3256/3256  1277/1277/1277  3254/3254/3254
f 3248/3248/3248  1280/1280/1280  1282/1282/1282
f 3252/3252/3252  1280/1280/1280  3248/3248/3248
f 3254/3254/3254  1279/1279/1279  3251/3251/3251
f 3245/3245/3245  1283/1283/1283  1285/1285/1285
f 3249/3249/3249  1283/1283/1283  3245/3245/3245
f 3242/3242/3242  1286/1286/1286  1288/1288/1288
f 3246/3246/3246  1286/1286/1286  3242/3242/3242
f 3239/3239/3239  1289/1289/1289  1291/1291/1291
f 3243/3243/3243  1289/1289/1289  3239/3239/3239
f 3240/3240/3240  1292/1292/1292  3237/3237/3237
f 1313/1313/1313  1296/1296/1296  1293/1293/1293
f 3326/3326/3326  1294/1294/1294  1297/1297/1297
f 1353/1353/1353  1313/1313/1313  1293/1293/1293
f 3270/3270/3270  1354/1354/1354  1295/1295/1295
f 3270/3270/3270  1295/1295/1295  3268/3268/3268
f 3326/3326/3326  3267/3267/3267  1294/1294/1294
f 1305/1305/1305  1299/1299/1299  1296/1296/1296
f 3327/3327/3327  1298/1298/1298  1300/1300/1300
f 1308/1308/1308  1305/1305/1305  1296/1296/1296
f 1310/1310/1310  1308/1308/1308  1296/1296/1296
f 1313/1313/1313  1310/1310/1310  1296/1296/1296
f 1305/1305/1305  1302/1302/1302  1299/1299/1299
f 3320/3320/3320  1301/1301/1301  1303/1303/1303
f 3324/3324/3324  1301/1301/1301  3320/3320/3320
f 3327/3327/3327  1300/1300/1300  3323/3323/3323
f 3317/3317/3317  1304/1304/1304  1306/1306/1306
f 3321/3321/3321  1304/1304/1304  3317/3317/3317
f 3318/3318/3318  1307/1307/1307  1309/1309/1309
f 3315/3315/3315  1309/1309/1309  1311/1311/1311
f 3318/3318/3318  1309/1309/1309  3315/3315/3315
f 3309/3309/3309  1312/1312/1312  1314/1314/1314
f 3313/3313/3313  1312/1312/1312  3309/3309/3309
f 3315/3315/3315  1311/1311/1311  3312/3312/3312
f 1333/1333/1333  1316/1316/1316  1313/1313/1313
f 3306/3306/3306  1315/1315/1315  1317/1317/1317
f 1336/1336/1336  1333/1333/1333  1313/1313/1313
f 1339/1339/1339  1336/1336/1336  1313/1313/1313
f 1341/1341/1341  1339/1339/1339  1313/1313/1313
f 1343/1343/1343  1341/1341/1341  1313/1313/1313
f 1345/1345/1345  1343/1343/1343  1313/1313/1313
f 1347/1347/1347  1345/1345/1345  1313/1313/1313
f 1350/1350/1350  1347/1347/1347  1313/1313/1313
f 1353/1353/1353  1350/1350/1350  1313/1313/1313
f 3310/3310/3310  1315/1315/1315  3306/3306/3306
f 1333/1333/1333  1319/1319/1319  1316/1316/1316
f 3307/3307/3307  1318/1318/1318  1320/1320/1320
f 1333/1333/1333  1322/1322/1322  1319/1319/1319
f 3304/3304/3304  1321/1321/1321  1323/1323/1323
f 3307/3307/3307  1320/1320/1320  3303/3303/3303
f 1333/1333/1333  1324/1324/1324  1322/1322/1322
f 3301/3301/3301  1323/1323/1323  1325/1325/1325
f 3304/3304/3304  1323/1323/1323  3301/3301/3301
f 1333/1333/1333  1327/1327/1327  1324/1324/1324
f 3295/3295/3295  1326/1326/1326  1328/1328/1328
f 3299/3299/3299  1326/1326/1326  3295/3295/3295
f 3301/3301/3301  1325/1325/1325  3298/3298/3298
f 1333/1333/1333  1330/1330/1330  1327/1327/1327
f 3292/3292/3292  1329/1329/1329  1331/1331/1331
f 3296/3296/3296  1329/1329/1329  3292/3292/3292
f 3289/3289/3289  1332/1332/1332  1334/1334/1334
f 3293/3293/3293  1332/1332/1332  3289/3289/3289
f 3286/3286/3286  1335/1335/1335  1337/1337/1337
f 3290/3290/3290  1335/1335/1335  3286/3286/3286
f 3287/3287/3287  1338/1338/1338  1340/1340/1340
f 3284/3284/3284  1340/1340/1340  1342/1342/1342
f 3287/3287/3287  1340/1340/1340  3284/3284/3284
f 3282/3282/3282  1342/1342/1342  1344/1344/1344
f 3284/3284/3284  1342/1342/1342  3282/3282/3282
f 3280/3280/3280  1344/1344/1344  1346/1346/1346
f 3282/3282/3282  1344/1344/1344  3280/3280/3280
f 3278/3278/3278  1346/1346/1346  1348/1348/1348
f 3280/3280/3280  1346/1346/1346  3278/3278/3278
f 3276/3276/3276  1349/1349/1349  1351/1351/1351
f 3278/3278/3278  1348/1348/1348  3275/3275/3275
f 3273/3273/3273  1352/1352/1352  1354/1354/1354
f 3276/3276/3276  1351/1351/1351  3272/3272/3272
f 3273/3273/3273  1354/1354/1354  3270/3270/3270
f 1361/1361/1361  1358/1358/1358  1355/1355/1355
f 3555/3555/3555  1356/1356/1356  1359/1359/1359
f 1581/1581/1581  1361/1361/1361  1355/1355/1355
f 3333/3333/3333  1583/1583/1583  1357/1357/1357
f 3333/3333/3333  1357/1357/1357  3330/3330/3330
f 3555/3555/3555  3329/3329/3329  1356/1356/1356
f 3552/3552/3552  1360/1360/1360  1362/1362/1362
f 3556/3556/3556  1360/1360/1360  3552/3552/3552
f 1575/1575/1575  1364/1364/1364  1361/1361/1361
f 3549/3549/3549  1363/1363/1363  1365/1365/1365
f 1577/1577/1577  1575/1575/1575  1361/1361/1361
f 1579/1579/1579  1577/1577/1577  1361/1361/1361
f 1581/1581/1581  1579/1579/1579  1361/1361/1361
f 3553/3553/3553  1363/1363/1363  3549/3549/3549
f 1571/1571/1571  1367/1367/1367  1364/1364/1364
f 3546/3546/3546  1366/1366/1366  1368/1368/1368
f 1573/1573/1573  1571/1571/1571  1364/1364/1364
f 1575/1575/1575  1573/1573/1573  1364/1364/1364
f 3550/3550/3550  1366/1366/1366  3546/3546/3546
f 1567/1567/1567  1370/1370/1370  1367/1367/1367
f 3543/3543/3543  1369/1369/1369  1371/1371/1371
f 1569/1569/1569  1567/1567/1567  1367/1367/1367
f 1571/1571/1571  1569/1569/1569  1367/1367/1367
f 3547/3547/3547  1369/1369/1369  3543/3543/3543
f 1552/1552/1552  1373/1373/1373  1370/1370/1370
f 3540/3540/3540  1372/1372/1372  1374/1374/1374
f 1555/1555/1555  1552/1552/1552  1370/1370/1370
f 1558/1558/1558  1555/1555/1555  1370/1370/1370
f 1560/1560/1560  1558/1558/1558  1370/1370/1370
f 1563/1563/1563  1560/1560/1560  1370/1370/1370
f 1565/1565/1565  1563/1563/1563  1370/1370/1370
f 1567/1567/1567  1565/1565/1565  1370/1370/1370
f 3544/3544/3544  1372/1372/1372  3540/3540/3540
f 1552/1552/1552  1376/1376/1376  1373/1373/1373
f 3541/3541/3541  1375/1375/1375  1377/1377/1377
f 1546/1546/1546  1379/1379/1379  1376/1376/1376
f 3538/3538/3538  1378/1378/1378  1380/1380/1380
f 1549/1549/1549  1546/1546/1546  1376/1376/1376
f 1552/1552/1552  1549/1549/1549  1376/1376/1376
f 3541/3541/3541  1377/1377/1377  3537/3537/3537
f 1541/1541/1541  1382/1382/1382  1379/1379/1379
f 3531/3531/3531  1381/1381/1381  1383/1383/1383
f 1544/1544/1544  1541/1541/1541  1379/1379/1379
f 1546/1546/1546  1544/1544/1544  1379/1379/1379
f 3535/3535/3535  1381/1381/1381  3531/3531/3531
f 3538/3538/3538  1380/1380/1380  3534/3534/3534
f 1538/1538/1538  1385/1385/1385  1382/1382/1382
f 3528/3528/3528  1384/1384/1384  1386/1386/1386
f 1541/1541/1541  1538/1538/1538  1382/1382/1382
f 3532/3532/3532  1384/1384/1384  3528/3528/3528
f 1538/1538/1538  1388/1388/1388  1385/1385/1385
f 3525/3525/3525  1387/1387/1387  1389/1389/1389
f 3529/3529/3529  1387/1387/1387  3525/3525/3525
f 1538/1538/1538  1391/1391/1391  1388/1388/1388
f 3522/3522/3522  1390/1390/1390  1392/1392/1392
f 3526/3526/3526  1390/1390/1390  3522/3522/3522
f 1530/1530/1530  1394/1394/1394  1391/1391/1391
f 3519/3519/3519  1393/1393/1393  1395/1395/1395
f 1533/1533/1533  1530/1530/1530  1391/1391/1391
f 1536/1536/1536  1533/1533/1533  1391/1391/1391
f 1538/1538/1538  1536/1536/1536  1391/1391/1391
f 3523/3523/3523  1393/1393/1393  3519/3519/3519
f 1524/1524/1524  1397/1397/1397  1394/1394/1394
f 3516/3516/3516  1396/1396/1396  1398/1398/1398
f 1527/1527/1527  1524/1524/1524  1394/1394/1394
f 1530/1530/1530  1527/1527/1527  1394/1394/1394
f 3520/3520/3520  1396/1396/1396  3516/3516/3516
f 1521/1521/1521  1400/1400/1400  1397/1397/1397
f 3517/3517/3517  1399/1399/1399  1401/1401/1401
f 1524/1524/1524  1521/1521/1521  1397/1397/1397
f 1519/1519/1519  1402/1402/1402  1400/1400/1400
f 3514/3514/3514  1401/1401/1401  1403/1403/1403
f 1521/1521/1521  1519/1519/1519  1400/1400/1400
f 3517/3517/3517  1401/1401/1401  3514/3514/3514
f 1513/1513/1513  1404/1404/1404  1402/1402/1402
f 3512/3512/3512  1403/1403/1403  1405/1405/1405
f 1515/1515/1515  1513/1513/1513  1402/1402/1402
f 1517/1517/1517  1515/1515/1515  1402/1402/1402
f 1519/1519/1519  1517/1517/1517  1402/1402/1402
f 3514/3514/3514  1403/1403/1403  3512/3512/3512
f 1509/1509/1509  1406/1406/1406  1404/1404/1404
f 3510/3510/3510  1405/1405/1405  1407/1407/1407
f 1511/1511/1511  1509/1509/1509  1404/1404/1404
f 1513/1513/1513  1511/1511/1511  1404/1404/1404
f 3512/3512/3512  1405/1405/1405  3510/3510/3510
f 1496/1496/1496  1409/1409/1409  1406/1406/1406
f 3504/3504/3504  1408/1408/1408  1410/1410/1410
f 1499/1499/1499  1496/1496/1496  1406/1406/1406
f 1501/1501/1501  1499/1499/1499  1406/1406/1406
f 1503/1503/1503  1501/1501/1501  1406/1406/1406
f 1505/1505/1505  1503/1503/1503  1406/1406/1406
f 1507/1507/1507  1505/1505/1505  1406/1406/1406
f 1509/1509/1509  1507/1507/1507  1406/1406/1406
f 3508/3508/3508  1408/1408/1408  3504/3504/3504
f 3510/3510/3510  1407/1407/1407  3507/3507/3507
f 1493/1493/1493  1412/1412/1412  1409/1409/1409
f 3505/3505/3505  1411/1411/1411  1413/1413/1413
f 1496/1496/1496  1493/1493/1493  1409/1409/1409
f 1493/1493/1493  1414/1414/1414  1412/1412/1412
f 3502/3502/3502  1413/1413/1413  1415/1415/1415
f 3505/3505/3505  1413/1413/1413  3502/3502/3502
f 1493/1493/1493  1416/1416/1416  1414/1414/1414
f 3500/3500/3500  1415/1415/1415  1417/1417/1417
f 3502/3502/3502  1415/1415/1415  3500/3500/3500
f 1493/1493/1493  1418/1418/1418  1416/1416/1416
f 3498/3498/3498  1417/1417/1417  1419/1419/1419
f 3500/3500/3500  1417/1417/1417  3498/3498/3498
f 1493/1493/1493  1420/1420/1420  1418/1418/1418
f 3496/3496/3496  1419/1419/1419  1421/1421/1421
f 3498/3498/3498  1419/1419/1419  3496/3496/3496
f 1493/1493/1493  1422/1422/1422  1420/1420/1420
f 3494/3494/3494  1421/1421/1421  1423/1423/1423
f 3496/3496/3496  1421/1421/1421  3494/3494/3494
f 1493/1493/1493  1424/1424/1424  1422/1422/1422
f 3492/3492/3492  1423/1423/1423  1425/1425/1425
f 3494/3494/3494  1423/1423/1423  3492/3492/3492
f 1493/1493/1493  1426/1426/1426  1424/1424/1424
f 3490/3490/3490  1425/1425/1425  1427/1427/1427
f 3492/3492/3492  1425/1425/1425  3490/3490/3490
f 1493/1493/1493  1428/1428/1428  1426/1426/1426
f 3488/3488/3488  1427/1427/1427  1429/1429/1429
f 3490/3490/3490  1427/1427/1427  3488/3488/3488
f 1493/1493/1493  1431/1431/1431  1428/1428/1428
f 3482/3482/3482  1430/1430/1430  1432/1432/1432
f 3486/3486/3486  1430/1430/1430  3482/3482/3482
f 3488/3488/3488  1429/1429/1429  3485/3485/3485
f 1443/1443/1443  1434/1434/1434  1431/1431/1431
f 3483/3483/3483  1433/1433/1433  1435/1435/1435
f 1446/1446/1446  1443/1443/1443  1431/1431/1431
f 1449/1449/1449  1446/1446/1446  1431/1431/1431
f 1451/1451/1451  1449/1449/1449  1431/1431/1431
f 1453/1453/1453  1451/1451/1451  1431/1431/1431
f 1455/1455/1455  1453/1453/1453  1431/1431/1431
f 1431/1431/1431  1461/1461/1461  1458/1458/1458
f 1463/1463/1463  1461/1461/1461  1431/1431/1431
f 1465/1465/1465  1463/1463/1463  1431/1431/1431
f 1467/1467/1467  1465/1465/1465  1431/1431/1431
f 1469/1469/1469  1467/1467/1467  1431/1431/1431
f 1471/1471/1471  1469/1469/1469  1431/1431/1431
f 1473/1473/1473  1471/1471/1471  1431/1431/1431
f 1475/1475/1475  1473/1473/1473  1431/1431/1431
f 1477/1477/1477  1475/1475/1475  1431/1431/1431
f 1479/1479/1479  1477/1477/1477  1431/1431/1431
f 1481/1481/1481  1479/1479/1479  1431/1431/1431
f 1483/1483/1483  1481/1481/1481  1431/1431/1431
f 1485/1485/1485  1483/1483/1483  1431/1431/1431
f 1487/1487/1487  1485/1485/1485  1431/1431/1431
f 1490/1490/1490  1487/1487/1487  1431/1431/1431
f 1493/1493/1493  1490/1490/1490  1431/1431/1431
f 1443/1443/1443  1437/1437/1437  1434/1434/1434
f 3480/3480/3480  1436/1436/1436  1438/1438/1438
f 3483/3483/3483  1435/1435/1435  3479/3479/3479
f 1443/1443/1443  1440/1440/1440  1437/1437/1437
f 3473/3473/3473  1439/1439/1439  1441/1441/1441
f 3477/3477/3477  1439/1439/1439  3473/3473/3473
f 3480/3480/3480  1438/1438/1438  3476/3476/3476
f 3470/3470/3470  1442/1442/1442  1444/1444/1444
f 3474/3474/3474  1442/1442/1442  3470/3470/3470
f 3467/3467/3467  1445/1445/1445  1447/1447/1447
f 3471/3471/3471  1445/1445/1445  3467/3467/3467
f 3468/3468/3468  1448/1448/1448  1450/1450/1450
f 3465/3465/3465  1450/1450/1450  1452/1452/1452
f 3468/3468/3468  1450/1450/1450  3465/3465/3465
f 3463/3463/3463  1452/1452/1452  1454/1454/1454
f 3465/3465/3465  1452/1452/1452  3463/3463/3463
f 3461/3461/3461  1454/1454/1454  1456/1456/1456
f 3463/3463/3463  1454/1454/1454  3461/3461/3461
f 1458/1458/1458  1455/1455/1455  1431/1431/1431
f 3455/3455/3455  1457/1457/1457  1459/1459/1459
f 3459/3459/3459  1457/1457/1457  3455/3455/3455
f 3461/3461/3461  1456/1456/1456  3458/3458/3458
f 3456/3456/3456  1460/1460/1460  1462/1462/1462
f 3453/3453/3453  1462/1462/1462  1464/1464/1464
f 3456/3456/3456  1462/1462/1462  3453/3453/3453
f 3451/3451/3451  1464/1464/1464  1466/1466/1466
f 3453/3453/3453  1464/1464/1464  3451/3451/3451
f 3449/3449/3449  1466/1466/1466  1468/1468/1468
f 3451/3451/3451  1466/1466/1466  3449/3449/3449
f 3447/3447/3447  1468/1468/1468  1470/1470/1470
f 3449/3449/3449  1468/1468/1468  3447/3447/3447
f 3445/3445/3445  1470/1470/1470  1472/1472/1472
f 3447/3447/3447  1470/1470/1470  3445/3445/3445
f 3443/3443/3443  1472/1472/1472  1474/1474/1474
f 3445/3445/3445  1472/1472/1472  3443/3443/3443
f 3441/3441/3441  1474/1474/1474  1476/1476/1476
f 3443/3443/3443  1474/1474/1474  3441/3441/3441
f 3439/3439/3439  1476/1476/1476  1478/1478/1478
f 3441/3441/3441  1476/1476/1476  3439/3439/3439
f 3437/3437/3437  1478/1478/1478  1480/1480/1480
f 3439/3439/3439  1478/1478/1478  3437/3437/3437
f 3435/3435/3435  1480/1480/1480  1482/1482/1482
f 3437/3437/3437  1480/1480/1480  3435/3435/3435
f 3433/3433/3433  1482/1482/1482  1484/1484/1484
f 3435/3435/3435  1482/1482/1482  3433/3433/3433
f 3431/3431/3431  1484/1484/1484  1486/1486/1486
f 3433/3433/3433  1484/1484/1484  3431/3431/3431
f 3429/3429/3429  1486/1486/1486  1488/1488/1488
f 3431/3431/3431  1486/1486/1486  3429/3429/3429
f 3423/3423/3423  1489/1489/1489  1491/1491/1491
f 3427/3427/3427  1489/1489/1489  3423/3423/3423
f 3429/3429/3429  1488/1488/1488  3426/3426/3426
f 3420/3420/3420  1492/1492/1492  1494/1494/1494
f 3424/3424/3424  1492/1492/1492  3420/3420/3420
f 3417/3417/3417  1495/1495/1495  1497/1497/1497
f 3421/3421/3421  1495/1495/1495  3417/3417/3417
f 3418/3418/3418  1498/1498/1498  1500/1500/1500
f 3415/3415/3415  1500/1500/1500  1502/1502/1502
f 3418/3418/3418  1500/1500/1500  3415/3415/3415
f 3413/3413/3413  1502/1502/1502  1504/1504/1504
f 3415/3415/3415  1502/1502/1502  3413/3413/3413
f 3411/3411/3411  1504/1504/1504  1506/1506/1506
f 3413/3413/3413  1504/1504/1504  3411/3411/3411
f 3409/3409/3409  1506/1506/1506  1508/1508/1508
f 3411/3411/3411  1506/1506/1506  3409/3409/3409
f 3407/3407/3407  1508/1508/1508  1510/1510/1510
f 3409/3409/3409  1508/1508/1508  3407/3407/3407
f 3405/3405/3405  1510/1510/1510  1512/1512/1512
f 3407/3407/3407  1510/1510/1510  3405/3405/3405
f 3403/3403/3403  1512/1512/1512  1514/1514/1514
f 3405/3405/3405  1512/1512/1512  3403/3403/3403
f 3401/3401/3401  1514/1514/1514  1516/1516/1516
f 3403/3403/3403  1514/1514/1514  3401/3401/3401
f 3399/3399/3399  1516/1516/1516  1518/1518/1518
f 3401/3401/3401  1516/1516/1516  3399/3399/3399
f 3397/3397/3397  1518/1518/1518  1520/1520/1520
f 3399/3399/3399  1518/1518/1518  3397/3397/3397
f 3395/3395/3395  1520/1520/1520  1522/1522/1522
f 3397/3397/3397  1520/1520/1520  3395/3395/3395
f 3389/3389/3389  1523/1523/1523  1525/1525/1525
f 3393/3393/3393  1523/1523/1523  3389/3389/3389
f 3395/3395/3395  1522/1522/1522  3392/3392/3392
f 3386/3386/3386  1526/1526/1526  1528/1528/1528
f 3390/3390/3390  1526/1526/1526  3386/3386/3386
f 3383/3383/3383  1529/1529/1529  1531/1531/1531
f 3387/3387/3387  1529/1529/1529  3383/3383/3383
f 3380/3380/3380  1532/1532/1532  1534/1534/1534
f 3384/3384/3384  1532/1532/1532  3380/3380/3380
f 3381/3381/3381  1535/1535/1535  1537/1537/1537
f 3378/3378/3378  1537/1537/1537  1539/1539/1539
f 3381/3381/3381  1537/1537/1537  3378/3378/3378
f 3372/3372/3372  1540/1540/1540  1542/1542/1542
f 3376/3376/3376  1540/1540/1540  3372/3372/3372
f 3378/3378/3378  1539/1539/1539  3375/3375/3375
f 3373/3373/3373  1543/1543/1543  1545/1545/1545
f 3370/3370/3370  1545/1545/1545  1547/1547/1547
f 3373/3373/3373  1545/1545/1545  3370/3370/3370
f 3364/3364/3364  1548/1548/1548  1550/1550/1550
f 3368/3368/3368  1548/1548/1548  3364/3364/3364
f 3370/3370/3370  1547/1547/1547  3367/3367/3367
f 3361/3361/3361  1551/1551/1551  1553/1553/1553
f 3365/3365/3365  1551/1551/1551  3361/3361/3361
f 3358/3358/3358  1554/1554/1554  1556/1556/1556
f 3362/3362/3362  1554/1554/1554  3358/3358/3358
f 3359/3359/3359  1557/1557/1557  1559/1559/1559
f 3356/3356/3356  1559/1559/1559  1561/1561/1561
f 3359/3359/3359  1559/1559/1559  3356/3356/3356
f 3354/3354/3354  1562/1562/1562  1564/1564/1564
f 3356/3356/3356  1561/1561/1561  3353/3353/3353
f 3351/3351/3351  1564/1564/1564  1566/1566/1566
f 3354/3354/3354  1564/1564/1564  3351/3351/3351
f 3349/3349/3349  1566/1566/1566  1568/1568/1568
f 3351/3351/3351  1566/1566/1566  3349/3349/3349
f 3347/3347/3347  1568/1568/1568  1570/1570/1570
f 3349/3349/3349  1568/1568/1568  3347/3347/3347
f 3345/3345/3345  1570/1570/1570  1572/1572/1572
f 3347/3347/3347  1570/1570/1570  3345/3345/3345
f 3343/3343/3343  1572/1572/1572  1574/1574/1574
f 3345/3345/3345  1572/1572/1572  3343/3343/3343
f 3341/3341/3341  1574/1574/1574  1576/1576/1576
f 3343/3343/3343  1574/1574/1574  3341/3341/3341
f 3339/3339/3339  1576/1576/1576  1578/1578/1578
f 3341/3341/3341  1576/1576/1576  3339/3339/3339
f 3337/3337/3337  1578/1578/1578  1580/1580/1580
f 3339/3339/3339  1578/1578/1578  3337/3337/3337
f 3335/3335/3335  1580/1580/1580  1582/1582/1582
f 3337/3337/3337  1580/1580/1580  3335/3335/3335
f 3335/3335/3335  1582/1582/1582  3332/3332/3332
f 1590/1590/1590  1587/1587/1587  1584/1584/1584
f 3640/3640/3640  1585/1585/1585  1588/1588/1588
f 1666/1666/1666  1590/1590/1590  1584/1584/1584
f 3562/3562/3562  1668/1668/1668  1586/1586/1586
f 3562/3562/3562  1586/1586/1586  3559/3559/3559
f 3640/3640/3640  3558/3558/3558  1585/1585/1585
f 3637/3637/3637  1589/1589/1589  1591/1591/1591
f 3641/3641/3641  1589/1589/1589  3637/3637/3637
f 1666/1666/1666  1593/1593/1593  1590/1590/1590
f 3634/3634/3634  1592/1592/1592  1594/1594/1594
f 3638/3638/3638  1592/1592/1592  3634/3634/3634
f 1666/1666/1666  1596/1596/1596  1593/1593/1593
f 3635/3635/3635  1595/1595/1595  1597/1597/1597
f 1666/1666/1666  1598/1598/1598  1596/1596/1596
f 3632/3632/3632  1597/1597/1597  1599/1599/1599
f 3635/3635/3635  1597/1597/1597  3632/3632/3632
f 1666/1666/1666  1601/1601/1601  1598/1598/1598
f 3626/3626/3626  1600/1600/1600  1602/1602/1602
f 3630/3630/3630  1600/1600/1600  3626/3626/3626
f 3632/3632/3632  1599/1599/1599  3629/3629/3629
f 1697/1697/1697  1604/1604/1604  1601/1601/1601
f 3627/3627/3627  1603/1603/1603  1605/1605/1605
f 1666/1666/1666  1663/1663/1663  1601/1601/1601
f 1669/1669/1669  1601/1601/1601  1663/1663/1663
f 1697/1697/1697  1601/1601/1601  1669/1669/1669
f 1635/1635/1635  1607/1607/1607  1604/1604/1604
f 3620/3620/3620  1606/1606/1606  1608/1608/1608
f 1637/1637/1637  1635/1635/1635  1604/1604/1604
f 1639/1639/1639  1637/1637/1637  1604/1604/1604
f 1641/1641/1641  1639/1639/1639  1604/1604/1604
f 1643/1643/1643  1641/1641/1641  1604/1604/1604
f 1645/1645/1645  1643/1643/1643  1604/1604/1604
f 1647/1647/1647  1645/1645/1645  1604/1604/1604
f 1649/1649/1649  1647/1647/1647  1604/1604/1604
f 1652/1652/1652  1649/1649/1649  1604/1604/1604
f 1697/1697/1697  1652/1652/1652  1604/1604/1604
f 3624/3624/3624  1606/1606/1606  3620/3620/3620
f 3627/3627/3627  1605/1605/1605  3623/3623/3623
f 1628/1628/1628  1610/1610/1610  1607/1607/1607
f 3617/3617/3617  1609/1609/1609  1611/1611/1611
f 1631/1631/1631  1628/1628/1628  1607/1607/1607
f 1633/1633/1633  1631/1631/1631  1607/1607/1607
f 1635/1635/1635  1633/1633/1633  1607/1607/1607
f 3621/3621/3621  1609/1609/1609  3617/3617/3617
f 1616/1616/1616  1613/1613/1613  1610/1610/1610
f 3614/3614/3614  1612/1612/1612  1614/1614/1614
f 1619/1619/1619  1616/1616/1616  1610/1610/1610
f 1622/1622/1622  1619/1619/1619  1610/1610/1610
f 1624/1624/1624  1622/1622/1622  1610/1610/1610
f 1626/1626/1626  1624/1624/1624  1610/1610/1610
f 1628/1628/1628  1626/1626/1626  1610/1610/1610
f 3618/3618/3618  1612/1612/1612  3614/3614/3614
f 3611/3611/3611  1615/1615/1615  1617/1617/1617
f 3615/3615/3615  1615/1615/1615  3611/3611/3611
f 3608/3608/3608  1618/1618/1618  1620/1620/1620
f 3612/3612/3612  1618/1618/1618  3608/3608/3608
f 3609/3609/3609  1621/1621/1621  1623/1623/1623
f 3606/3606/3606  1623/1623/1623  1625/1625/1625
f 3609/3609/3609  1623/1623/1623  3606/3606/3606
f 3604/3604/3604  1625/1625/1625  1627/1627/1627
f 3606/3606/3606  1625/1625/1625  3604/3604/3604
f 3602/3602/3602  1627/1627/1627  1629/1629/1629
f 3604/3604/3604  1627/1627/1627  3602/3602/3602
f 3600/3600/3600  1630/1630/1630  1632/1632/1632
f 3602/3602/3602  1629/1629/1629  3599/3599/3599
f 3597/3597/3597  1632/1632/1632  1634/1634/1634
f 3600/3600/3600  1632/1632/1632  3597/3597/3597
f 3595/3595/3595  1634/1634/1634  1636/1636/1636
f 3597/3597/3597  1634/1634/1634  3595/3595/3595
f 3593/3593/3593  1636/1636/1636  1638/1638/1638
f 3595/3595/3595  1636/1636/1636  3593/3593/3593
f 3591/3591/3591  1638/1638/1638  1640/1640/1640
f 3593/3593/3593  1638/1638/1638  3591/3591/3591
f 3589/3589/3589  1640/1640/1640  1642/1642/1642
f 3591/3591/3591  1640/1640/1640  3589/3589/3589
f 3587/3587/3587  1642/1642/1642  1644/1644/1644
f 3589/3589/3589  1642/1642/1642  3587/3587/3587
f 3585/3585/3585  1644/1644/1644  1646/1646/1646
f 3587/3587/3587  1644/1644/1644  3585/3585/3585
f 3583/3583/3583  1646/1646/1646  1648/1648/1648
f 3585/3585/3585  1646/1646/1646  3583/3583/3583
f 3581/3581/3581  1648/1648/1648  1650/1650/1650
f 3583/3583/3583  1648/1648/1648  3581/3581/3581
f 3575/3575/3575  1651/1651/1651  1653/1653/1653
f 3579/3579/3579  1651/1651/1651  3575/3575/3575
f 3581/3581/3581  1650/1650/1650  3578/3578/3578
f 1688/1688/1688  1655/1655/1655  1652/1652/1652
f 3572/3572/3572  1654/1654/1654  1656/1656/1656
f 1691/1691/1691  1688/1688/1688  1652/1652/1652
f 1694/1694/1694  1691/1691/1691  1652/1652/1652
f 1697/1697/1697  1694/1694/1694  1652/1652/1652
f 3576/3576/3576  1654/1654/1654  3572/3572/3572
f 1683/1683/1683  1658/1658/1658  1655/1655/1655
f 3569/3569/3569  1657/1657/1657  1659/1659/1659
f 1685/1685/1685  1683/1683/1683  1655/1655/1655
f 1688/1688/1688  1685/1685/1685  1655/1655/1655
f 3573/3573/3573  1657/1657/1657  3569/3569/3569
f 1681/1681/1681  1661/1661/1661  1658/1658/1658
f 3570/3570/3570  1660/1660/1660  1662/1662/1662
f 1683/1683/1683  1681/1681/1681  1658/1658/1658
f 1679/1679/1679  1663/1663/1663  1661/1661/1661
f 3567/3567/3567  1662/1662/1662  1664/1664/1664
f 1681/1681/1681  1679/1679/1679  1661/1661/1661
f 3570/3570/3570  1662/1662/1662  3567/3567/3567
f 3565/3565/3565  1665/1665/1665  1667/1667/1667
f 1672/1672/1672  1669/1669/1669  1663/1663/1663
f 1675/1675/1675  1672/1672/1672  1663/1663/1663
f 1677/1677/1677  1675/1675/1675  1663/1663/1663
f 1679/1679/1679  1677/1677/1677  1663/1663/1663
f 3567/3567/3567  1664/1664/1664  3564/3564/3564
f 3565/3565/3565  1667/1667/1667  3561/3561/3561
f 3671/3671/3671  1670/1670/1670  1673/1673/1673
f 3644/3644/3644  1699/1699/1699  1671/1671/1671
f 3671/3671/3671  3643/3643/3643  1670/1670/1670
f 3672/3672/3672  1674/1674/1674  1676/1676/1676
f 3669/3669/3669  1676/1676/1676  1678/1678/1678
f 3672/3672/3672  1676/1676/1676  3669/3669/3669
f 3667/3667/3667  1678/1678/1678  1680/1680/1680
f 3669/3669/3669  1678/1678/1678  3667/3667/3667
f 3665/3665/3665  1680/1680/1680  1682/1682/1682
f 3667/3667/3667  1680/1680/1680  3665/3665/3665
f 3663/3663/3663  1682/1682/1682  1684/1684/1684
f 3665/3665/3665  1682/1682/1682  3663/3663/3663
f 3661/3661/3661  1684/1684/1684  1686/1686/1686
f 3663/3663/3663  1684/1684/1684  3661/3661/3661
f 3655/3655/3655  1687/1687/1687  1689/1689/1689
f 3659/3659/3659  1687/1687/1687  3655/3655/3655
f 3661/3661/3661  1686/1686/1686  3658/3658/3658
f 3652/3652/3652  1690/1690/1690  1692/1692/1692
f 3656/3656/3656  1690/1690/1690  3652/3652/3652
f 3649/3649/3649  1693/1693/1693  1695/1695/1695
f 3653/3653/3653  1693/1693/1693  3649/3649/3649
f 3646/3646/3646  1696/1696/1696  1698/1698/1698
f 3650/3650/3650  1696/1696/1696  3646/3646/3646
f 3647/3647/3647  1699/1699/1699  3644/3644/3644
f 1706/1706/1706  1703/1703/1703  1700/1700/1700
f 3899/3899/3899  1701/1701/1701  1704/1704/1704
f 1926/1926/1926  1706/1706/1706  1700/1700/1700
f 3677/3677/3677  1927/1927/1927  1702/1702/1702
f 3677/3677/3677  1702/1702/1702  3675/3675/3675
f 3899/3899/3899  3674/3674/3674  1701/1701/1701
f 3896/3896/3896  1705/1705/1705  1707/1707/1707
f 3900/3900/3900  1705/1705/1705  3896/3896/3896
f 1888/1888/1888  1709/1709/1709  1706/1706/1706
f 3893/3893/3893  1708/1708/1708  1710/1710/1710
f 1890/1890/1890  1888/1888/1888  1706/1706/1706
f 1893/1893/1893  1890/1890/1890  1706/1706/1706
f 1706/1706/1706  1900/1900/1900  1898/1898/1898
f 1902/1902/1902  1900/1900/1900  1706/1706/1706
f 1904/1904/1904  1902/1902/1902  1706/1706/1706
f 1906/1906/1906  1904/1904/1904  1706/1706/1706
f 1908/1908/1908  1906/1906/1906  1706/1706/1706
f 1910/1910/1910  1908/1908/1908  1706/1706/1706
f 1912/1912/1912  1910/1910/1910  1706/1706/1706
f 1914/1914/1914  1912/1912/1912  1706/1706/1706
f 1916/1916/1916  1914/1914/1914  1706/1706/1706
f 1918/1918/1918  1916/1916/1916  1706/1706/1706
f 1920/1920/1920  1918/1918/1918  1706/1706/1706
f 1922/1922/1922  1920/1920/1920  1706/1706/1706
f 1924/1924/1924  1922/1922/1922  1706/1706/1706
f 1926/1926/1926  1924/1924/1924  1706/1706/1706
f 3897/3897/3897  1708/1708/1708  3893/3893/3893
f 1886/1886/1886  1712/1712/1712  1709/1709/1709
f 3894/3894/3894  1711/1711/1711  1713/1713/1713
f 1888/1888/1888  1886/1886/1886  1709/1709/1709
f 1886/1886/1886  1714/1714/1714  1712/1712/1712
f 3891/3891/3891  1713/1713/1713  1715/1715/1715
f 3894/3894/3894  1713/1713/1713  3891/3891/3891
f 1880/1880/1880  1716/1716/1716  1714/1714/1714
f 3889/3889/3889  1715/1715/1715  1717/1717/1717
f 1883/1883/1883  1880/1880/1880  1714/1714/1714
f 1886/1886/1886  1883/1883/1883  1714/1714/1714
f 3891/3891/3891  1715/1715/1715  3889/3889/3889
f 1722/1722/1722  1719/1719/1719  1716/1716/1716
f 3883/3883/3883  1718/1718/1718  1720/1720/1720
f 1880/1880/1880  1722/1722/1722  1716/1716/1716
f 3887/3887/3887  1718/1718/1718  3883/3883/3883
f 3889/3889/3889  1717/1717/1717  3886/3886/3886
f 3884/3884/3884  1721/1721/1721  1723/1723/1723
f 1854/1854/1854  1725/1725/1725  1722/1722/1722
f 3881/3881/3881  1724/1724/1724  1726/1726/1726
f 1856/1856/1856  1854/1854/1854  1722/1722/1722
f 1858/1858/1858  1856/1856/1856  1722/1722/1722
f 1860/1860/1860  1858/1858/1858  1722/1722/1722
f 1862/1862/1862  1860/1860/1860  1722/1722/1722
f 1864/1864/1864  1862/1862/1862  1722/1722/1722
f 1866/1866/1866  1864/1864/1864  1722/1722/1722
f 1868/1868/1868  1866/1866/1866  1722/1722/1722
f 1870/1870/1870  1868/1868/1868  1722/1722/1722
f 1872/1872/1872  1870/1870/1870  1722/1722/1722
f 1874/1874/1874  1872/1872/1872  1722/1722/1722
f 1877/1877/1877  1874/1874/1874  1722/1722/1722
f 1880/1880/1880  1877/1877/1877  1722/1722/1722
f 3884/3884/3884  1723/1723/1723  3880/3880/3880
f 1852/1852/1852  1728/1728/1728  1725/1725/1725
f 3878/3878/3878  1727/1727/1727  1729/1729/1729
f 1854/1854/1854  1852/1852/1852  1725/1725/1725
f 3881/3881/3881  1726/1726/1726  3877/3877/3877
f 1848/1848/1848  1730/1730/1730  1728/1728/1728
f 3875/3875/3875  1729/1729/1729  1731/1731/1731
f 1850/1850/1850  1848/1848/1848  1728/1728/1728
f 1852/1852/1852  1850/1850/1850  1728/1728/1728
f 3878/3878/3878  1729/1729/1729  3875/3875/3875
f 1846/1846/1846  1732/1732/1732  1730/1730/1730
f 3873/3873/3873  1731/1731/1731  1733/1733/1733
f 1848/1848/1848  1846/1846/1846  1730/1730/1730
f 3875/3875/3875  1731/1731/1731  3873/3873/3873
f 1842/1842/1842  1734/1734/1734  1732/1732/1732
f 3871/3871/3871  1733/1733/1733  1735/1735/1735
f 1844/1844/1844  1842/1842/1842  1732/1732/1732
f 1846/1846/1846  1844/1844/1844  1732/1732/1732
f 3873/3873/3873  1733/1733/1733  3871/3871/3871
f 1840/1840/1840  1736/1736/1736  1734/1734/1734
f 3869/3869/3869  1735/1735/1735  1737/1737/1737
f 1842/1842/1842  1840/1840/1840  1734/1734/1734
f 3871/3871/3871  1735/1735/1735  3869/3869/3869
f 1837/1837/1837  1738/1738/1738  1736/1736/1736
f 3867/3867/3867  1737/1737/1737  1739/1739/1739
f 1840/1840/1840  1837/1837/1837  1736/1736/1736
f 3869/3869/3869  1737/1737/1737  3867/3867/3867
f 1834/1834/1834  1740/1740/1740  1738/1738/1738
f 3865/3865/3865  1739/1739/1739  1741/1741/1741
f 1837/1837/1837  1834/1834/1834  1738/1738/1738
f 3867/3867/3867  1739/1739/1739  3865/3865/3865
f 1834/1834/1834  1742/1742/1742  1740/1740/1740
f 3863/3863/3863  1741/1741/1741  1743/1743/1743
f 3865/3865/3865  1741/1741/1741  3863/3863/3863
f 1834/1834/1834  1744/1744/1744  1742/1742/1742
f 3861/3861/3861  1743/1743/1743  1745/1745/1745
f 3863/3863/3863  1743/1743/1743  3861/3861/3861
f 1834/1834/1834  1746/1746/1746  1744/1744/1744
f 3859/3859/3859  1745/1745/1745  1747/1747/1747
f 3861/3861/3861  1745/1745/1745  3859/3859/3859
f 1834/1834/1834  1748/1748/1748  1746/1746/1746
f 3857/3857/3857  1747/1747/1747  1749/1749/1749
f 3859/3859/3859  1747/1747/1747  3857/3857/3857
f 1834/1834/1834  1750/1750/1750  1748/1748/1748
f 3855/3855/3855  1749/1749/1749  1751/1751/1751
f 3857/3857/3857  1749/1749/1749  3855/3855/3855
f 1834/1834/1834  1752/1752/1752  1750/1750/1750
f 3853/3853/3853  1751/1751/1751  1753/1753/1753
f 3855/3855/3855  1751/1751/1751  3853/3853/3853
f 1834/1834/1834  1754/1754/1754  1752/1752/1752
f 3851/3851/3851  1753/1753/1753  1755/1755/1755
f 3853/3853/3853  1753/1753/1753  3851/3851/3851
f 1834/1834/1834  1756/1756/1756  1754/1754/1754
f 3849/3849/3849  1755/1755/1755  1757/1757/1757
f 3851/3851/3851  1755/1755/1755  3849/3849/3849
f 1834/1834/1834  1758/1758/1758  1756/1756/1756
f 3847/3847/3847  1757/1757/1757  1759/1759/1759
f 3849/3849/3849  1757/1757/1757  3847/3847/3847
f 1814/1814/1814  1761/1761/1761  1758/1758/1758
f 3841/3841/3841  1760/1760/1760  1762/1762/1762
f 1816/1816/1816  1814/1814/1814  1758/1758/1758
f 1818/1818/1818  1816/1816/1816  1758/1758/1758
f 1820/1820/1820  1818/1818/1818  1758/1758/1758
f 1822/1822/1822  1820/1820/1820  1758/1758/1758
f 1824/1824/1824  1822/1822/1822  1758/1758/1758
f 1826/1826/1826  1824/1824/1824  1758/1758/1758
f 1828/1828/1828  1826/1826/1826  1758/1758/1758
f 1830/1830/1830  1828/1828/1828  1758/1758/1758
f 1832/1832/1832  1830/1830/1830  1758/1758/1758
f 1834/1834/1834  1832/1832/1832  1758/1758/1758
f 3845/3845/3845  1760/1760/1760  3841/3841/3841
f 3847/3847/3847  1759/1759/1759  3844/3844/3844
f 1806/1806/1806  1764/1764/1764  1761/1761/1761
f 3838/3838/3838  1763/1763/1763  1765/1765/1765
f 1809/1809/1809  1806/1806/1806  1761/1761/1761
f 1812/1812/1812  1809/1809/1809  1761/1761/1761
f 1814/1814/1814  1812/1812/1812  1761/1761/1761
f 3842/3842/3842  1763/1763/1763  3838/3838/3838
f 1797/1797/1797  1767/1767/1767  1764/1764/1764
f 3835/3835/3835  1766/1766/1766  1768/1768/1768
f 1800/1800/1800  1797/1797/1797  1764/1764/1764
f 1806/1806/1806  1800/1800/1800  1764/1764/1764
f 3839/3839/3839  1766/1766/1766  3835/3835/3835
f 1797/1797/1797  1770/1770/1770  1767/1767/1767
f 3832/3832/3832  1769/1769/1769  1771/1771/1771
f 3836/3836/3836  1769/1769/1769  3832/3832/3832
f 1789/1789/1789  1773/1773/1773  1770/1770/1770
f 3829/3829/3829  1772/1772/1772  1774/1774/1774
f 1792/1792/1792  1789/1789/1789  1770/1770/1770
f 1795/1795/1795  1792/1792/1792  1770/1770/1770
f 1797/1797/1797  1795/1795/1795  1770/1770/1770
f 3833/3833/3833  1772/1772/1772  3829/3829/3829
f 1776/1776/1776  1773/1773/1773  1789/1789/1789
f 3826/3826/3826  1775/1775/1775  1777/1777/1777
f 1789/1789/1789  1779/1779/1779  1776/1776/1776
f 3830/3830/3830  1775/1775/1775  3826/3826/3826
f 3827/3827/3827  1778/1778/1778  1780/1780/1780
f 1789/1789/1789  1781/1781/1781  1779/1779/1779
f 3824/3824/3824  1780/1780/1780  1782/1782/1782
f 3827/3827/3827  1780/1780/1780  3824/3824/3824
f 1789/1789/1789  1783/1783/1783  1781/1781/1781
f 3822/3822/3822  1782/1782/1782  1784/1784/1784
f 3824/3824/3824  1782/1782/1782  3822/3822/3822
f 1789/1789/1789  1786/1786/1786  1783/1783/1783
f 3816/3816/3816  1785/1785/1785  1787/1787/1787
f 3820/3820/3820  1785/1785/1785  3816/3816/3816
f 3822/3822/3822  1784/1784/1784  3819/3819/3819
f 3813/3813/3813  1788/1788/1788  1790/1790/1790
f 3817/3817/3817  1788/1788/1788  3813/3813/3813
f 3810/3810/3810  1791/1791/1791  1793/1793/1793
f 3814/3814/3814  1791/1791/1791  3810/3810/3810
f 3811/3811/3811  1794/1794/1794  1796/1796/1796
f 3808/3808/3808  1796/1796/1796  1798/1798/1798
f 3811/3811/3811  1796/1796/1796  3808/3808/3808
f 3802/3802/3802  1799/1799/1799  1801/1801/1801
f 3806/3806/3806  1799/1799/1799  3802/3802/3802
f 3808/3808/3808  1798/1798/1798  3805/3805/3805
f 1806/1806/1806  1803/1803/1803  1800/1800/1800
f 3799/3799/3799  1802/1802/1802  1804/1804/1804
f 3803/3803/3803  1802/1802/1802  3799/3799/3799
f 3796/3796/3796  1805/1805/1805  1807/1807/1807
f 3800/3800/3800  1805/1805/1805  3796/3796/3796
f 3793/3793/3793  1808/1808/1808  1810/1810/1810
f 3797/3797/3797  1808/1808/1808  3793/3793/3793
f 3794/3794/3794  1811/1811/1811  1813/1813/1813
f 3791/3791/3791  1813/1813/1813  1815/1815/1815
f 3794/3794/3794  1813/1813/1813  3791/3791/3791
f 3789/3789/3789  1815/1815/1815  1817/1817/1817
f 3791/3791/3791  1815/1815/1815  3789/3789/3789
f 3787/3787/3787  1817/1817/1817  1819/1819/1819
f 3789/3789/3789  1817/1817/1817  3787/3787/3787
f 3785/3785/3785  1819/1819/1819  1821/1821/1821
f 3787/3787/3787  1819/1819/1819  3785/3785/3785
f 3783/3783/3783  1821/1821/1821  1823/1823/1823
f 3785/3785/3785  1821/1821/1821  3783/3783/3783
f 3781/3781/3781  1823/1823/1823  1825/1825/1825
f 3783/3783/3783  1823/1823/1823  3781/3781/3781
f 3779/3779/3779  1825/1825/1825  1827/1827/1827
f 3781/3781/3781  1825/1825/1825  3779/3779/3779
f 3777/3777/3777  1827/1827/1827  1829/1829/1829
f 3779/3779/3779  1827/1827/1827  3777/3777/3777
f 3775/3775/3775  1829/1829/1829  1831/1831/1831
f 3777/3777/3777  1829/1829/1829  3775/3775/3775
f 3773/3773/3773  1831/1831/1831  1833/1833/1833
f 3775/3775/3775  1831/1831/1831  3773/3773/3773
f 3771/3771/3771  1833/1833/1833  1835/1835/1835
f 3773/3773/3773  1833/1833/1833  3771/3771/3771
f 3765/3765/3765  1836/1836/1836  1838/1838/1838
f 3769/3769/3769  1836/1836/1836  3765/3765/3765
f 3771/3771/3771  1835/1835/1835  3768/3768/3768
f 3766/3766/3766  1839/1839/1839  1841/1841/1841
f 3763/3763/3763  1841/1841/1841  1843/1843/1843
f 3766/3766/3766  1841/1841/1841  3763/3763/3763
f 3761/3761/3761  1843/1843/1843  1845/1845/1845
f 3763/3763/3763  1843/1843/1843  3761/3761/3761
f 3759/3759/3759  1845/1845/1845  1847/1847/1847
f 3761/3761/3761  1845/1845/1845  3759/3759/3759
f 3757/3757/3757  1847/1847/1847  1849/1849/1849
f 3759/3759/3759  1847/1847/1847  3757/3757/3757
f 3755/3755/3755  1849/1849/1849  1851/1851/1851
f 3757/3757/3757  1849/1849/1849  3755/3755/3755
f 3753/3753/3753  1851/1851/1851  1853/1853/1853
f 3755/3755/3755  1851/1851/1851  3753/3753/3753
f 3751/3751/3751  1853/1853/1853  1855/1855/1855
f 3753/3753/3753  1853/1853/1853  3751/3751/3751
f 3749/3749/3749  1855/1855/1855  1857/1857/1857
f 3751/3751/3751  1855/1855/1855  3749/3749/3749
f 3747/3747/3747  1857/1857/1857  1859/1859/1859
f 3749/3749/3749  1857/1857/1857  3747/3747/3747
f 3745/3745/3745  1859/1859/1859  1861/1861/1861
f 3747/3747/3747  1859/1859/1859  3745/3745/3745
f 3743/3743/3743  1861/1861/1861  1863/1863/1863
f 3745/3745/3745  1861/1861/1861  3743/3743/3743
f 3741/3741/3741  1863/1863/1863  1865/1865/1865
f 3743/3743/3743  1863/1863/1863  3741/3741/3741
f 3739/3739/3739  1865/1865/1865  1867/1867/1867
f 3741/3741/3741  1865/1865/1865  3739/3739/3739
f 3737/3737/3737  1867/1867/1867  1869/1869/1869
f 3739/3739/3739  1867/1867/1867  3737/3737/3737
f 3735/3735/3735  1869/1869/1869  1871/1871/1871
f 3737/3737/3737  1869/1869/1869  3735/3735/3735
f 3733/3733/3733  1871/1871/1871  1873/1873/1873
f 3735/3735/3735  1871/1871/1871  3733/3733/3733
f 3731/3731/3731  1873/1873/1873  1875/1875/1875
f 3733/3733/3733  1873/1873/1873  3731/3731/3731
f 3725/3725/3725  1876/1876/1876  1878/1878/1878
f 3729/3729/3729  1876/1876/1876  3725/3725/3725
f 3731/3731/3731  1875/1875/1875  3728/3728/3728
f 3722/3722/3722  1879/1879/1879  1881/1881/1881
f 3726/3726/3726  1879/1879/1879  3722/3722/3722
f 3719/3719/3719  1882/1882/1882  1884/1884/1884
f 3723/3723/3723  1882/1882/1882  3719/3719/3719
f 3720/3720/3720  1885/1885/1885  1887/1887/1887
f 3717/3717/3717  1887/1887/1887  1889/1889/1889
f 3720/3720/3720  1887/1887/1887  3717/3717/3717
f 3715/3715/3715  1889/1889/1889  1891/1891/1891
f 3717/3717/3717  1889/1889/1889  3715/3715/3715
f 3713/3713/3713  1892/1892/1892  1894/1894/1894
f 3715/3715/3715  1891/1891/1891  3712/3712/3712
f 1896/1896/1896  1893/1893/1893  1706/1706/1706
f 3710/3710/3710  1895/1895/1895  1897/1897/1897
f 3713/3713/3713  1894/1894/1894  3709/3709/3709
f 1898/1898/1898  1896/1896/1896  1706/1706/1706
f 3707/3707/3707  1897/1897/1897  1899/1899/1899
f 3710/3710/3710  1897/1897/1897  3707/3707/3707
f 3705/3705/3705  1899/1899/1899  1901/1901/1901
f 3707/3707/3707  1899/1899/1899  3705/3705/3705
f 3703/3703/3703  1901/1901/1901  1903/1903/1903
f 3705/3705/3705  1901/1901/1901  3703/3703/3703
f 3701/3701/3701  1903/1903/1903  1905/1905/1905
f 3703/3703/3703  1903/1903/1903  3701/3701/3701
f 3699/3699/3699  1905/1905/1905  1907/1907/1907
f 3701/3701/3701  1905/1905/1905  3699/3699/3699
f 3697/3697/3697  1907/1907/1907  1909/1909/1909
f 3699/3699/3699  1907/1907/1907  3697/3697/3697
f 3695/3695/3695  1909/1909/1909  1911/1911/1911
f 3697/3697/3697  1909/1909/1909  3695/3695/3695
f 3693/3693/3693  1911/1911/1911  1913/1913/1913
f 3695/3695/3695  1911/1911/1911  3693/3693/3693
f 3691/3691/3691  1913/1913/1913  1915/1915/1915
f 3693/3693/3693  1913/1913/1913  3691/3691/3691
f 3689/3689/3689  1915/1915/1915  1917/1917/1917
f 3691/3691/3691  1915/1915/1915  3689/3689/3689
f 3687/3687/3687  1917/1917/1917  1919/1919/1919
f 3689/3689/3689  1917/1917/1917  3687/3687/3687
f 3685/3685/3685  1919/1919/1919  1921/1921/1921
f 3687/3687/3687  1919/1919/1919  3685/3685/3685
f 3683/3683/3683  1921/1921/1921  1923/1923/1923
f 3685/3685/3685  1921/1921/1921  3683/3683/3683
f 3681/3681/3681  1923/1923/1923  1925/1925/1925
f 3683/3683/3683  1923/1923/1923  3681/3681/3681
f 3679/3679/3679  1925/1925/1925  1927/1927/1927
f 3681/3681/3681  1925/1925/1925  3679/3679/3679
f 3679/3679/3679  1927/1927/1927  3677/3677/3677
f 1934/1934/1934  1931/1931/1931  1928/1928/1928
f 3945/3945/3945  1929/1929/1929  1932/1932/1932
f 1971/1971/1971  1934/1934/1934  1928/1928/1928
f 3903/3903/3903  1973/1973/1973  1930/1930/1930
f 3945/3945/3945  3902/3902/3902  1929/1929/1929
f 3942/3942/3942  1933/1933/1933  1935/1935/1935
f 3946/3946/3946  1933/1933/1933  3942/3942/3942
f 1952/1952/1952  1937/1937/1937  1934/1934/1934
f 3939/3939/3939  1936/1936/1936  1938/1938/1938
f 1955/1955/1955  1952/1952/1952  1934/1934/1934
f 1958/1958/1958  1955/1955/1955  1934/1934/1934
f 1960/1960/1960  1958/1958/1958  1934/1934/1934
f 1962/1962/1962  1960/1960/1960  1934/1934/1934
f 1964/1964/1964  1962/1962/1962  1934/1934/1934
f 1966/1966/1966  1964/1964/1964  1934/1934/1934
f 1968/1968/1968  1966/1966/1966  1934/1934/1934
f 1971/1971/1971  1968/1968/1968  1934/1934/1934
f 3943/3943/3943  1936/1936/1936  3939/3939/3939
f 1952/1952/1952  1940/1940/1940  1937/1937/1937
f 3936/3936/3936  1939/1939/1939  1941/1941/1941
f 3940/3940/3940  1939/1939/1939  3936/3936/3936
f 1952/1952/1952  1943/1943/1943  1940/1940/1940
f 3937/3937/3937  1942/1942/1942  1944/1944/1944
f 1952/1952/1952  1946/1946/1946  1943/1943/1943
f 3930/3930/3930  1945/1945/1945  1947/1947/1947
f 3934/3934/3934  1945/1945/1945  3930/3930/3930
f 3937/3937/3937  1944/1944/1944  3933/3933/3933
f 1952/1952/1952  1949/1949/1949  1946/1946/1946
f 3927/3927/3927  1948/1948/1948  1950/1950/1950
f 3931/3931/3931  1948/1948/1948  3927/3927/3927
f 3924/3924/3924  1951/1951/1951  1953/1953/1953
f 3928/3928/3928  1951/1951/1951  3924/3924/3924
f 3921/3921/3921  1954/1954/1954  1956/1956/1956
f 3925/3925/3925  1954/1954/1954  3921/3921/3921
f 3922/3922/3922  1957/1957/1957  1959/1959/1959
f 3919/3919/3919  1959/1959/1959  1961/1961/1961
f 3922/3922/3922  1959/1959/1959  3919/3919/3919
f 3917/3917/3917  1961/1961/1961  1963/1963/1963
f 3919/3919/3919  1961/1961/1961  3917/3917/3917
f 3915/3915/3915  1963/1963/1963  1965/1965/1965
f 3917/3917/3917  1963/1963/1963  3915/3915/3915
f 3913/3913/3913  1965/1965/1965  1967/1967/1967
f 3915/3915/3915  1965/1965/1965  3913/3913/3913
f 3911/3911/3911  1967/1967/1967  1969/1969/1969
f 3913/3913/3913  1967/1967/1967  3911/3911/3911
f 3905/3905/3905  1970/1970/1970  1972/1972/1972
f 3909/3909/3909  1970/1970/1970  3905/3905/3905
f 3911/3911/3911  1969/1969/1969  3908/3908/3908
f 3906/3906/3906  1973/1973/1973  3903/3903/3903
f 2105/2105/2105  1977/1977/1977  1974/1974/1974
f 2030/2030/2030  2027/2027/2027  1974/1974/1974
f 2039/2039/2039  1974/1974/1974  2027/2027/2027
f 2037/2037/2037  2030/2030/2030  1974/1974/1974
f 2105/2105/2105  1974/1974/1974  2039/2039/2039
f 2100/2100/2100  1979/1979/1979  1977/1977/1977
f 2102/2102/2102  2100/2100/2100  1977/1977/1977
f 2105/2105/2105  2102/2102/2102  1977/1977/1977
f 2097/2097/2097  1981/1981/1981  1979/1979/1979
f 2100/2100/2100  2097/2097/2097  1979/1979/1979
f 2093/2093/2093  1984/1984/1984  1981/1981/1981
f 2095/2095/2095  2093/2093/2093  1981/1981/1981
f 2097/2097/2097  2095/2095/2095  1981/1981/1981
f 2090/2090/2090  1986/1986/1986  1984/1984/1984
f 2093/2093/2093  2090/2090/2090  1984/1984/1984
f 2088/2088/2088  1989/1989/1989  1986/1986/1986
f 2090/2090/2090  2088/2088/2088  1986/1986/1986
f 2086/2086/2086  1991/1991/1991  1989/1989/1989
f 2088/2088/2088  2086/2086/2086  1989/1989/1989
f 2083/2083/2083  1993/1993/1993  1991/1991/1991
f 2086/2086/2086  2083/2083/2083  1991/1991/1991
f 2079/2079/2079  1995/1995/1995  1993/1993/1993
f 2081/2081/2081  2079/2079/2079  1993/1993/1993
f 2083/2083/2083  2081/2081/2081  1993/1993/1993
f 2007/2007/2007  1998/1998/1998  1995/1995/1995
f 2076/2076/2076  2007/2007/2007  1995/1995/1995
f 2079/2079/2079  2076/2076/2076  1995/1995/1995
f 2005/2005/2005  2000/2000/2000  1998/1998/1998
f 2007/2007/2007  2005/2005/2005  1998/1998/1998
f 2005/2005/2005  2002/2002/2002  2000/2000/2000
f 2074/2074/2074  2009/2009/2009  2007/2007/2007
f 2076/2076/2076  2074/2074/2074  2007/2007/2007
f 2069/2069/2069  2012/2012/2012  2009/2009/2009
f 2071/2071/2071  2069/2069/2069  2009/2009/2009
f 2074/2074/2074  2071/2071/2071  2009/2009/2009
f 2064/2064/2064  2014/2014/2014  2012/2012/2012
f 2066/2066/2066  2064/2064/2064  2012/2012/2012
f 2069/2069/2069  2066/2066/2066  2012/2012/2012
f 2061/2061/2061  2016/2016/2016  2014/2014/2014
f 2064/2064/2064  2061/2061/2061  2014/2014/2014
f 2056/2056/2056  2018/2018/2018  2016/2016/2016
f 2059/2059/2059  2056/2056/2056  2016/2016/2016
f 2061/2061/2061  2059/2059/2059  2016/2016/2016
f 2054/2054/2054  2021/2021/2021  2018/2018/2018
f 2056/2056/2056  2054/2054/2054  2018/2018/2018
f 2049/2049/2049  2023/2023/2023  2021/2021/2021
f 2051/2051/2051  2049/2049/2049  2021/2021/2021
f 2054/2054/2054  2051/2051/2051  2021/2021/2021
f 2047/2047/2047  2025/2025/2025  2023/2023/2023
f 2049/2049/2049  2047/2047/2047  2023/2023/2023
f 2042/2042/2042  2027/2027/2027  2025/2025/2025
f 2044/2044/2044  2042/2042/2042  2025/2025/2025
f 2047/2047/2047  2044/2044/2044  2025/2025/2025
f 2042/2042/2042  2039/2039/2039  2027/2027/2027
f 2037/2037/2037  2032/2032/2032  2030/2030/2030
f 2037/2037/2037  2034/2034/2034  2032/2032/2032
f 2309/2309/2309  2110/2110/2110  2107/2107/2107
f 2312/2312/2312  2309/2309/2309  2107/2107/2107
f 2309/2309/2309  2113/2113/2113  2110/2110/2110
f 2309/2309/2309  2115/2115/2115  2113/2113/2113
f 2309/2309/2309  2117/2117/2117  2115/2115/2115
f 2309/2309/2309  2119/2119/2119  2117/2117/2117
f 2309/2309/2309  2122/2122/2122  2119/2119/2119
f 2301/2301/2301  2124/2124/2124  2122/2122/2122
f 2304/2304/2304  2301/2301/2301  2122/2122/2122
f 2306/2306/2306  2304/2304/2304  2122/2122/2122
f 2309/2309/2309  2306/2306/2306  2122/2122/2122
f 2130/2130/2130  2127/2127/2127  2124/2124/2124
f 2301/2301/2301  2130/2130/2130  2124/2124/2124
f 2298/2298/2298  2133/2133/2133  2130/2130/2130
f 2301/2301/2301  2298/2298/2298  2130/2130/2130
f 2298/2298/2298  2136/2136/2136  2133/2133/2133
f 2293/2293/2293  2139/2139/2139  2136/2136/2136
f 2296/2296/2296  2293/2293/2293  2136/2136/2136
f 2298/2298/2298  2296/2296/2296  2136/2136/2136
f 2289/2289/2289  2142/2142/2142  2139/2139/2139
f 2291/2291/2291  2289/2289/2289  2139/2139/2139
f 2293/2293/2293  2291/2291/2291  2139/2139/2139
f 2286/2286/2286  2144/2144/2144  2142/2142/2142
f 2289/2289/2289  2286/2286/2286  2142/2142/2142
f 2281/2281/2281  2146/2146/2146  2144/2144/2144
f 2284/2284/2284  2281/2281/2281  2144/2144/2144
f 2286/2286/2286  2284/2284/2284  2144/2144/2144
f 2277/2277/2277  2149/2149/2149  2146/2146/2146
f 2279/2279/2279  2277/2277/2277  2146/2146/2146
f 2281/2281/2281  2279/2279/2279  2146/2146/2146
f 2274/2274/2274  2151/2151/2151  2149/2149/2149
f 2277/2277/2277  2274/2274/2274  2149/2149/2149
f 2267/2267/2267  2153/2153/2153  2151/2151/2151
f 2270/2270/2270  2267/2267/2267  2151/2151/2151
f 2272/2272/2272  2270/2270/2270  2151/2151/2151
f 2274/2274/2274  2272/2272/2272  2151/2151/2151
f 2245/2245/2245  2155/2155/2155  2153/2153/2153
f 2247/2247/2247  2245/2245/2245  2153/2153/2153
f 2250/2250/2250  2247/2247/2247  2153/2153/2153
f 2267/2267/2267  2250/2250/2250  2153/2153/2153
f 2243/2243/2243  2158/2158/2158  2155/2155/2155
f 2245/2245/2245  2243/2243/2243  2155/2155/2155
f 2241/2241/2241  2161/2161/2161  2158/2158/2158
f 2243/2243/2243  2241/2241/2241  2158/2158/2158
f 2231/2231/2231  2164/2164/2164  2161/2161/2161
f 2233/2233/2233  2231/2231/2231  2161/2161/2161
f 2236/2236/2236  2233/2233/2233  2161/2161/2161
f 2238/2238/2238  2236/2236/2236  2161/2161/2161
f 2241/2241/2241  2238/2238/2238  2161/2161/2161
f 2229/2229/2229  2166/2166/2166  2164/2164/2164
f 2231/2231/2231  2229/2229/2229  2164/2164/2164
f 2224/2224/2224  2168/2168/2168  2166/2166/2166
f 2227/2227/2227  2224/2224/2224  2166/2166/2166
f 2229/2229/2229  2227/2227/2227  2166/2166/2166
f 2222/2222/2222  2171/2171/2171  2168/2168/2168
f 2224/2224/2224  2222/2222/2222  2168/2168/2168
f 2215/2215/2215  2173/2173/2173  2171/2171/2171
f 2217/2217/2217  2215/2215/2215  2171/2171/2171
f 2219/2219/2219  2217/2217/2217  2171/2171/2171
f 2222/2222/2222  2219/2219/2219  2171/2171/2171
f 2212/2212/2212  2175/2175/2175  2173/2173/2173
f 2215/2215/2215  2212/2212/2212  2173/2173/2173
f 2190/2190/2190  2178/2178/2178  2175/2175/2175
f 2193/2193/2193  2190/2190/2190  2175/2175/2175
f 2195/2195/2195  2193/2193/2193  2175/2175/2175
f 2198/2198/2198  2195/2195/2195  2175/2175/2175
f 2212/2212/2212  2198/2198/2198  2175/2175/2175
f 2187/2187/2187  2180/2180/2180  2178/2178/2178
f 2190/2190/2190  2187/2187/2187  2178/2178/2178
f 2185/2185/2185  2182/2182/2182  2180/2180/2180
f 2187/2187/2187  2185/2185/2185  2180/2180/2180
f 2204/2204/2204  2201/2201/2201  2198/2198/2198
f 2207/2207/2207  2204/2204/2204  2198/2198/2198
f 2210/2210/2210  2207/2207/2207  2198/2198/2198
f 2212/2212/2212  2210/2210/2210  2198/2198/2198
f 2256/2256/2256  2253/2253/2253  2250/2250/2250
f 2259/2259/2259  2256/2256/2256  2250/2250/2250
f 2262/2262/2262  2259/2259/2259  2250/2250/2250
f 2265/2265/2265  2262/2262/2262  2250/2250/2250
f 2267/2267/2267  2265/2265/2265  2250/2250/2250
f 2468/2468/2468  2318/2318/2318  2315/2315/2315
f 2471/2471/2471  2468/2468/2468  2315/2315/2315
f 2466/2466/2466  2321/2321/2321  2318/2318/2318
f 2468/2468/2468  2466/2466/2466  2318/2318/2318
f 2463/2463/2463  2323/2323/2323  2321/2321/2321
f 2466/2466/2466  2463/2463/2463  2321/2321/2321
f 2457/2457/2457  2326/2326/2326  2323/2323/2323
f 2459/2459/2459  2457/2457/2457  2323/2323/2323
f 2461/2461/2461  2459/2459/2459  2323/2323/2323
f 2463/2463/2463  2461/2461/2461  2323/2323/2323
f 2449/2449/2449  2328/2328/2328  2326/2326/2326
f 2451/2451/2451  2449/2449/2449  2326/2326/2326
f 2453/2453/2453  2451/2451/2451  2326/2326/2326
f 2455/2455/2455  2453/2453/2453  2326/2326/2326
f 2457/2457/2457  2455/2455/2455  2326/2326/2326
f 2433/2433/2433  2331/2331/2331  2328/2328/2328
f 2435/2435/2435  2433/2433/2433  2328/2328/2328
f 2437/2437/2437  2435/2435/2435  2328/2328/2328
f 2439/2439/2439  2437/2437/2437  2328/2328/2328
f 2441/2441/2441  2439/2439/2439  2328/2328/2328
f 2443/2443/2443  2441/2441/2441  2328/2328/2328
f 2445/2445/2445  2443/2443/2443  2328/2328/2328
f 2447/2447/2447  2445/2445/2445  2328/2328/2328
f 2449/2449/2449  2447/2447/2447  2328/2328/2328
f 2423/2423/2423  2333/2333/2333  2331/2331/2331
f 2425/2425/2425  2423/2423/2423  2331/2331/2331
f 2427/2427/2427  2425/2425/2425  2331/2331/2331
f 2429/2429/2429  2427/2427/2427  2331/2331/2331
f 2431/2431/2431  2429/2429/2429  2331/2331/2331
f 2433/2433/2433  2431/2431/2431  2331/2331/2331
f 2350/2350/2350  2335/2335/2335  2333/2333/2333
f 2352/2352/2352  2350/2350/2350  2333/2333/2333
f 2354/2354/2354  2352/2352/2352  2333/2333/2333
f 2357/2357/2357  2354/2354/2354  2333/2333/2333
f 2420/2420/2420  2357/2357/2357  2333/2333/2333
f 2423/2423/2423  2420/2420/2420  2333/2333/2333
f 2347/2347/2347  2337/2337/2337  2335/2335/2335
f 2350/2350/2350  2347/2347/2347  2335/2335/2335
f 2342/2342/2342  2339/2339/2339  2337/2337/2337
f 2344/2344/2344  2342/2342/2342  2337/2337/2337
f 2347/2347/2347  2344/2344/2344  2337/2337/2337
f 2524/2524/2524  2360/2360/2360  2357/2357/2357
f 2420/2420/2420  2417/2417/2417  2357/2357/2357
f 2474/2474/2474  2357/2357/2357  2417/2417/2417
f 2529/2529/2529  2357/2357/2357  2474/2474/2474
f 2527/2527/2527  2524/2524/2524  2357/2357/2357
f 2529/2529/2529  2527/2527/2527  2357/2357/2357
f 2366/2366/2366  2363/2363/2363  2360/2360/2360
f 2524/2524/2524  2366/2366/2366  2360/2360/2360
f 2522/2522/2522  2369/2369/2369  2366/2366/2366
f 2524/2524/2524  2522/2522/2522  2366/2366/2366
f 2519/2519/2519  2372/2372/2372  2369/2369/2369
f 2522/2522/2522  2519/2519/2519  2369/2369/2369
f 2515/2515/2515  2374/2374/2374  2372/2372/2372
f 2517/2517/2517  2515/2515/2515  2372/2372/2372
f 2519/2519/2519  2517/2517/2517  2372/2372/2372
f 2512/2512/2512  2376/2376/2376  2374/2374/2374
f 2515/2515/2515  2512/2512/2512  2374/2374/2374
f 2508/2508/2508  2379/2379/2379  2376/2376/2376
f 2510/2510/2510  2508/2508/2508  2376/2376/2376
f 2512/2512/2512  2510/2510/2510  2376/2376/2376
f 2501/2501/2501  2381/2381/2381  2379/2379/2379
f 2503/2503/2503  2501/2501/2501  2379/2379/2379
f 2505/2505/2505  2503/2503/2503  2379/2379/2379
f 2508/2508/2508  2505/2505/2505  2379/2379/2379
f 2397/2397/2397  2383/2383/2383  2381/2381/2381
f 2498/2498/2498  2397/2397/2397  2381/2381/2381
f 2501/2501/2501  2498/2498/2498  2381/2381/2381
f 2395/2395/2395  2386/2386/2386  2383/2383/2383
f 2397/2397/2397  2395/2395/2395  2383/2383/2383
f 2393/2393/2393  2388/2388/2388  2386/2386/2386
f 2395/2395/2395  2393/2393/2393  2386/2386/2386
f 2393/2393/2393  2390/2390/2390  2388/2388/2388
f 2494/2494/2494  2400/2400/2400  2397/2397/2397
f 2496/2496/2496  2494/2494/2494  2397/2397/2397
f 2498/2498/2498  2496/2496/2496  2397/2397/2397
f 2492/2492/2492  2402/2402/2402  2400/2400/2400
f 2494/2494/2494  2492/2492/2492  2400/2400/2400
f 2489/2489/2489  2404/2404/2404  2402/2402/2402
f 2492/2492/2492  2489/2489/2489  2402/2402/2402
f 2487/2487/2487  2407/2407/2407  2404/2404/2404
f 2489/2489/2489  2487/2487/2487  2404/2404/2404
f 2484/2484/2484  2409/2409/2409  2407/2407/2407
f 2487/2487/2487  2484/2484/2484  2407/2407/2407
f 2482/2482/2482  2412/2412/2412  2409/2409/2409
f 2484/2484/2484  2482/2482/2482  2409/2409/2409
f 2477/2477/2477  2414/2414/2414  2412/2412/2412
f 2480/2480/2480  2477/2477/2477  2412/2412/2412
f 2482/2482/2482  2480/2480/2480  2412/2412/2412
f 2474/2474/2474  2417/2417/2417  2414/2414/2414
f 2477/2477/2477  2474/2474/2474  2414/2414/2414
f 2629/2629/2629  2535/2535/2535  2532/2532/2532
f 2632/2632/2632  2629/2629/2629  2532/2532/2532
f 2629/2629/2629  2537/2537/2537  2535/2535/2535
f 2629/2629/2629  2539/2539/2539  2537/2537/2537
f 2629/2629/2629  2541/2541/2541  2539/2539/2539
f 2629/2629/2629  2543/2543/2543  2541/2541/2541
f 2629/2629/2629  2545/2545/2545  2543/2543/2543
f 2629/2629/2629  2547/2547/2547  2545/2545/2545
f 2629/2629/2629  2549/2549/2549  2547/2547/2547
f 2629/2629/2629  2551/2551/2551  2549/2549/2549
f 2629/2629/2629  2553/2553/2553  2551/2551/2551
f 2629/2629/2629  2555/2555/2555  2553/2553/2553
f 2629/2629/2629  2557/2557/2557  2555/2555/2555
f 2629/2629/2629  2560/2560/2560  2557/2557/2557
f 2629/2629/2629  2563/2563/2563  2560/2560/2560
f 2629/2629/2629  2565/2565/2565  2563/2563/2563
f 2629/2629/2629  2568/2568/2568  2565/2565/2565
f 2623/2623/2623  2570/2570/2570  2568/2568/2568
f 2626/2626/2626  2623/2623/2623  2568/2568/2568
f 2629/2629/2629  2626/2626/2626  2568/2568/2568
f 2620/2620/2620  2573/2573/2573  2570/2570/2570
f 2623/2623/2623  2620/2620/2620  2570/2570/2570
f 2620/2620/2620  2576/2576/2576  2573/2573/2573
f 2617/2617/2617  2579/2579/2579  2576/2576/2576
f 2620/2620/2620  2617/2617/2617  2576/2576/2576
f 2617/2617/2617  2582/2582/2582  2579/2579/2579
f 2612/2612/2612  2585/2585/2585  2582/2582/2582
f 2615/2615/2615  2612/2612/2612  2582/2582/2582
f 2617/2617/2617  2615/2615/2615  2582/2582/2582
f 2608/2608/2608  2588/2588/2588  2585/2585/2585
f 2610/2610/2610  2608/2608/2608  2585/2585/2585
f 2612/2612/2612  2610/2610/2610  2585/2585/2585
f 2604/2604/2604  2590/2590/2590  2588/2588/2588
f 2606/2606/2606  2604/2604/2604  2588/2588/2588
f 2608/2608/2608  2606/2606/2606  2588/2588/2588
f 2601/2601/2601  2592/2592/2592  2590/2590/2590
f 2604/2604/2604  2601/2601/2601  2590/2590/2590
f 2598/2598/2598  2595/2595/2595  2592/2592/2592
f 2601/2601/2601  2598/2598/2598  2592/2592/2592
f 2802/2802/2802  2638/2638/2638  2635/2635/2635
f 2819/2819/2819  2802/2802/2802  2635/2635/2635
f 2802/2802/2802  2640/2640/2640  2638/2638/2638
f 2802/2802/2802  2642/2642/2642  2640/2640/2640
f 2802/2802/2802  2644/2644/2644  2642/2642/2642
f 2802/2802/2802  2646/2646/2646  2644/2644/2644
f 2802/2802/2802  2648/2648/2648  2646/2646/2646
f 2802/2802/2802  2650/2650/2650  2648/2648/2648
f 2802/2802/2802  2652/2652/2652  2650/2650/2650
f 2802/2802/2802  2654/2654/2654  2652/2652/2652
f 2802/2802/2802  2656/2656/2656  2654/2654/2654
f 2802/2802/2802  2658/2658/2658  2656/2656/2656
f 2802/2802/2802  2660/2660/2660  2658/2658/2658
f 2802/2802/2802  2662/2662/2662  2660/2660/2660
f 2802/2802/2802  2664/2664/2664  2662/2662/2662
f 2802/2802/2802  2666/2666/2666  2664/2664/2664
f 2802/2802/2802  2668/2668/2668  2666/2666/2666
f 2802/2802/2802  2670/2670/2670  2668/2668/2668
f 2802/2802/2802  2672/2672/2672  2670/2670/2670
f 2802/2802/2802  2674/2674/2674  2672/2672/2672
f 2802/2802/2802  2676/2676/2676  2674/2674/2674
f 2802/2802/2802  2678/2678/2678  2676/2676/2676
f 2802/2802/2802  2680/2680/2680  2678/2678/2678
f 2802/2802/2802  2682/2682/2682  2680/2680/2680
f 2802/2802/2802  2684/2684/2684  2682/2682/2682
f 2802/2802/2802  2686/2686/2686  2684/2684/2684
f 2802/2802/2802  2688/2688/2688  2686/2686/2686
f 2802/2802/2802  2690/2690/2690  2688/2688/2688
f 2802/2802/2802  2692/2692/2692  2690/2690/2690
f 2802/2802/2802  2694/2694/2694  2692/2692/2692
f 2802/2802/2802  2696/2696/2696  2694/2694/2694
f 2802/2802/2802  2698/2698/2698  2696/2696/2696
f 2802/2802/2802  2700/2700/2700  2698/2698/2698
f 2802/2802/2802  2702/2702/2702  2700/2700/2700
f 2802/2802/2802  2704/2704/2704  2702/2702/2702
f 2802/2802/2802  2706/2706/2706  2704/2704/2704
f 2802/2802/2802  2708/2708/2708  2706/2706/2706
f 2802/2802/2802  2710/2710/2710  2708/2708/2708
f 2802/2802/2802  2712/2712/2712  2710/2710/2710
f 2802/2802/2802  2714/2714/2714  2712/2712/2712
f 2802/2802/2802  2716/2716/2716  2714/2714/2714
f 2802/2802/2802  2718/2718/2718  2716/2716/2716
f 2802/2802/2802  2721/2721/2721  2718/2718/2718
f 2802/2802/2802  2723/2723/2723  2721/2721/2721
f 2802/2802/2802  2725/2725/2725  2723/2723/2723
f 2802/2802/2802  2727/2727/2727  2725/2725/2725
f 2802/2802/2802  2729/2729/2729  2727/2727/2727
f 2802/2802/2802  2731/2731/2731  2729/2729/2729
f 2802/2802/2802  2733/2733/2733  2731/2731/2731
f 2802/2802/2802  2735/2735/2735  2733/2733/2733
f 2802/2802/2802  2737/2737/2737  2735/2735/2735
f 2799/2799/2799  2739/2739/2739  2737/2737/2737
f 2802/2802/2802  2799/2799/2799  2737/2737/2737
f 2799/2799/2799  2741/2741/2741  2739/2739/2739
f 2796/2796/2796  2744/2744/2744  2741/2741/2741
f 2799/2799/2799  2796/2796/2796  2741/2741/2741
f 2750/2750/2750  2747/2747/2747  2744/2744/2744
f 2753/2753/2753  2750/2750/2750  2744/2744/2744
f 2756/2756/2756  2753/2753/2753  2744/2744/2744
f 2759/2759/2759  2756/2756/2756  2744/2744/2744
f 2762/2762/2762  2759/2759/2759  2744/2744/2744
f 2765/2765/2765  2762/2762/2762  2744/2744/2744
f 2768/2768/2768  2765/2765/2765  2744/2744/2744
f 2793/2793/2793  2768/2768/2768  2744/2744/2744
f 2796/2796/2796  2793/2793/2793  2744/2744/2744
f 2790/2790/2790  2771/2771/2771  2768/2768/2768
f 2793/2793/2793  2790/2790/2790  2768/2768/2768
f 2787/2787/2787  2774/2774/2774  2771/2771/2771
f 2790/2790/2790  2787/2787/2787  2771/2771/2771
f 2784/2784/2784  2776/2776/2776  2774/2774/2774
f 2787/2787/2787  2784/2784/2784  2774/2774/2774
f 2784/2784/2784  2778/2778/2778  2776/2776/2776
f 2784/2784/2784  2781/2781/2781  2778/2778/2778
f 2816/2816/2816  2805/2805/2805  2802/2802/2802
f 2819/2819/2819  2816/2816/2816  2802/2802/2802
f 2816/2816/2816  2808/2808/2808  2805/2805/2805
f 2816/2816/2816  2810/2810/2810  2808/2808/2808
f 2816/2816/2816  2813/2813/2813  2810/2810/2810
f 2980/2980/2980  2825/2825/2825  2822/2822/2822
f 2983/2983/2983  2980/2980/2980  2822/2822/2822
f 2980/2980/2980  2828/2828/2828  2825/2825/2825
f 2978/2978/2978  2831/2831/2831  2828/2828/2828
f 2980/2980/2980  2978/2978/2978  2828/2828/2828
f 2975/2975/2975  2833/2833/2833  2831/2831/2831
f 2978/2978/2978  2975/2975/2975  2831/2831/2831
f 2975/2975/2975  2836/2836/2836  2833/2833/2833
f 2973/2973/2973  2838/2838/2838  2836/2836/2836
f 2975/2975/2975  2973/2973/2973  2836/2836/2836
f 2971/2971/2971  2840/2840/2840  2838/2838/2838
f 2973/2973/2973  2971/2971/2971  2838/2838/2838
f 2971/2971/2971  2843/2843/2843  2840/2840/2840
f 2968/2968/2968  2845/2845/2845  2843/2843/2843
f 2971/2971/2971  2968/2968/2968  2843/2843/2843
f 2968/2968/2968  2847/2847/2847  2845/2845/2845
f 2946/2946/2946  2850/2850/2850  2847/2847/2847
f 2949/2949/2949  2946/2946/2946  2847/2847/2847
f 2966/2966/2966  2949/2949/2949  2847/2847/2847
f 2968/2968/2968  2966/2966/2966  2847/2847/2847
f 2946/2946/2946  2852/2852/2852  2850/2850/2850
f 2946/2946/2946  2855/2855/2855  2852/2852/2852
f 2943/2943/2943  2857/2857/2857  2855/2855/2855
f 2946/2946/2946  2943/2943/2943  2855/2855/2855
f 2943/2943/2943  2860/2860/2860  2857/2857/2857
f 2943/2943/2943  2862/2862/2862  2860/2860/2860
f 2943/2943/2943  2865/2865/2865  2862/2862/2862
f 2938/2938/2938  2868/2868/2868  2865/2865/2865
f 2941/2941/2941  2938/2938/2938  2865/2865/2865
f 2943/2943/2943  2941/2941/2941  2865/2865/2865
f 2931/2931/2931  2870/2870/2870  2868/2868/2868
f 2933/2933/2933  2931/2931/2931  2868/2868/2868
f 2936/2936/2936  2933/2933/2933  2868/2868/2868
f 2938/2938/2938  2936/2936/2936  2868/2868/2868
f 2887/2887/2887  2873/2873/2873  2870/2870/2870
f 2928/2928/2928  2887/2887/2887  2870/2870/2870
f 2931/2931/2931  2928/2928/2928  2870/2870/2870
f 2887/2887/2887  2875/2875/2875  2873/2873/2873
f 2885/2885/2885  2878/2878/2878  2875/2875/2875
f 2887/2887/2887  2885/2885/2885  2875/2875/2875
f 2883/2883/2883  2880/2880/2880  2878/2878/2878
f 2885/2885/2885  2883/2883/2883  2878/2878/2878
f 2924/2924/2924  2890/2890/2890  2887/2887/2887
f 2926/2926/2926  2924/2924/2924  2887/2887/2887
f 2928/2928/2928  2926/2926/2926  2887/2887/2887
f 2919/2919/2919  2892/2892/2892  2890/2890/2890
f 2921/2921/2921  2919/2919/2919  2890/2890/2890
f 2924/2924/2924  2921/2921/2921  2890/2890/2890
f 2916/2916/2916  2895/2895/2895  2892/2892/2892
f 2919/2919/2919  2916/2916/2916  2892/2892/2892
f 2916/2916/2916  2897/2897/2897  2895/2895/2895
f 2914/2914/2914  2900/2900/2900  2897/2897/2897
f 2916/2916/2916  2914/2914/2914  2897/2897/2897
f 2911/2911/2911  2902/2902/2902  2900/2900/2900
f 2914/2914/2914  2911/2911/2911  2900/2900/2900
f 2908/2908/2908  2905/2905/2905  2902/2902/2902
f 2911/2911/2911  2908/2908/2908  2902/2902/2902
f 2966/2966/2966  2951/2951/2951  2949/2949/2949
f 2966/2966/2966  2954/2954/2954  2951/2951/2951
f 2964/2964/2964  2956/2956/2956  2954/2954/2954
f 2966/2966/2966  2964/2964/2964  2954/2954/2954
f 2964/2964/2964  2959/2959/2959  2956/2956/2956
f 2964/2964/2964  2961/2961/2961  2959/2959/2959
f 3144/3144/3144  2989/2989/2989  2986/2986/2986
f 3147/3147/3147  3144/3144/3144  2986/2986/2986
f 3144/3144/3144  2992/2992/2992  2989/2989/2989
f 3142/3142/3142  2995/2995/2995  2992/2992/2992
f 3144/3144/3144  3142/3142/3142  2992/2992/2992
f 3139/3139/3139  2997/2997/2997  2995/2995/2995
f 3142/3142/3142  3139/3139/3139  2995/2995/2995
f 3139/3139/3139  3000/3000/3000  2997/2997/2997
f 3137/3137/3137  3002/3002/3002  3000/3000/3000
f 3139/3139/3139  3137/3137/3137  3000/3000/3000
f 3135/3135/3135  3004/3004/3004  3002/3002/3002
f 3137/3137/3137  3135/3135/3135  3002/3002/3002
f 3135/3135/3135  3007/3007/3007  3004/3004/3004
f 3132/3132/3132  3009/3009/3009  3007/3007/3007
f 3135/3135/3135  3132/3132/3132  3007/3007/3007
f 3132/3132/3132  3011/3011/3011  3009/3009/3009
f 3110/3110/3110  3014/3014/3014  3011/3011/3011
f 3113/3113/3113  3110/3110/3110  3011/3011/3011
f 3130/3130/3130  3113/3113/3113  3011/3011/3011
f 3132/3132/3132  3130/3130/3130  3011/3011/3011
f 3110/3110/3110  3016/3016/3016  3014/3014/3014
f 3110/3110/3110  3019/3019/3019  3016/3016/3016
f 3107/3107/3107  3021/3021/3021  3019/3019/3019
f 3110/3110/3110  3107/3107/3107  3019/3019/3019
f 3107/3107/3107  3024/3024/3024  3021/3021/3021
f 3107/3107/3107  3026/3026/3026  3024/3024/3024
f 3107/3107/3107  3029/3029/3029  3026/3026/3026
f 3102/3102/3102  3032/3032/3032  3029/3029/3029
f 3105/3105/3105  3102/3102/3102  3029/3029/3029
f 3107/3107/3107  3105/3105/3105  3029/3029/3029
f 3095/3095/3095  3034/3034/3034  3032/3032/3032
f 3097/3097/3097  3095/3095/3095  3032/3032/3032
f 3100/3100/3100  3097/3097/3097  3032/3032/3032
f 3102/3102/3102  3100/3100/3100  3032/3032/3032
f 3051/3051/3051  3037/3037/3037  3034/3034/3034
f 3092/3092/3092  3051/3051/3051  3034/3034/3034
f 3095/3095/3095  3092/3092/3092  3034/3034/3034
f 3051/3051/3051  3039/3039/3039  3037/3037/3037
f 3049/3049/3049  3042/3042/3042  3039/3039/3039
f 3051/3051/3051  3049/3049/3049  3039/3039/3039
f 3047/3047/3047  3044/3044/3044  3042/3042/3042
f 3049/3049/3049  3047/3047/3047  3042/3042/3042
f 3088/3088/3088  3054/3054/3054  3051/3051/3051
f 3090/3090/3090  3088/3088/3088  3051/3051/3051
f 3092/3092/3092  3090/3090/3090  3051/3051/3051
f 3083/3083/3083  3056/3056/3056  3054/3054/3054
f 3085/3085/3085  3083/3083/3083  3054/3054/3054
f 3088/3088/3088  3085/3085/3085  3054/3054/3054
f 3080/3080/3080  3059/3059/3059  3056/3056/3056
f 3083/3083/3083  3080/3080/3080  3056/3056/3056
f 3080/3080/3080  3061/3061/3061  3059/3059/3059
f 3078/3078/3078  3064/3064/3064  3061/3061/3061
f 3080/3080/3080  3078/3078/3078  3061/3061/3061
f 3075/3075/3075  3066/3066/3066  3064/3064/3064
f 3078/3078/3078  3075/3075/3075  3064/3064/3064
f 3072/3072/3072  3069/3069/3069  3066/3066/3066
f 3075/3075/3075  3072/3072/3072  3066/3066/3066
f 3130/3130/3130  3115/3115/3115  3113/3113/3113
f 3130/3130/3130  3118/3118/3118  3115/3115/3115
f 3128/3128/3128  3120/3120/3120  3118/3118/3118
f 3130/3130/3130  3128/3128/3128  3118/3118/3118
f 3128/3128/3128  3123/3123/3123  3120/3120/3120
f 3128/3128/3128  3125/3125/3125  3123/3123/3123
f 3221/3221/3221  3153/3153/3153  3150/3150/3150
f 3224/3224/3224  3221/3221/3221  3150/3150/3150
f 3226/3226/3226  3224/3224/3224  3150/3150/3150
f 3229/3229/3229  3226/3226/3226  3150/3150/3150
f 3232/3232/3232  3229/3229/3229  3150/3150/3150
f 3259/3259/3259  3156/3156/3156  3153/3153/3153
f 3221/3221/3221  3218/3218/3218  3153/3153/3153
f 3235/3235/3235  3153/3153/3153  3218/3218/3218
f 3263/3263/3263  3153/3153/3153  3235/3235/3235
f 3261/3261/3261  3259/3259/3259  3153/3153/3153
f 3263/3263/3263  3261/3261/3261  3153/3153/3153
f 3255/3255/3255  3159/3159/3159  3156/3156/3156
f 3257/3257/3257  3255/3255/3255  3156/3156/3156
f 3259/3259/3259  3257/3257/3257  3156/3156/3156
f 3253/3253/3253  3161/3161/3161  3159/3159/3159
f 3255/3255/3255  3253/3253/3253  3159/3159/3159
f 3253/3253/3253  3164/3164/3164  3161/3161/3161
f 3247/3247/3247  3167/3167/3167  3164/3164/3164
f 3250/3250/3250  3247/3247/3247  3164/3164/3164
f 3253/3253/3253  3250/3250/3250  3164/3164/3164
f 3212/3212/3212  3170/3170/3170  3167/3167/3167
f 3215/3215/3215  3212/3212/3212  3167/3167/3167
f 3238/3238/3238  3215/3215/3215  3167/3167/3167
f 3247/3247/3247  3238/3238/3238  3167/3167/3167
f 3212/3212/3212  3173/3173/3173  3170/3170/3170
f 3212/3212/3212  3175/3175/3175  3173/3173/3173
f 3212/3212/3212  3177/3177/3177  3175/3175/3175
f 3212/3212/3212  3179/3179/3179  3177/3177/3177
f 3212/3212/3212  3181/3181/3181  3179/3179/3179
f 3212/3212/3212  3183/3183/3183  3181/3181/3181
f 3212/3212/3212  3185/3185/3185  3183/3183/3183
f 3212/3212/3212  3187/3187/3187  3185/3185/3185
f 3209/3209/3209  3189/3189/3189  3187/3187/3187
f 3212/3212/3212  3209/3209/3209  3187/3187/3187
f 3209/3209/3209  3191/3191/3191  3189/3189/3189
f 3209/3209/3209  3194/3194/3194  3191/3191/3191
f 3209/3209/3209  3196/3196/3196  3194/3194/3194
f 3209/3209/3209  3198/3198/3198  3196/3196/3196
f 3209/3209/3209  3200/3200/3200  3198/3198/3198
f 3209/3209/3209  3203/3203/3203  3200/3200/3200
f 3209/3209/3209  3206/3206/3206  3203/3203/3203
f 3235/3235/3235  3218/3218/3218  3215/3215/3215
f 3238/3238/3238  3235/3235/3235  3215/3215/3215
f 3247/3247/3247  3241/3241/3241  3238/3238/3238
f 3247/3247/3247  3244/3244/3244  3241/3241/3241
f 3308/3308/3308  3269/3269/3269  3266/3266/3266
f 3322/3322/3322  3308/3308/3308  3266/3266/3266
f 3325/3325/3325  3322/3322/3322  3266/3266/3266
f 3308/3308/3308  3271/3271/3271  3269/3269/3269
f 3308/3308/3308  3274/3274/3274  3271/3271/3271
f 3308/3308/3308  3277/3277/3277  3274/3274/3274
f 3308/3308/3308  3279/3279/3279  3277/3277/3277
f 3308/3308/3308  3281/3281/3281  3279/3279/3279
f 3305/3305/3305  3283/3283/3283  3281/3281/3281
f 3308/3308/3308  3305/3305/3305  3281/3281/3281
f 3305/3305/3305  3285/3285/3285  3283/3283/3283
f 3305/3305/3305  3288/3288/3288  3285/3285/3285
f 3302/3302/3302  3291/3291/3291  3288/3288/3288
f 3305/3305/3305  3302/3302/3302  3288/3288/3288
f 3297/3297/3297  3294/3294/3294  3291/3291/3291
f 3300/3300/3300  3297/3297/3297  3291/3291/3291
f 3302/3302/3302  3300/3300/3300  3291/3291/3291
f 3322/3322/3322  3311/3311/3311  3308/3308/3308
f 3322/3322/3322  3314/3314/3314  3311/3311/3311
f 3322/3322/3322  3316/3316/3316  3314/3314/3314
f 3322/3322/3322  3319/3319/3319  3316/3316/3316
f 3551/3551/3551  3331/3331/3331  3328/3328/3328
f 3554/3554/3554  3551/3551/3551  3328/3328/3328
f 3551/3551/3551  3334/3334/3334  3331/3331/3331
f 3551/3551/3551  3336/3336/3336  3334/3334/3334
f 3548/3548/3548  3338/3338/3338  3336/3336/3336
f 3551/3551/3551  3548/3548/3548  3336/3336/3336
f 3548/3548/3548  3340/3340/3340  3338/3338/3338
f 3545/3545/3545  3342/3342/3342  3340/3340/3340
f 3548/3548/3548  3545/3545/3545  3340/3340/3340
f 3545/3545/3545  3344/3344/3344  3342/3342/3342
f 3542/3542/3542  3346/3346/3346  3344/3344/3344
f 3545/3545/3545  3542/3542/3542  3344/3344/3344
f 3542/3542/3542  3348/3348/3348  3346/3346/3346
f 3539/3539/3539  3350/3350/3350  3348/3348/3348
f 3542/3542/3542  3539/3539/3539  3348/3348/3348
f 3539/3539/3539  3352/3352/3352  3350/3350/3350
f 3539/3539/3539  3355/3355/3355  3352/3352/3352
f 3539/3539/3539  3357/3357/3357  3355/3355/3355
f 3539/3539/3539  3360/3360/3360  3357/3357/3357
f 3536/3536/3536  3363/3363/3363  3360/3360/3360
f 3539/3539/3539  3536/3536/3536  3360/3360/3360
f 3533/3533/3533  3366/3366/3366  3363/3363/3363
f 3536/3536/3536  3533/3533/3533  3363/3363/3363
f 3533/3533/3533  3369/3369/3369  3366/3366/3366
f 3530/3530/3530  3371/3371/3371  3369/3369/3369
f 3533/3533/3533  3530/3530/3530  3369/3369/3369
f 3521/3521/3521  3374/3374/3374  3371/3371/3371
f 3524/3524/3524  3521/3521/3521  3371/3371/3371
f 3527/3527/3527  3524/3524/3524  3371/3371/3371
f 3530/3530/3530  3527/3527/3527  3371/3371/3371
f 3382/3382/3382  3377/3377/3377  3374/3374/3374
f 3521/3521/3521  3382/3382/3382  3374/3374/3374
f 3382/3382/3382  3379/3379/3379  3377/3377/3377
f 3518/3518/3518  3385/3385/3385  3382/3382/3382
f 3521/3521/3521  3518/3518/3518  3382/3382/3382
f 3518/3518/3518  3388/3388/3388  3385/3385/3385
f 3513/3513/3513  3391/3391/3391  3388/3388/3388
f 3515/3515/3515  3513/3513/3513  3388/3388/3388
f 3518/3518/3518  3515/3515/3515  3388/3388/3388
f 3511/3511/3511  3394/3394/3394  3391/3391/3391
f 3513/3513/3513  3511/3511/3511  3391/3391/3391
f 3511/3511/3511  3396/3396/3396  3394/3394/3394
f 3509/3509/3509  3398/3398/3398  3396/3396/3396
f 3511/3511/3511  3509/3509/3509  3396/3396/3396
f 3509/3509/3509  3400/3400/3400  3398/3398/3398
f 3509/3509/3509  3402/3402/3402  3400/3400/3400
f 3506/3506/3506  3404/3404/3404  3402/3402/3402
f 3509/3509/3509  3506/3506/3506  3402/3402/3402
f 3506/3506/3506  3406/3406/3406  3404/3404/3404
f 3503/3503/3503  3408/3408/3408  3406/3406/3406
f 3506/3506/3506  3503/3503/3503  3406/3406/3406
f 3503/3503/3503  3410/3410/3410  3408/3408/3408
f 3503/3503/3503  3412/3412/3412  3410/3410/3410
f 3503/3503/3503  3414/3414/3414  3412/3412/3412
f 3503/3503/3503  3416/3416/3416  3414/3414/3414
f 3491/3491/3491  3419/3419/3419  3416/3416/3416
f 3493/3493/3493  3491/3491/3491  3416/3416/3416
f 3495/3495/3495  3493/3493/3493  3416/3416/3416
f 3497/3497/3497  3495/3495/3495  3416/3416/3416
f 3499/3499/3499  3497/3497/3497  3416/3416/3416
f 3501/3501/3501  3499/3499/3499  3416/3416/3416
f 3503/3503/3503  3501/3501/3501  3416/3416/3416
f 3425/3425/3425  3422/3422/3422  3419/3419/3419
f 3428/3428/3428  3425/3425/3425  3419/3419/3419
f 3430/3430/3430  3428/3428/3428  3419/3419/3419
f 3481/3481/3481  3430/3430/3430  3419/3419/3419
f 3484/3484/3484  3481/3481/3481  3419/3419/3419
f 3487/3487/3487  3484/3484/3484  3419/3419/3419
f 3489/3489/3489  3487/3487/3487  3419/3419/3419
f 3491/3491/3491  3489/3489/3489  3419/3419/3419
f 3481/3481/3481  3432/3432/3432  3430/3430/3430
f 3481/3481/3481  3434/3434/3434  3432/3432/3432
f 3481/3481/3481  3436/3436/3436  3434/3434/3434
f 3481/3481/3481  3438/3438/3438  3436/3436/3436
f 3481/3481/3481  3440/3440/3440  3438/3438/3438
f 3481/3481/3481  3442/3442/3442  3440/3440/3440
f 3481/3481/3481  3444/3444/3444  3442/3442/3442
f 3481/3481/3481  3446/3446/3446  3444/3444/3444
f 3481/3481/3481  3448/3448/3448  3446/3446/3446
f 3481/3481/3481  3450/3450/3450  3448/3448/3448
f 3481/3481/3481  3452/3452/3452  3450/3450/3450
f 3481/3481/3481  3454/3454/3454  3452/3452/3452
f 3481/3481/3481  3457/3457/3457  3454/3454/3454
f 3481/3481/3481  3460/3460/3460  3457/3457/3457
f 3481/3481/3481  3462/3462/3462  3460/3460/3460
f 3481/3481/3481  3464/3464/3464  3462/3462/3462
f 3478/3478/3478  3466/3466/3466  3464/3464/3464
f 3481/3481/3481  3478/3478/3478  3464/3464/3464
f 3478/3478/3478  3469/3469/3469  3466/3466/3466
f 3475/3475/3475  3472/3472/3472  3469/3469/3469
f 3478/3478/3478  3475/3475/3475  3469/3469/3469
f 3628/3628/3628  3560/3560/3560  3557/3557/3557
f 3631/3631/3631  3628/3628/3628  3557/3557/3557
f 3633/3633/3633  3631/3631/3631  3557/3557/3557
f 3636/3636/3636  3633/3633/3633  3557/3557/3557
f 3639/3639/3639  3636/3636/3636  3557/3557/3557
f 3666/3666/3666  3563/3563/3563  3560/3560/3560
f 3628/3628/3628  3625/3625/3625  3560/3560/3560
f 3642/3642/3642  3560/3560/3560  3625/3625/3625
f 3670/3670/3670  3560/3560/3560  3642/3642/3642
f 3668/3668/3668  3666/3666/3666  3560/3560/3560
f 3670/3670/3670  3668/3668/3668  3560/3560/3560
f 3662/3662/3662  3566/3566/3566  3563/3563/3563
f 3664/3664/3664  3662/3662/3662  3563/3563/3563
f 3666/3666/3666  3664/3664/3664  3563/3563/3563
f 3660/3660/3660  3568/3568/3568  3566/3566/3566
f 3662/3662/3662  3660/3660/3660  3566/3566/3566
f 3660/3660/3660  3571/3571/3571  3568/3568/3568
f 3654/3654/3654  3574/3574/3574  3571/3571/3571
f 3657/3657/3657  3654/3654/3654  3571/3571/3571
f 3660/3660/3660  3657/3657/3657  3571/3571/3571
f 3619/3619/3619  3577/3577/3577  3574/3574/3574
f 3622/3622/3622  3619/3619/3619  3574/3574/3574
f 3645/3645/3645  3622/3622/3622  3574/3574/3574
f 3654/3654/3654  3645/3645/3645  3574/3574/3574
f 3619/3619/3619  3580/3580/3580  3577/3577/3577
f 3619/3619/3619  3582/3582/3582  3580/3580/3580
f 3619/3619/3619  3584/3584/3584  3582/3582/3582
f 3619/3619/3619  3586/3586/3586  3584/3584/3584
f 3619/3619/3619  3588/3588/3588  3586/3586/3586
f 3619/3619/3619  3590/3590/3590  3588/3588/3588
f 3619/3619/3619  3592/3592/3592  3590/3590/3590
f 3619/3619/3619  3594/3594/3594  3592/3592/3592
f 3616/3616/3616  3596/3596/3596  3594/3594/3594
f 3619/3619/3619  3616/3616/3616  3594/3594/3594
f 3616/3616/3616  3598/3598/3598  3596/3596/3596
f 3616/3616/3616  3601/3601/3601  3598/3598/3598
f 3616/3616/3616  3603/3603/3603  3601/3601/3601
f 3616/3616/3616  3605/3605/3605  3603/3603/3603
f 3616/3616/3616  3607/3607/3607  3605/3605/3605
f 3616/3616/3616  3610/3610/3610  3607/3607/3607
f 3616/3616/3616  3613/3613/3613  3610/3610/3610
f 3642/3642/3642  3625/3625/3625  3622/3622/3622
f 3645/3645/3645  3642/3642/3642  3622/3622/3622
f 3654/3654/3654  3648/3648/3648  3645/3645/3645
f 3654/3654/3654  3651/3651/3651  3648/3648/3648
f 3895/3895/3895  3676/3676/3676  3673/3673/3673
f 3898/3898/3898  3895/3895/3895  3673/3673/3673
f 3895/3895/3895  3678/3678/3678  3676/3676/3676
f 3895/3895/3895  3680/3680/3680  3678/3678/3678
f 3895/3895/3895  3682/3682/3682  3680/3680/3680
f 3895/3895/3895  3684/3684/3684  3682/3682/3682
f 3895/3895/3895  3686/3686/3686  3684/3684/3684
f 3895/3895/3895  3688/3688/3688  3686/3686/3686
f 3895/3895/3895  3690/3690/3690  3688/3688/3688
f 3895/3895/3895  3692/3692/3692  3690/3690/3690
f 3895/3895/3895  3694/3694/3694  3692/3692/3692
f 3895/3895/3895  3696/3696/3696  3694/3694/3694
f 3895/3895/3895  3698/3698/3698  3696/3696/3696
f 3895/3895/3895  3700/3700/3700  3698/3698/3698
f 3895/3895/3895  3702/3702/3702  3700/3700/3700
f 3895/3895/3895  3704/3704/3704  3702/3702/3702
f 3895/3895/3895  3706/3706/3706  3704/3704/3704
f 3895/3895/3895  3708/3708/3708  3706/3706/3706
f 3895/3895/3895  3711/3711/3711  3708/3708/3708
f 3895/3895/3895  3714/3714/3714  3711/3711/3711
f 3890/3890/3890  3716/3716/3716  3714/3714/3714
f 3892/3892/3892  3890/3890/3890  3714/3714/3714
f 3895/3895/3895  3892/3892/3892  3714/3714/3714
f 3888/3888/3888  3718/3718/3718  3716/3716/3716
f 3890/3890/3890  3888/3888/3888  3716/3716/3716
f 3885/3885/3885  3721/3721/3721  3718/3718/3718
f 3888/3888/3888  3885/3885/3885  3718/3718/3718
f 3879/3879/3879  3724/3724/3724  3721/3721/3721
f 3882/3882/3882  3879/3879/3879  3721/3721/3721
f 3885/3885/3885  3882/3882/3882  3721/3721/3721
f 3876/3876/3876  3727/3727/3727  3724/3724/3724
f 3879/3879/3879  3876/3876/3876  3724/3724/3724
f 3876/3876/3876  3730/3730/3730  3727/3727/3727
f 3876/3876/3876  3732/3732/3732  3730/3730/3730
f 3876/3876/3876  3734/3734/3734  3732/3732/3732
f 3876/3876/3876  3736/3736/3736  3734/3734/3734
f 3876/3876/3876  3738/3738/3738  3736/3736/3736
f 3876/3876/3876  3740/3740/3740  3738/3738/3738
f 3876/3876/3876  3742/3742/3742  3740/3740/3740
f 3876/3876/3876  3744/3744/3744  3742/3742/3742
f 3876/3876/3876  3746/3746/3746  3744/3744/3744
f 3876/3876/3876  3748/3748/3748  3746/3746/3746
f 3876/3876/3876  3750/3750/3750  3748/3748/3748
f 3874/3874/3874  3752/3752/3752  3750/3750/3750
f 3876/3876/3876  3874/3874/3874  3750/3750/3750
f 3872/3872/3872  3754/3754/3754  3752/3752/3752
f 3874/3874/3874  3872/3872/3872  3752/3752/3752
f 3872/3872/3872  3756/3756/3756  3754/3754/3754
f 3870/3870/3870  3758/3758/3758  3756/3756/3756
f 3872/3872/3872  3870/3870/3870  3756/3756/3756
f 3868/3868/3868  3760/3760/3760  3758/3758/3758
f 3870/3870/3870  3868/3868/3868  3758/3758/3758
f 3868/3868/3868  3762/3762/3762  3760/3760/3760
f 3866/3866/3866  3764/3764/3764  3762/3762/3762
f 3868/3868/3868  3866/3866/3866  3762/3762/3762
f 3843/3843/3843  3767/3767/3767  3764/3764/3764
f 3846/3846/3846  3843/3843/3843  3764/3764/3764
f 3848/3848/3848  3846/3846/3846  3764/3764/3764
f 3850/3850/3850  3848/3848/3848  3764/3764/3764
f 3852/3852/3852  3850/3850/3850  3764/3764/3764
f 3854/3854/3854  3852/3852/3852  3764/3764/3764
f 3856/3856/3856  3854/3854/3854  3764/3764/3764
f 3858/3858/3858  3856/3856/3856  3764/3764/3764
f 3860/3860/3860  3858/3858/3858  3764/3764/3764
f 3862/3862/3862  3860/3860/3860  3764/3764/3764
f 3864/3864/3864  3862/3862/3862  3764/3764/3764
f 3866/3866/3866  3864/3864/3864  3764/3764/3764
f 3840/3840/3840  3770/3770/3770  3767/3767/3767
f 3843/3843/3843  3840/3840/3840  3767/3767/3767
f 3840/3840/3840  3772/3772/3772  3770/3770/3770
f 3840/3840/3840  3774/3774/3774  3772/3772/3772
f 3840/3840/3840  3776/3776/3776  3774/3774/3774
f 3840/3840/3840  3778/3778/3778  3776/3776/3776
f 3840/3840/3840  3780/3780/3780  3778/3778/3778
f 3840/3840/3840  3782/3782/3782  3780/3780/3780
f 3840/3840/3840  3784/3784/3784  3782/3782/3782
f 3840/3840/3840  3786/3786/3786  3784/3784/3784
f 3840/3840/3840  3788/3788/3788  3786/3786/3786
f 3840/3840/3840  3790/3790/3790  3788/3788/3788
f 3795/3795/3795  3792/3792/3792  3790/3790/3790
f 3840/3840/3840  3795/3795/3795  3790/3790/3790
f 3837/3837/3837  3798/3798/3798  3795/3795/3795
f 3840/3840/3840  3837/3837/3837  3795/3795/3795
f 3837/3837/3837  3801/3801/3801  3798/3798/3798
f 3834/3834/3834  3804/3804/3804  3801/3801/3801
f 3837/3837/3837  3834/3834/3834  3801/3801/3801
f 3831/3831/3831  3807/3807/3807  3804/3804/3804
f 3834/3834/3834  3831/3831/3831  3804/3804/3804
f 3828/3828/3828  3809/3809/3809  3807/3807/3807
f 3831/3831/3831  3828/3828/3828  3807/3807/3807
f 3828/3828/3828  3812/3812/3812  3809/3809/3809
f 3818/3818/3818  3815/3815/3815  3812/3812/3812
f 3821/3821/3821  3818/3818/3818  3812/3812/3812
f 3823/3823/3823  3821/3821/3821  3812/3812/3812
f 3825/3825/3825  3823/3823/3823  3812/3812/3812
f 3828/3828/3828  3825/3825/3825  3812/3812/3812
f 3941/3941/3941  3904/3904/3904  3901/3901/3901
f 3944/3944/3944  3941/3941/3941  3901/3901/3901
f 3941/3941/3941  3907/3907/3907  3904/3904/3904
f 3941/3941/3941  3910/3910/3910  3907/3907/3907
f 3941/3941/3941  3912/3912/3912  3910/3910/3910
f 3938/3938/3938  3914/3914/3914  3912/3912/3912
f 3941/3941/3941  3938/3938/3938  3912/3912/3912
f 3938/3938/3938  3916/3916/3916  3914/3914/3914
f 3938/3938/3938  3918/3918/3918  3916/3916/3916
f 3938/3938/3938  3920/3920/3920  3918/3918/3918
f 3938/3938/3938  3923/3923/3923  3920/3920/3920
f 3929/3929/3929  3926/3926/3926  3923/3923/3923
f 3932/3932/3932  3929/3929/3929  3923/3923/3923
f 3935/3935/3935  3932/3932/3932  3923/3923/3923
f 3938/3938/3938  3935/3935/3935  3923/3923/3923
